年月,類型代號,基金統編,基金名稱,類型,計價幣別,單位淨值(台幣)
200709,AA1,00965469,國際第一基金,,TWD,16.7
200709,AA1,01050148,國際國民基金,,TWD,38.88
200709,AA1,17606299,國際金龍基金,,TWD,10.32
200709,AA1,73991751,國際電子基金,,TWD,32.74
200709,AA1,81584996,國際中小基金,,TWD,20.27
200709,AA1,92003790,國際精選二十基金,,TWD,14.11
200709,AA1,99182734,兆豐國際兆豐基金,,TWD,13.28
200709,AA1,00968521,建弘福元基金,,TWD,18.5
200709,AA1,00971096,建弘雙福基金,,TWD,14.73
200709,AA1,01032803,建弘萬得福基金,,TWD,22.07
200709,AA1,15739619,建弘大中華基金,,TWD,27.83
200709,AA1,17154324,建弘價值基金,,TWD,18.85
200709,AA1,19341318,建弘電子基金,,TWD,23.89
200709,AA1,20092528,建弘店頭市場基金,,TWD,10.12
200709,AA1,48929409,建弘台灣成長基金,,TWD,10.63
200709,AA1,73989002,建弘小型精選基金,,TWD,36.71
200709,AA1,97980043,建弘福王基金,,TWD,28.21
200709,AA1,00989005,匯豐匯豐基金,,TWD,181.9
200709,AA1,01031298,匯豐龍鳳基金,,TWD,39.81
200709,AA1,01047806,匯豐台灣基金,,TWD,476.77
200709,AA1,01050013,匯豐成長基金,,TWD,28.28
200709,AA1,73987671,匯豐台灣精典基金,,TWD,17.05
200709,AA1,76941376,匯豐成功基金,,TWD,26.24
200709,AA1,92017794,匯豐龍騰電子基金,,TWD,34.92
200709,AA1,97995664,匯豐中小基金,,TWD,10.38
200709,AA1,01032058,元大多福基金,,TWD,49.8
200709,AA1,17139204,元大新主流基金,,TWD,24.08
200709,AA1,18036281,元大巴菲特基金,,TWD,23.27
200709,AA1,20080023,元大店頭基金,,TWD,11.82
200709,AA1,77537509,元大多元基金,,TWD,14.75
200709,AA1,81584335,元大高科技基金,,TWD,21.32
200709,AA1,83863951,元大經貿基金,,TWD,32.05
200709,AA1,92001765,元大多多基金,,TWD,25.92
200709,AA1,92026219,元大卓越基金,,TWD,57.09
200709,AA1,15588302,景順台灣精選成長基金,,TWD,26.81
200709,AA1,17140568,景順主流基金,,TWD,13.71
200709,AA1,73989256,景順台灣科技基金,,TWD,26.66
200709,AA1,92019786,景順潛力基金,,TWD,25.14
200709,AA1,17603899,保誠電通網基金,,TWD,15.29
200709,AA1,81595924,保誠中小型股基金,,TWD,21.98
200709,AA1,92003102,保誠高科技基金,,TWD,58.93
200709,AA1,92012572,保誠外銷基金,,TWD,42.8
200709,AA1,97978102,保誠掌櫃基金,,TWD,19.33
200709,AA1,97990696,保誠菁華基金,,TWD,26.1
200709,AA1,01032183,保德信高成長基金,,TWD,82.7
200709,AA1,13528977,保德信台商全方位基金,,TWD,33.69
200709,AA1,17602625,保德信新世紀基金,,TWD,9.96
200709,AA1,20097447,保德信第一基金,,TWD,25.62
200709,AA1,73990649,保德信科技島基金,,TWD,23.84
200709,AA1,83866508,保德信中小型股基金,,TWD,42.09
200709,AA1,92013967,保德信金滿意基金,,TWD,38.55
200709,AA1,97988636,保德信店頭市場基金,,TWD,35.68
200709,AA1,01031699,統一全天候基金,,TWD,59.85
200709,AA1,17605622,統一大滿貫基金,,TWD,17.71
200709,AA1,48934304,統一台灣動力基金,,TWD,10.22
200709,AA1,73990253,統一奔騰基金,,TWD,37
200709,AA1,77537493,統一統信基金,,TWD,35.1
200709,AA1,81581724,統一經建基金,,TWD,24.65
200709,AA1,92002244,統一黑馬基金,,TWD,34.2
200709,AA1,92012762,統一龍馬基金,,TWD,48.87
200709,AA1,97977878,統一店頭市場基金,,TWD,19.6
200709,AA1,00974018,富邦富邦基金,,TWD,13.93
200709,AA1,17148301,富邦台灣心基金,,TWD,14.67
200709,AA1,17153795,富邦價值基金,,TWD,16.58
200709,AA1,17608445,富邦網路基金,,TWD,10.54
200709,AA1,20089755,富邦精銳中小基金,,TWD,9.89
200709,AA1,81585475,富邦高成長基金,,TWD,18.59
200709,AA1,83864683,富邦科技基金,,TWD,25.83
200709,AA1,92002384,富邦精準基金,,TWD,64.62
200709,AA1,92010477,富邦長紅基金,,TWD,51.91
200709,AA1,92010770,富邦台灣鳳凰基金,,TWD,896.39
200709,AA1,97974078,富邦冠軍基金,,TWD,33.9
200709,AA1,00974039,摩根富林明JF台灣基金,,TWD,14.15
200709,AA1,01032162,摩根富林明JF台灣增長基金,,TWD,41.37
200709,AA1,17144945,摩根富林明JF價值成長基金,,TWD,17.81
200709,AA1,73989501,摩根富林明JF中小基金,,TWD,31.46
200709,AA1,92012025,摩根富林明JF新興科技基金,,TWD,46.02
200709,AA1,99354335,摩根富林明JF台灣微型基金,,TWD,21.34
200709,AA1,00973762,華南永昌永昌基金,,TWD,14.07
200709,AA1,17610006,華南永昌新銳星基金,,TWD,10.12
200709,AA1,48929007,華南永昌愛台灣基金,,TWD,10.27
200709,AA1,92016839,華南永昌前瞻科技基金,,TWD,18.46
200709,AA1,00974066,寶來2001基金,,TWD,45.73
200709,AA1,14542287,寶來精準中小基金,,TWD,26.29
200709,AA1,17145070,寶來矽谷基金,,TWD,15.62
200709,AA1,92004566,寶來績效基金,,TWD,40.39
200709,AA1,00974241,新光台灣富貴基金,,TWD,39.8
200709,AA1,13986924,新光大三通基金,,TWD,29.11
200709,AA1,17604341,新光摩天基金,,TWD,9.98
200709,AA1,73998071,新光店頭基金,,TWD,38.75
200709,AA1,81580149,新光國家建設基金,,TWD,35.99
200709,AA1,81585242,新光創新科技基金,,TWD,16.88
200709,AA1,92000533,新光台灣永發基金,,TWD,18.79
200709,AA1,19339782,群益創新科技基金,,TWD,29.47
200709,AA1,20081352,群益店頭市場基金,,TWD,49.14
200709,AA1,48675778,群益奧斯卡基金,,TWD,16.89
200709,AA1,48749899,群益葛萊美基金,,TWD,13.82
200709,AA1,81591434,群益長安基金,,TWD,21.33
200709,AA1,92028997,群益中小型股基金,,TWD,38.05
200709,AA1,97984293,群益馬拉松基金,,TWD,98.11
200709,AA1,18033138,德信數位時代基金,,TWD,15.78
200709,AA1,73988171,德信全方位基金,,TWD,15.38
200709,AA1,97972846,德信大發基金,,TWD,23.82
200709,AA1,17141335,金鼎科技金融基金,,TWD,18.51
200709,AA1,20094672,金鼎寶櫃基金,,TWD,14.46
200709,AA1,73999260,金鼎行動基金,,TWD,20.66
200709,AA1,97982984,金鼎概念型基金,,TWD,27.96
200709,AA1,97997635,金鼎大利基金,,TWD,36.06
200709,AA1,17147078,日盛精選五虎基金,,TWD,22.58
200709,AA1,17607591,日盛高科技基金,,TWD,11.46
200709,AA1,20084317,日盛日盛基金,,TWD,12.87
200709,AA1,73988876,日盛小而美基金,,TWD,16.21
200709,AA1,81584975,日盛上選基金,,TWD,38.53
200709,AA1,94991068,日盛新台商基金,,TWD,31.43
200709,AA1,17607889,友邦網路商務基金,,TWD,8.45
200709,AA1,20094820,友邦巨人基金,,TWD,10.12
200709,AA1,17608487,復華數位經濟基金,,TWD,21.45
200709,AA1,18488279,復華中小精選基金,,TWD,35.03
200709,AA1,21759676,復華全方位基金,,TWD,14.3
200709,AA1,73998086,復華高成長基金,,TWD,31.73
200709,AA1,81587889,復華復華基金,,TWD,9.72
200709,AA1,17602821,台灣工銀2000高科技基金,,TWD,19.91
200709,AA1,48801228,台灣工銀新台灣基金,,TWD,14.5
200709,AA1,73991154,台灣工銀科技基金,,TWD,17.54
200709,AA1,80894446,台灣工銀中國通基金,,TWD,20.28
200709,AA1,81588536,台灣工銀大眾基金,,TWD,28.26
200709,AA1,99352821,台灣工銀精選25基金,,TWD,16.44
200709,AA1,13998344,大華中小基金,,TWD,40.4
200709,AA1,17152509,大華高科技基金,,TWD,19.06
200709,AA1,73992013,大華領航科技基金,,TWD,23.63
200709,AA1,81594690,大華大華基金,,TWD,22.81
200709,AA1,14548769,富鼎寶馬基金,,TWD,17.22
200709,AA1,17141187,富鼎半導體科技基金,,TWD,15.05
200709,AA1,17601891,富鼎大三元基金,,TWD,8.77
200709,AA1,48809501,富鼎台灣優勢基金,,TWD,15.16
200709,AA1,48893417,富鼎台灣活力基金,,TWD,11.09
200709,AA1,17144889,金復華雙響炮基金,,TWD,14.38
200709,AA1,73982057,金復華金復華基金,,TWD,16.05
200709,AA1,18031960,傳山高科技基金,,TWD,14.04
200709,AA1,83863002,傳山永豐基金,,TWD,17.12
200709,AA1,17147915,犇華磐石基金,,TWD,23.32
200709,AA1,18040665,犇華高科技基金,,TWD,31.98
200709,AA1,19330712,犇華寶利基金,,TWD,15.38
200709,AA1,00968493,安泰ING鴻運基金,,TWD,12.2
200709,AA1,00988316,安泰ING台灣運籌基金,,TWD,20.52
200709,AA1,01031564,安泰ING積極成長基金,,TWD,6.71
200709,AA1,17146752,安泰ING成長基金,,TWD,15.25
200709,AA1,17600534,安泰ING高科技基金,,TWD,7.98
200709,AA1,18037937,安泰INGｅ科技基金,,TWD,14.79
200709,AA1,18488469,安泰ING中小基金,,TWD,29.02
200709,AA1,19330754,安泰ING優質基金,,TWD,23.1
200709,AA1,99973878,安泰ING台灣高股息基金,,TWD,16.97
200709,AA1,14693572,聯邦台灣創新基金,,TWD,15.61
200709,AA1,17597236,聯邦精選科技基金,,TWD,8.69
200709,AA1,18496290,聯邦中國龍基金,,TWD,17.13
200709,AA1,17597600,台壽保阿波羅基金,,TWD,13.09
200709,AA1,17604124,德盛台灣大壩基金,,TWD,11.04
200709,AA1,18480065,德盛科技大壩基金,,TWD,19.69
200709,AA1,01031874,國泰小龍基金,,TWD,11.26
200709,AA1,14705562,國泰科技生化基金,,TWD,29.04
200709,AA1,17612497,國泰國泰基金,,TWD,15.84
200709,AA1,18043059,國泰中小成長基金,,TWD,35.34
200709,AA1,19291128,國泰大中華基金,,TWD,24.13
200709,AA1,13984165,富達台灣成長基金,,TWD,23.93
200709,AA1,18030218,富達台灣基金,,TWD,10.95
200709,AA1,14545897,遠東大聯科技基金,,TWD,16.82
200709,AA1,18499732,遠東大聯台灣旗艦基金,,TWD,21.24
200709,AA1,13539952,凱基開創基金,,TWD,24.59
200709,AA1,14541724,凱基創星基金,,TWD,24.6
200709,AA1,48752280,凱基藍海策略基金,,TWD,10.27
200709,AA1,48944204,凱基台灣電利基金,,TWD,10
200709,AA1,14293674,玉山登峰基金,,TWD,10.67
200709,AA1,14694495,華頓台灣基金,,TWD,25.73
200709,AA1,48731589,華頓典範科技基金,,TWD,16.18
200709,AA1,80892778,華頓中小型基金,,TWD,51.95
200709,AA1,15733973,第一富蘭克林第一富基金,,TWD,27.03
200709,AA1,29222213,台新台新基金,,TWD,12.41
200709,AA1,48693065,台新科技基金,,TWD,16.33
200709,AA1,48858663,台新主流基金,,TWD,13.58
200712,AA1,00965469,國際第一基金,,TWD,12.59
200712,AA1,01050148,國際國民基金,,TWD,30.07
200712,AA1,17606299,國際金龍基金,,TWD,8.28
200712,AA1,73991751,國際電子基金,,TWD,26.52
200712,AA1,81584996,國際中小基金,,TWD,15.16
200712,AA1,92003790,國際精選二十基金,,TWD,10.67
200712,AA1,00968521,建弘福元基金,,TWD,15.19
200712,AA1,00971096,建弘雙福基金,,TWD,11.29
200712,AA1,01032803,建弘萬得福基金,,TWD,18.57
200712,AA1,15739619,建弘大中華基金,,TWD,23.36
200712,AA1,17154324,建弘價值基金,,TWD,15.78
200712,AA1,19341318,建弘電子基金,,TWD,20.43
200712,AA1,20092528,建弘店頭市場基金,,TWD,8.34
200712,AA1,48929409,建弘台灣成長基金,,TWD,9.11
200712,AA1,73989002,建弘小型精選基金,,TWD,28.07
200712,AA1,97980043,建弘福王基金,,TWD,21.91
200712,AA1,00989005,匯豐匯豐基金,,TWD,155.2
200712,AA1,01031298,匯豐龍鳳基金,,TWD,34.82
200712,AA1,01047806,匯豐台灣基金,,TWD,414.18
200712,AA1,01050013,匯豐成長基金,,TWD,24.35
200712,AA1,73987671,匯豐台灣精典基金,,TWD,15.34
200712,AA1,76941376,匯豐成功基金,,TWD,22.84
200712,AA1,92017794,匯豐龍騰電子基金,,TWD,28.22
200712,AA1,97995664,匯豐中小基金,,TWD,8.3
200712,AA1,01032058,元大多福基金,,TWD,42.3
200712,AA1,17139204,元大新主流基金,,TWD,19.72
200712,AA1,18036281,元大巴菲特基金,,TWD,19.4
200712,AA1,20080023,元大店頭基金,,TWD,9.16
200712,AA1,77537509,元大多元基金,,TWD,12.05
200712,AA1,81584335,元大高科技基金,,TWD,17.14
200712,AA1,83863951,元大經貿基金,,TWD,26.25
200712,AA1,92001765,元大多多基金,,TWD,20.91
200712,AA1,92026219,元大卓越基金,,TWD,46.33
200712,AA1,15588302,景順台灣精選成長基金,,TWD,22.3
200712,AA1,17140568,景順主流基金,,TWD,11.62
200712,AA1,73989256,景順台灣科技基金,,TWD,22.14
200712,AA1,92019786,景順潛力基金,,TWD,21.8
200712,AA1,17603899,保誠電通網基金,,TWD,12.08
200712,AA1,81595924,保誠中小型股基金,,TWD,17.38
200712,AA1,92003102,保誠高科技基金,,TWD,48.64
200712,AA1,92012572,保誠外銷基金,,TWD,35.75
200712,AA1,97978102,保誠掌櫃基金,,TWD,15.17
200712,AA1,97990696,保誠菁華基金,,TWD,21.5
200712,AA1,01032183,保德信高成長基金,,TWD,69.2
200712,AA1,13528977,保德信台商全方位基金,,TWD,27.89
200712,AA1,17602625,保德信新世紀基金,,TWD,8.66
200712,AA1,20097447,保德信第一基金,,TWD,21.55
200712,AA1,73990649,保德信科技島基金,,TWD,20.27
200712,AA1,83866508,保德信中小型股基金,,TWD,34.14
200712,AA1,92013967,保德信金滿意基金,,TWD,33.66
200712,AA1,97988636,保德信店頭市場基金,,TWD,28.77
200712,AA1,01031699,統一全天候基金,,TWD,46.73
200712,AA1,17605622,統一大滿貫基金,,TWD,15.04
200712,AA1,48934304,統一台灣動力基金,,TWD,9.2
200712,AA1,73990253,統一奔騰基金,,TWD,31.56
200712,AA1,77537493,統一統信基金,,TWD,27.83
200712,AA1,81581724,統一經建基金,,TWD,20.53
200712,AA1,92002244,統一黑馬基金,,TWD,28.32
200712,AA1,92012762,統一龍馬基金,,TWD,39.25
200712,AA1,97977878,統一店頭市場基金,,TWD,15.13
200712,AA1,00974018,富邦富邦基金,,TWD,11.24
200712,AA1,17148301,富邦台灣心基金,,TWD,11.84
200712,AA1,17153795,富邦價值基金,,TWD,15.33
200712,AA1,17608445,富邦網路基金,,TWD,9.28
200712,AA1,20089755,富邦精銳中小基金,,TWD,7.66
200712,AA1,81585475,富邦高成長基金,,TWD,14.9
200712,AA1,83864683,富邦科技基金,,TWD,23.12
200712,AA1,92002384,富邦精準基金,,TWD,52.23
200712,AA1,92010477,富邦長紅基金,,TWD,46.05
200712,AA1,92010770,富邦台灣鳳凰基金,,TWD,689.64
200712,AA1,97974078,富邦冠軍基金,,TWD,26.17
200712,AA1,00974039,摩根富林明JF台灣基金,,TWD,12.14
200712,AA1,01032162,摩根富林明JF台灣增長基金,,TWD,35.81
200712,AA1,17144945,摩根富林明JF價值成長基金,,TWD,15.35
200712,AA1,73989501,摩根富林明JF中小基金,,TWD,24.46
200712,AA1,92012025,摩根富林明JF新興科技基金,,TWD,38.99
200712,AA1,99354335,摩根富林明JF台灣微型基金,,TWD,18.21
200712,AA1,00973762,華南永昌永昌基金,,TWD,11.32
200712,AA1,17610006,華南永昌新銳星基金,,TWD,7.52
200712,AA1,48929007,華南永昌愛台灣基金,,TWD,8.93
200712,AA1,92016839,華南永昌前瞻科技基金,,TWD,15.05
200712,AA1,00974066,寶來2001基金,,TWD,38.32
200712,AA1,14542287,寶來精準中小基金,,TWD,21.86
200712,AA1,17145070,寶來矽谷基金,,TWD,12.54
200712,AA1,92004566,寶來績效基金,,TWD,32.34
200712,AA1,00974241,新光台灣富貴基金,,TWD,27.86
200712,AA1,13986924,新光大三通基金,,TWD,23.85
200712,AA1,48961688,新光多重計量基金,,TWD,9.99
200712,AA1,73998071,新光店頭基金,,TWD,30.02
200712,AA1,81580149,新光國家建設基金,,TWD,28.4
200712,AA1,81585242,新光創新科技基金,,TWD,13.69
200712,AA1,92000533,新光台灣永發基金,,TWD,15.25
200712,AA1,19339782,群益創新科技基金,,TWD,22.88
200712,AA1,20081352,群益店頭市場基金,,TWD,41.21
200712,AA1,48675778,群益奧斯卡基金,,TWD,14.28
200712,AA1,48749899,群益葛萊美基金,,TWD,11.7
200712,AA1,81591434,群益長安基金,,TWD,17.44
200712,AA1,92028997,群益中小型股基金,,TWD,30.32
200712,AA1,97984293,群益馬拉松基金,,TWD,78.57
200712,AA1,18033138,德信數位時代基金,,TWD,12.69
200712,AA1,73988171,德信全方位基金,,TWD,12.6
200712,AA1,97972846,德信大發基金,,TWD,18.1
200712,AA1,17141335,金鼎科技金融基金,,TWD,14.74
200712,AA1,20094672,金鼎寶櫃基金,,TWD,11.2
200712,AA1,73999260,金鼎行動基金,,TWD,16.66
200712,AA1,97982984,金鼎概念型基金,,TWD,23.54
200712,AA1,97997635,金鼎大利基金,,TWD,29.19
200712,AA1,17147078,日盛精選五虎基金,,TWD,18.64
200712,AA1,17607591,日盛高科技基金,,TWD,9.71
200712,AA1,20084317,日盛日盛基金,,TWD,10.11
200712,AA1,48948481,日盛首選基金,,TWD,9.22
200712,AA1,73988876,日盛小而美基金,,TWD,13.12
200712,AA1,81584975,日盛上選基金,,TWD,35.61
200712,AA1,94991068,日盛新台商基金,,TWD,26.54
200712,AA1,17607889,友邦網路商務基金,,TWD,7.29
200712,AA1,20094820,友邦巨人基金,,TWD,8.78
200712,AA1,17608487,復華數位經濟基金,,TWD,17.69
200712,AA1,18488279,復華中小精選基金,,TWD,28.68
200712,AA1,21759676,復華全方位基金,,TWD,11.53
200712,AA1,73998086,復華高成長基金,,TWD,26.55
200712,AA1,81587889,復華復華基金,,TWD,8.26
200712,AA1,17602821,台灣工銀2000高科技基金,,TWD,16.22
200712,AA1,48801228,台灣工銀新台灣基金,,TWD,12.82
200712,AA1,73991154,台灣工銀科技基金,,TWD,12.57
200712,AA1,80894446,台灣工銀中國通基金,,TWD,17.15
200712,AA1,81588536,台灣工銀大眾基金,,TWD,23.07
200712,AA1,99352821,台灣工銀精選25基金,,TWD,11.91
200712,AA1,13998344,大華中小基金,,TWD,36.57
200712,AA1,17152509,大華高科技基金,,TWD,16.33
200712,AA1,73992013,大華領航科技基金,,TWD,20.48
200712,AA1,81594690,大華大華基金,,TWD,20.73
200712,AA1,14548769,富鼎寶馬基金,,TWD,13.39
200712,AA1,17141187,富鼎半導體科技基金,,TWD,12.33
200712,AA1,17601891,富鼎大三元基金,,TWD,6.88
200712,AA1,48809501,富鼎台灣優勢基金,,TWD,12.04
200712,AA1,48893417,富鼎台灣活力基金,,TWD,8.35
200712,AA1,17144889,金復華雙響炮基金,,TWD,12.68
200712,AA1,73982057,金復華金復華基金,,TWD,13.6
200712,AA1,18031960,傳山高科技基金,,TWD,10.72
200712,AA1,83863002,傳山永豐基金,,TWD,12.42
200712,AA1,17147915,犇華磐石基金,,TWD,17.8
200712,AA1,18040665,犇華高科技基金,,TWD,26.28
200712,AA1,19330712,犇華寶利基金,,TWD,12.73
200712,AA1,48948047,犇華台灣動力成長基金,,TWD,10
200712,AA1,00968493,安泰ING鴻運基金,,TWD,10.17
200712,AA1,00988316,安泰ING台灣運籌基金,,TWD,17.99
200712,AA1,01031564,安泰ING積極成長基金,,TWD,5.77
200712,AA1,17146752,安泰ING成長基金,,TWD,13.32
200712,AA1,17600534,安泰ING高科技基金,,TWD,6.62
200712,AA1,18037937,安泰INGｅ科技基金,,TWD,12.71
200712,AA1,18488469,安泰ING中小基金,,TWD,22.44
200712,AA1,19330754,安泰ING優質基金,,TWD,19.49
200712,AA1,99973878,安泰ING台灣高股息基金,,TWD,16.45
200712,AA1,14693572,聯邦台灣創新基金,,TWD,12.98
200712,AA1,17597236,聯邦精選科技基金,,TWD,7.29
200712,AA1,18496290,聯邦中國龍基金,,TWD,14.04
200712,AA1,17597600,台壽保阿波羅基金,,TWD,10.31
200712,AA1,17604124,德盛台灣大壩基金,,TWD,9.3
200712,AA1,18480065,德盛科技大壩基金,,TWD,16.45
200712,AA1,01031874,國泰小龍基金,,TWD,10.03
200712,AA1,14705562,國泰科技生化基金,,TWD,25.14
200712,AA1,17612497,國泰國泰基金,,TWD,14.34
200712,AA1,18043059,國泰中小成長基金,,TWD,30.23
200712,AA1,19291128,國泰大中華基金,,TWD,21.1
200712,AA1,48948623,國泰台灣計量基金,,TWD,9.38
200712,AA1,13984165,富達台灣成長基金,,TWD,21.39
200712,AA1,18030218,富達台灣基金,,TWD,9.67
200712,AA1,14545897,遠東大聯科技基金,,TWD,14.56
200712,AA1,18499732,遠東大聯台灣旗艦基金,,TWD,18.28
200712,AA1,13539952,凱基開創基金,,TWD,20.6
200712,AA1,14541724,凱基創星基金,,TWD,19.46
200712,AA1,48752280,凱基藍海策略基金,,TWD,8.85
200712,AA1,48944204,凱基台灣電利基金,,TWD,8.89
200712,AA1,14293674,玉山登峰基金,,TWD,8.34
200712,AA1,48948834,玉山樂活中小基金,,TWD,9.74
200712,AA1,14694495,華頓台灣基金,,TWD,22.75
200712,AA1,48731589,華頓典範科技基金,,TWD,13.78
200712,AA1,48945169,華頓台灣金磚基金,,TWD,9.65
200712,AA1,80892778,華頓中小型基金,,TWD,39.17
200712,AA1,15733973,第一富蘭克林第一富基金,,TWD,23.03
200712,AA1,29222213,台新台新基金,,TWD,9.88
200712,AA1,48693065,台新科技基金,,TWD,13.17
200712,AA1,48858663,台新主流基金,,TWD,11.06
200803,AA1,00965469,國際第一基金,,TWD,10.39
200803,AA1,01050148,國際國民基金,,TWD,26.13
200803,AA1,17606299,國際金龍基金,,TWD,6.83
200803,AA1,73991751,國際電子基金,,TWD,22.25
200803,AA1,81584996,國際中小基金,,TWD,13.83
200803,AA1,92003790,國際精選二十基金,,TWD,9.3
200803,AA1,00968521,建弘福元基金,,TWD,10.95
200803,AA1,00971096,建弘雙福基金,,TWD,8.35
200803,AA1,01032803,建弘萬得福基金,,TWD,18.91
200803,AA1,15739619,建弘大中華基金,,TWD,21.57
200803,AA1,17154324,建弘價值基金,,TWD,14.29
200803,AA1,19341318,建弘電子基金,,TWD,17.32
200803,AA1,20092528,建弘店頭市場基金,,TWD,7.64
200803,AA1,48929409,建弘台灣成長基金,,TWD,8.11
200803,AA1,73989002,建弘小型精選基金,,TWD,25.5
200803,AA1,97980043,建弘福王基金,,TWD,19.07
200803,AA1,00989005,匯豐匯豐基金,,TWD,147.5
200803,AA1,01031298,匯豐龍鳳基金,,TWD,34.9
200803,AA1,01047806,匯豐台灣基金,,TWD,406.67
200803,AA1,01050013,匯豐成長基金,,TWD,23.59
200803,AA1,73987671,匯豐台灣精典基金,,TWD,15.01
200803,AA1,76941376,匯豐成功基金,,TWD,23.14
200803,AA1,92017794,匯豐龍騰電子基金,,TWD,25.2
200803,AA1,97995664,匯豐中小基金,,TWD,7.59
200803,AA1,01032058,元大多福基金,,TWD,36.99
200803,AA1,17139204,元大新主流基金,,TWD,17.3
200803,AA1,18036281,元大巴菲特基金,,TWD,18.59
200803,AA1,20080023,元大店頭基金,,TWD,7.99
200803,AA1,77537509,元大多元基金,,TWD,11.01
200803,AA1,81584335,元大高科技基金,,TWD,15.45
200803,AA1,83863951,元大經貿基金,,TWD,25.45
200803,AA1,92001765,元大多多基金,,TWD,18.4
200803,AA1,92026219,元大卓越基金,,TWD,40.73
200803,AA1,15588302,景順台灣精選成長基金,,TWD,20.43
200803,AA1,17140568,景順主流基金,,TWD,12.08
200803,AA1,73989256,景順台灣科技基金,,TWD,20.34
200803,AA1,92019786,景順潛力基金,,TWD,24.35
200803,AA1,17603899,保誠電通網基金,,TWD,10.37
200803,AA1,81595924,保誠中小型股基金,,TWD,14.96
200803,AA1,92003102,保誠高科技基金,,TWD,41.89
200803,AA1,92012572,保誠外銷基金,,TWD,33.36
200803,AA1,97978102,保誠掌櫃基金,,TWD,13.08
200803,AA1,97990696,保誠菁華基金,,TWD,19.77
200803,AA1,01032183,保德信高成長基金,,TWD,64.75
200803,AA1,13528977,保德信台商全方位基金,,TWD,24.58
200803,AA1,17602625,保德信新世紀基金,,TWD,7.59
200803,AA1,20097447,保德信第一基金,,TWD,18.25
200803,AA1,73990649,保德信科技島基金,,TWD,17.31
200803,AA1,83866508,保德信中小型股基金,,TWD,30.01
200803,AA1,92013967,保德信金滿意基金,,TWD,30.49
200803,AA1,97988636,保德信店頭市場基金,,TWD,25.44
200803,AA1,01031699,統一全天候基金,,TWD,40.1
200803,AA1,17605622,統一大滿貫基金,,TWD,14.38
200803,AA1,48934304,統一台灣動力基金,,TWD,8.55
200803,AA1,73990253,統一奔騰基金,,TWD,28.92
200803,AA1,77537493,統一統信基金,,TWD,24.45
200803,AA1,81581724,統一經建基金,,TWD,20.2
200803,AA1,92002244,統一黑馬基金,,TWD,26.22
200803,AA1,92012762,統一龍馬基金,,TWD,34.73
200803,AA1,97977878,統一店頭市場基金,,TWD,13.43
200803,AA1,00974018,富邦富邦基金,,TWD,10.3
200803,AA1,17148301,富邦台灣心基金,,TWD,11.19
200803,AA1,17153795,富邦價值基金,,TWD,14.71
200803,AA1,17608445,富邦網路基金,,TWD,8.68
200803,AA1,20089755,富邦精銳中小基金,,TWD,6.79
200803,AA1,81585475,富邦高成長基金,,TWD,13.6
200803,AA1,83864683,富邦科技基金,,TWD,21.44
200803,AA1,92002384,富邦精準基金,,TWD,47.47
200803,AA1,92010477,富邦長紅基金,,TWD,42.78
200803,AA1,92010770,富邦台灣鳳凰基金,,TWD,636.55
200803,AA1,97974078,富邦冠軍基金,,TWD,24.21
200803,AA1,00974039,摩根富林明JF台灣基金,,TWD,9.78
200803,AA1,01032162,摩根富林明JF台灣增長基金,,TWD,35.22
200803,AA1,17144945,摩根富林明JF價值成長基金,,TWD,14.66
200803,AA1,73989501,摩根富林明JF中小基金,,TWD,22.61
200803,AA1,92012025,摩根富林明JF新興科技基金,,TWD,34.86
200803,AA1,99354335,摩根富林明JF台灣微型基金,,TWD,18.04
200803,AA1,00973762,華南永昌永昌基金,,TWD,10.7
200803,AA1,17610006,華南永昌新銳星基金,,TWD,6.47
200803,AA1,48929007,華南永昌愛台灣基金,,TWD,9.55
200803,AA1,92016839,華南永昌前瞻科技基金,,TWD,13.12
200803,AA1,00974066,寶來2001基金,,TWD,36.25
200803,AA1,14542287,寶來精準中小基金,,TWD,20.97
200803,AA1,17145070,寶來矽谷基金,,TWD,11.82
200803,AA1,92004566,寶來績效基金,,TWD,29.78
200803,AA1,00974241,新光台灣富貴基金,,TWD,23.91
200803,AA1,13986924,新光大三通基金,,TWD,21.7
200803,AA1,48961688,新光多重計量基金,,TWD,10.06
200803,AA1,73998071,新光店頭基金,,TWD,26.06
200803,AA1,81580149,新光國家建設基金,,TWD,24.95
200803,AA1,81585242,新光創新科技基金,,TWD,11.58
200803,AA1,92000533,新光台灣永發基金,,TWD,16.55
200803,AA1,19339782,群益創新科技基金,,TWD,19.37
200803,AA1,20081352,群益店頭市場基金,,TWD,35.31
200803,AA1,48675778,群益奧斯卡基金,,TWD,13.37
200803,AA1,48749899,群益葛萊美基金,,TWD,10.92
200803,AA1,81591434,群益長安基金,,TWD,16.51
200803,AA1,92028997,群益中小型股基金,,TWD,26.68
200803,AA1,97984293,群益馬拉松基金,,TWD,70.73
200803,AA1,18033138,德信數位時代基金,,TWD,12.36
200803,AA1,73988171,德信全方位基金,,TWD,11.33
200803,AA1,97972846,德信大發基金,,TWD,17.01
200803,AA1,17141335,金鼎科技金融基金,,TWD,14.01
200803,AA1,20094672,金鼎寶櫃基金,,TWD,10.06
200803,AA1,73999260,金鼎行動基金,,TWD,14.88
200803,AA1,97982984,金鼎概念型基金,,TWD,21.11
200803,AA1,97997635,金鼎大利基金,,TWD,26.28
200803,AA1,17147078,日盛精選五虎基金,,TWD,17.84
200803,AA1,17607591,日盛高科技基金,,TWD,8.47
200803,AA1,20084317,日盛日盛基金,,TWD,9.37
200803,AA1,48948481,日盛首選基金,,TWD,8.29
200803,AA1,73988876,日盛小而美基金,,TWD,11.56
200803,AA1,81584975,日盛上選基金,,TWD,33.61
200803,AA1,94991068,日盛新台商基金,,TWD,24.48
200803,AA1,17607889,友邦網路商務基金,,TWD,6.29
200803,AA1,20094820,友邦巨人基金,,TWD,8.64
200803,AA1,48959579,友邦台灣靈活配置股票基金,,TWD,10.17
200803,AA1,17608487,復華數位經濟基金,,TWD,17.21
200803,AA1,18488279,復華中小精選基金,,TWD,28.15
200803,AA1,21759676,復華全方位基金,,TWD,11.65
200803,AA1,73998086,復華高成長基金,,TWD,25.56
200803,AA1,81587889,復華復華基金,,TWD,7.72
200803,AA1,17602821,台灣工銀2000高科技基金,,TWD,14.44
200803,AA1,48801228,台灣工銀新台灣基金,,TWD,13.51
200803,AA1,73991154,台灣工銀科技基金,,TWD,9.97
200803,AA1,80894446,台灣工銀中國通基金,,TWD,18
200803,AA1,81588536,台灣工銀大眾基金,,TWD,19.58
200803,AA1,99352821,台灣工銀精選25基金,,TWD,10.9
200803,AA1,13998344,大華中小基金,,TWD,42.97
200803,AA1,17152509,大華高科技基金,,TWD,14.26
200803,AA1,73992013,大華領航科技基金,,TWD,17.57
200803,AA1,81594690,大華大華基金,,TWD,23.25
200803,AA1,14548769,富鼎寶馬基金,,TWD,12.91
200803,AA1,17141187,富鼎半導體科技基金,,TWD,11.42
200803,AA1,17601891,富鼎大三元基金,,TWD,6.74
200803,AA1,48809501,富鼎台灣優勢基金,,TWD,11.69
200803,AA1,48893417,富鼎台灣活力基金,,TWD,7.87
200803,AA1,17144889,金復華雙響炮基金,,TWD,11.5
200803,AA1,73982057,金復華金復華基金,,TWD,11.84
200803,AA1,18031960,傳山高科技基金,,TWD,9.79
200803,AA1,83863002,傳山永豐基金,,TWD,10.97
200803,AA1,17147915,犇華磐石基金,,TWD,15.72
200803,AA1,18040665,犇華高科技基金,,TWD,22.98
200803,AA1,19330712,犇華寶利基金,,TWD,11.84
200803,AA1,48948047,犇華台灣動力成長基金,,TWD,10.09
200803,AA1,00968493,安泰ING鴻運基金,,TWD,9.81
200803,AA1,00988316,安泰ING台灣運籌基金,,TWD,18.44
200803,AA1,01031564,安泰ING積極成長基金,,TWD,5.62
200803,AA1,17146752,安泰ING成長基金,,TWD,12.95
200803,AA1,17600534,安泰ING高科技基金,,TWD,5.55
200803,AA1,18037937,安泰INGｅ科技基金,,TWD,10.91
200803,AA1,18488469,安泰ING中小基金,,TWD,20.6
200803,AA1,19330754,安泰ING優質基金,,TWD,19.06
200803,AA1,99973878,安泰ING台灣高股息基金,,TWD,16.46
200803,AA1,14693572,聯邦台灣創新基金,,TWD,10.97
200803,AA1,17597236,聯邦精選科技基金,,TWD,6.16
200803,AA1,18496290,聯邦中國龍基金,,TWD,12.3
200803,AA1,17597600,台壽保阿波羅基金,,TWD,9.38
200803,AA1,17604124,德盛台灣大壩基金,,TWD,8.49
200803,AA1,18480065,德盛科技大壩基金,,TWD,13.76
200803,AA1,01031874,國泰小龍基金,,TWD,8.88
200803,AA1,14705562,國泰科技生化基金,,TWD,22.11
200803,AA1,17612497,國泰國泰基金,,TWD,12.79
200803,AA1,18043059,國泰中小成長基金,,TWD,26.79
200803,AA1,19291128,國泰大中華基金,,TWD,18.58
200803,AA1,48948623,國泰台灣計量基金,,TWD,8.71
200803,AA1,13984165,富達台灣成長基金,,TWD,22.97
200803,AA1,14545897,遠東大聯科技基金,,TWD,13.11
200803,AA1,18499732,遠東大聯台灣旗艦基金,,TWD,17.56
200803,AA1,13539952,凱基開創基金,,TWD,19.53
200803,AA1,14541724,凱基創星基金,,TWD,17.71
200803,AA1,48944204,凱基台灣電利基金,,TWD,8.54
200803,AA1,14293674,玉山登峰基金,,TWD,7.32
200803,AA1,48948834,玉山樂活中小基金,,TWD,9.34
200803,AA1,14694495,華頓台灣基金,,TWD,21.64
200803,AA1,48731589,華頓典範科技基金,,TWD,11.73
200803,AA1,48945169,華頓台灣金磚基金,,TWD,9.03
200803,AA1,80892778,華頓中小型基金,,TWD,34.2
200803,AA1,15733973,第一富蘭克林第一富基金,,TWD,21.6
200803,AA1,29222213,台新台新基金,,TWD,9.75
200803,AA1,48693065,台新科技基金,,TWD,9.84
200803,AA1,48858663,台新主流基金,,TWD,9.56
200806,AA1,00965469,國際第一基金,,TWD,9.43
200806,AA1,01050148,國際國民基金,,TWD,23.75
200806,AA1,17606299,國際金龍基金,,TWD,5.94
200806,AA1,73991751,國際電子基金,,TWD,19.25
200806,AA1,81584996,國際中小基金,,TWD,12.64
200806,AA1,92003790,國際精選二十基金,,TWD,8.38
200806,AA1,00968521,建弘福元基金,,TWD,9.05
200806,AA1,00971096,建弘雙福基金,,TWD,7.07
200806,AA1,01032803,建弘萬得福基金,,TWD,15.65
200806,AA1,10300195,建弘金鑽基金,,TWD,8.44
200806,AA1,15739619,建弘大中華基金,,TWD,18.03
200806,AA1,17154324,建弘價值基金,,TWD,11.5
200806,AA1,19341318,建弘電子基金,,TWD,15.33
200806,AA1,20092528,建弘店頭市場基金,,TWD,6.44
200806,AA1,48929409,建弘台灣成長基金,,TWD,6.84
200806,AA1,73989002,建弘小型精選基金,,TWD,22.12
200806,AA1,97980043,建弘福王基金,,TWD,15.98
200806,AA1,00989005,匯豐匯豐基金,,TWD,127.1
200806,AA1,01031298,匯豐龍鳳基金,,TWD,30.03
200806,AA1,01047806,匯豐台灣基金,,TWD,352.87
200806,AA1,01050013,匯豐成長基金,,TWD,19.88
200806,AA1,73987671,匯豐台灣精典基金,,TWD,13.98
200806,AA1,76941376,匯豐成功基金,,TWD,20
200806,AA1,92017794,匯豐龍騰電子基金,,TWD,23.19
200806,AA1,97995664,匯豐中小基金,,TWD,6.96
200806,AA1,01032058,元大多福基金,,TWD,32.07
200806,AA1,17139204,元大新主流基金,,TWD,15.12
200806,AA1,18036281,元大巴菲特基金,,TWD,15.81
200806,AA1,20080023,元大店頭基金,,TWD,6.73
200806,AA1,77537509,元大多元基金,,TWD,9.6
200806,AA1,81584335,元大高科技基金,,TWD,13.35
200806,AA1,83863951,元大經貿基金,,TWD,21.67
200806,AA1,92001765,元大多多基金,,TWD,15.39
200806,AA1,92026219,元大卓越基金,,TWD,34.43
200806,AA1,15588302,景順台灣精選成長基金,,TWD,17.02
200806,AA1,17140568,景順主流基金,,TWD,10.15
200806,AA1,73989256,景順台灣科技基金,,TWD,16.93
200806,AA1,92019786,景順潛力基金,,TWD,20.22
200806,AA1,17603899,保誠電通網基金,,TWD,9.48
200806,AA1,81595924,保誠中小型股基金,,TWD,13.63
200806,AA1,92003102,保誠高科技基金,,TWD,37.8
200806,AA1,92012572,保誠外銷基金,,TWD,29.22
200806,AA1,97978102,保誠掌櫃基金,,TWD,11.44
200806,AA1,97990696,保誠菁華基金,,TWD,17.52
200806,AA1,01032183,保德信高成長基金,,TWD,58.34
200806,AA1,13528977,保德信台商全方位基金,,TWD,22.1
200806,AA1,17602625,保德信新世紀基金,,TWD,6.56
200806,AA1,20097447,保德信第一基金,,TWD,16.57
200806,AA1,73990649,保德信科技島基金,,TWD,15.75
200806,AA1,83866508,保德信中小型股基金,,TWD,27.73
200806,AA1,92013967,保德信金滿意基金,,TWD,26.75
200806,AA1,97988636,保德信店頭市場基金,,TWD,22.75
200806,AA1,01031699,統一全天候基金,,TWD,33.34
200806,AA1,17605622,統一大滿貫基金,,TWD,12.62
200806,AA1,48934304,統一台灣動力基金,,TWD,7.13
200806,AA1,73990253,統一奔騰基金,,TWD,24.58
200806,AA1,77537493,統一統信基金,,TWD,20.94
200806,AA1,81581724,統一經建基金,,TWD,17.61
200806,AA1,92002244,統一黑馬基金,,TWD,22.41
200806,AA1,92012762,統一龍馬基金,,TWD,29.1
200806,AA1,97977878,統一店頭市場基金,,TWD,11.45
200806,AA1,00974018,富邦富邦基金,,TWD,8.13
200806,AA1,17148301,富邦台灣心基金,,TWD,9.45
200806,AA1,17153795,富邦價值基金,,TWD,13.01
200806,AA1,17608445,富邦網路基金,,TWD,7.73
200806,AA1,20089755,富邦精銳中小基金,,TWD,5.9
200806,AA1,81585475,富邦高成長基金,,TWD,11.68
200806,AA1,83864683,富邦科技基金,,TWD,18.98
200806,AA1,92002384,富邦精準基金,,TWD,40.24
200806,AA1,92010477,富邦長紅基金,,TWD,37.89
200806,AA1,92010770,富邦台灣鳳凰基金,,TWD,554.07
200806,AA1,97974078,富邦冠軍基金,,TWD,21.1
200806,AA1,00974039,摩根富林明JF台灣基金,,TWD,8.15
200806,AA1,01032162,摩根富林明JF台灣增長基金,,TWD,29.44
200806,AA1,17144945,摩根富林明JF價值成長基金,,TWD,12.58
200806,AA1,73989501,摩根富林明JF中小基金,,TWD,19.07
200806,AA1,92012025,摩根富林明JF新興科技基金,,TWD,29.68
200806,AA1,99354335,摩根富林明JF台灣微型基金,,TWD,16.61
200806,AA1,00973762,華南永昌永昌基金,,TWD,9.38
200806,AA1,10300929,華南永昌台灣精選基金,,TWD,8.62
200806,AA1,17610006,華南永昌新銳星基金,,TWD,5.19
200806,AA1,48929007,華南永昌愛台灣基金,,TWD,8.17
200806,AA1,92016839,華南永昌前瞻科技基金,,TWD,11.39
200806,AA1,00974066,寶來2001基金,,TWD,33.21
200806,AA1,14542287,寶來精準中小基金,,TWD,18.31
200806,AA1,17145070,寶來矽谷基金,,TWD,10.68
200806,AA1,92004566,寶來績效基金,,TWD,26.32
200806,AA1,00974241,新光台灣富貴基金,,TWD,19.78
200806,AA1,13986924,新光大三通基金,,TWD,17.85
200806,AA1,48961688,新光多重計量基金,,TWD,9.48
200806,AA1,73998071,新光店頭基金,,TWD,20.73
200806,AA1,81580149,新光國家建設基金,,TWD,19.76
200806,AA1,81585242,新光創新科技基金,,TWD,9.59
200806,AA1,92000533,新光台灣永發基金,,TWD,13.54
200806,AA1,19339782,群益創新科技基金,,TWD,17.31
200806,AA1,20081352,群益店頭市場基金,,TWD,30.97
200806,AA1,48675778,群益奧斯卡基金,,TWD,12.19
200806,AA1,48749899,群益葛萊美基金,,TWD,9.79
200806,AA1,81591434,群益長安基金,,TWD,14.07
200806,AA1,92028997,群益中小型股基金,,TWD,23.57
200806,AA1,97984293,群益馬拉松基金,,TWD,62.24
200806,AA1,18033138,德信數位時代基金,,TWD,10.7
200806,AA1,73988171,德信全方位基金,,TWD,10.25
200806,AA1,97972846,德信大發基金,,TWD,15.72
200806,AA1,17141335,金鼎科技金融基金,,TWD,12.03
200806,AA1,20094672,金鼎寶櫃基金,,TWD,8.69
200806,AA1,73999260,金鼎行動基金,,TWD,12.97
200806,AA1,97982984,金鼎概念型基金,,TWD,18.11
200806,AA1,97997635,金鼎大利基金,,TWD,23.35
200806,AA1,17147078,日盛精選五虎基金,,TWD,15.64
200806,AA1,17607591,日盛高科技基金,,TWD,7.73
200806,AA1,20084317,日盛日盛基金,,TWD,8.98
200806,AA1,48948481,日盛首選基金,,TWD,7.7
200806,AA1,73988876,日盛小而美基金,,TWD,10.19
200806,AA1,81584975,日盛上選基金,,TWD,30.55
200806,AA1,94991068,日盛新台商基金,,TWD,21.78
200806,AA1,17607889,友邦網路商務基金,,TWD,5.58
200806,AA1,20094820,友邦巨人基金,,TWD,7.53
200806,AA1,48959579,友邦台灣靈活配置股票基金,,TWD,8.79
200806,AA1,17608487,復華數位經濟基金,,TWD,14.99
200806,AA1,18488279,復華中小精選基金,,TWD,25.52
200806,AA1,21759676,復華全方位基金,,TWD,10.73
200806,AA1,73998086,復華高成長基金,,TWD,22.06
200806,AA1,81587889,復華復華基金,,TWD,6.91
200806,AA1,17602821,台灣工銀2000高科技基金,,TWD,12.98
200806,AA1,48801228,台灣工銀新台灣基金,,TWD,11.44
200806,AA1,73991154,台灣工銀科技基金,,TWD,8.13
200806,AA1,80894446,台灣工銀中國通基金,,TWD,15.62
200806,AA1,81588536,台灣工銀大眾基金,,TWD,17.47
200806,AA1,99352821,台灣工銀精選25基金,,TWD,9.69
200806,AA1,13998344,永豐中小基金,,TWD,39.03
200806,AA1,17152509,永豐高科技基金,,TWD,12.9
200806,AA1,73992013,永豐領航科技基金,,TWD,15.81
200806,AA1,81594690,永豐永豐基金,,TWD,21.83
200806,AA1,14548769,富鼎寶馬基金,,TWD,11.11
200806,AA1,17141187,富鼎半導體科技基金,,TWD,9.83
200806,AA1,17601891,富鼎大三元基金,,TWD,5.66
200806,AA1,48809501,富鼎台灣優勢基金,,TWD,9.83
200806,AA1,48893417,富鼎台灣活力基金,,TWD,6.61
200806,AA1,17144889,金復華雙響炮基金,,TWD,10.16
200806,AA1,73982057,金復華金復華基金,,TWD,10.52
200806,AA1,18031960,傳山高科技基金,,TWD,9.19
200806,AA1,83863002,傳山永豐基金,,TWD,8.85
200806,AA1,17147915,犇華磐石基金,,TWD,12.36
200806,AA1,18040665,犇華高科技基金,,TWD,18.37
200806,AA1,19330712,犇華寶利基金,,TWD,9.43
200806,AA1,48948047,犇華台灣動力成長基金,,TWD,7.8
200806,AA1,00968493,安泰ING鴻運基金,,TWD,8.65
200806,AA1,00988316,安泰ING台灣運籌基金,,TWD,16.07
200806,AA1,01031564,安泰ING積極成長基金,,TWD,5
200806,AA1,17146752,安泰ING成長基金,,TWD,11.55
200806,AA1,17600534,安泰ING高科技基金,,TWD,4.9
200806,AA1,18037937,安泰INGｅ科技基金,,TWD,9.82
200806,AA1,18488469,安泰ING中小基金,,TWD,18.24
200806,AA1,19330754,安泰ING優質基金,,TWD,16.99
200806,AA1,99973878,安泰ING台灣高股息基金,,TWD,14.53
200806,AA1,14693572,聯邦台灣創新基金,,TWD,9.56
200806,AA1,17597236,聯邦精選科技基金,,TWD,5.4
200806,AA1,18496290,聯邦中國龍基金,,TWD,10.82
200806,AA1,17597600,台壽保阿波羅基金,,TWD,8.32
200806,AA1,17604124,德盛台灣大壩基金,,TWD,7.76
200806,AA1,18480065,德盛科技大壩基金,,TWD,12.98
200806,AA1,48997911,德盛安聯台灣智慧趨勢基金,,TWD,8.79
200806,AA1,01031874,國泰小龍基金,,TWD,8.24
200806,AA1,14705562,國泰科技生化基金,,TWD,20.25
200806,AA1,17612497,國泰國泰基金,,TWD,11.95
200806,AA1,18043059,國泰中小成長基金,,TWD,24.71
200806,AA1,19291128,國泰大中華基金,,TWD,17.07
200806,AA1,48948623,國泰台灣計量基金,,TWD,8.42
200806,AA1,13984165,富達台灣成長基金,,TWD,20.34
200806,AA1,14545897,德銀遠東DWS科技基金,,TWD,11.78
200806,AA1,18499732,德銀遠東DWS台灣旗艦基金,,TWD,14.75
200806,AA1,13539952,凱基開創基金,,TWD,16.71
200806,AA1,14541724,凱基創星基金,,TWD,15.05
200806,AA1,48944204,凱基台灣電利基金,,TWD,6.99
200806,AA1,14293674,玉山登峰基金,,TWD,5.99
200806,AA1,48948834,玉山樂活中小基金,,TWD,7.83
200806,AA1,14694495,華頓台灣基金,,TWD,19.22
200806,AA1,48731589,華頓典範科技基金,,TWD,10.46
200806,AA1,48945169,華頓台灣金磚基金,,TWD,7.57
200806,AA1,80892778,華頓中小型基金,,TWD,27.01
200806,AA1,15733973,第一富蘭克林第一富基金,,TWD,18.74
200806,AA1,29222213,台新台新基金,,TWD,7.74
200806,AA1,48693065,台新科技基金,,TWD,8.34
200806,AA1,48858663,台新主流基金,,TWD,8.24
200809,AA1,00965469,國際第一基金,,TWD,8.27
200809,AA1,01050148,國際國民基金,,TWD,19.68
200809,AA1,10341837,兆豐國際豐台灣基金,,TWD,10
200809,AA1,17606299,國際金龍基金,,TWD,5
200809,AA1,73991751,國際電子基金,,TWD,16
200809,AA1,81584996,國際中小基金,,TWD,10.1
200809,AA1,92003790,國際精選二十基金,,TWD,7.49
200809,AA1,00968521,建弘福元基金,,TWD,7.09
200809,AA1,00971096,建弘雙福基金,,TWD,5.57
200809,AA1,01032803,建弘萬得福基金,,TWD,12.81
200809,AA1,10300195,建弘金鑽基金,,TWD,7.01
200809,AA1,15739619,建弘大中華基金,,TWD,13.57
200809,AA1,17154324,建弘價值基金,,TWD,8.13
200809,AA1,19341318,建弘電子基金,,TWD,12.91
200809,AA1,20092528,建弘店頭市場基金,,TWD,5.03
200809,AA1,48929409,建弘台灣成長基金,,TWD,5.49
200809,AA1,73989002,建弘小型精選基金,,TWD,17.81
200809,AA1,97980043,建弘福王基金,,TWD,12.4
200809,AA1,00989005,匯豐匯豐基金,,TWD,105.7
200809,AA1,01031298,匯豐龍鳳基金,,TWD,24.85
200809,AA1,01047806,匯豐台灣基金,,TWD,279.71
200809,AA1,01050013,匯豐成長基金,,TWD,16.42
200809,AA1,73987671,匯豐台灣精典基金,,TWD,11.72
200809,AA1,76941376,匯豐成功基金,,TWD,16.95
200809,AA1,92017794,匯豐龍騰電子基金,,TWD,19.92
200809,AA1,97995664,匯豐中小基金,,TWD,5.72
200809,AA1,01032058,元大多福基金,,TWD,25.74
200809,AA1,17139204,元大新主流基金,,TWD,12.58
200809,AA1,18036281,元大巴菲特基金,,TWD,12.66
200809,AA1,20080023,元大店頭基金,,TWD,5.27
200809,AA1,77537509,元大多元基金,,TWD,7.86
200809,AA1,81584335,元大高科技基金,,TWD,11.04
200809,AA1,83863951,元大經貿基金,,TWD,17.24
200809,AA1,92001765,元大多多基金,,TWD,12.79
200809,AA1,92026219,元大卓越基金,,TWD,27.54
200809,AA1,15588302,景順台灣精選成長基金,,TWD,13.42
200809,AA1,17140568,景順主流基金,,TWD,7.8
200809,AA1,73989256,景順台灣科技基金,,TWD,13.59
200809,AA1,92019786,景順潛力基金,,TWD,14.58
200809,AA1,17603899,保誠電通網基金,,TWD,8.13
200809,AA1,81595924,保誠中小型股基金,,TWD,11.36
200809,AA1,92003102,保誠高科技基金,,TWD,32.21
200809,AA1,92012572,保誠外銷基金,,TWD,23.25
200809,AA1,97978102,保誠掌櫃基金,,TWD,9.43
200809,AA1,97990696,保誠菁華基金,,TWD,14.16
200809,AA1,01032183,保德信高成長基金,,TWD,46.77
200809,AA1,13528977,保德信台商全方位基金,,TWD,18.15
200809,AA1,17602625,保德信新世紀基金,,TWD,5.18
200809,AA1,20097447,保德信第一基金,,TWD,14.04
200809,AA1,73990649,保德信科技島基金,,TWD,12.65
200809,AA1,83866508,保德信中小型股基金,,TWD,22.64
200809,AA1,92013967,保德信金滿意基金,,TWD,21.84
200809,AA1,97988636,保德信店頭市場基金,,TWD,17.82
200809,AA1,01031699,統一全天候基金,,TWD,27.43
200809,AA1,17605622,統一大滿貫基金,,TWD,10.54
200809,AA1,48934304,統一台灣動力基金,,TWD,5.94
200809,AA1,73990253,統一奔騰基金,,TWD,20.5
200809,AA1,77537493,統一統信基金,,TWD,16.54
200809,AA1,81581724,統一經建基金,,TWD,14.37
200809,AA1,92002244,統一黑馬基金,,TWD,18.67
200809,AA1,92012762,統一龍馬基金,,TWD,24.56
200809,AA1,97977878,統一中小基金,,TWD,9.13
200809,AA1,00974018,富邦富邦基金,,TWD,6.87
200809,AA1,17148301,富邦台灣心基金,,TWD,7.43
200809,AA1,17153795,富邦價值基金,,TWD,10.1
200809,AA1,17608445,富邦網路基金,,TWD,6.59
200809,AA1,20089755,富邦精銳中小基金,,TWD,4.74
200809,AA1,81585475,富邦高成長基金,,TWD,9.17
200809,AA1,83864683,富邦科技基金,,TWD,16.04
200809,AA1,92002384,富邦精準基金,,TWD,32.13
200809,AA1,92010477,富邦長紅基金,,TWD,30.09
200809,AA1,92010770,富邦台灣鳳凰基金,,TWD,461.52
200809,AA1,97974078,富邦冠軍基金,,TWD,17.79
200809,AA1,00974039,摩根富林明JF台灣基金,,TWD,6.85
200809,AA1,01032162,摩根富林明JF台灣增長基金,,TWD,24.66
200809,AA1,17144945,摩根富林明JF價值成長基金,,TWD,9.88
200809,AA1,73989501,摩根富林明JF中小基金,,TWD,15.11
200809,AA1,92012025,摩根富林明JF新興科技基金,,TWD,26.85
200809,AA1,99354335,摩根富林明JF台灣微型基金,,TWD,13.18
200809,AA1,00973762,華南永昌永昌基金,,TWD,7.47
200809,AA1,10300929,華南永昌台灣精選基金,,TWD,6.95
200809,AA1,17610006,華南永昌新銳星基金,,TWD,4.27
200809,AA1,48929007,華南永昌愛台灣基金,,TWD,6.39
200809,AA1,92016839,華南永昌前瞻科技基金,,TWD,9.12
200809,AA1,00974066,寶來2001基金,,TWD,31.11
200809,AA1,14542287,寶來精準中小基金,,TWD,15.06
200809,AA1,17145070,寶來矽谷基金,,TWD,9.14
200809,AA1,92004566,寶來績效基金,,TWD,22.32
200809,AA1,00974241,新光台灣富貴基金,,TWD,15.82
200809,AA1,13986924,新光大三通基金,,TWD,14.49
200809,AA1,48961688,新光多重計量基金,,TWD,9.01
200809,AA1,73998071,新光店頭基金,,TWD,14.86
200809,AA1,81580149,新光國家建設基金,,TWD,15.4
200809,AA1,81585242,新光創新科技基金,,TWD,7.89
200809,AA1,92000533,新光台灣永發基金,,TWD,10.04
200809,AA1,19339782,群益創新科技基金,,TWD,14.57
200809,AA1,20081352,群益店頭市場基金,,TWD,25.89
200809,AA1,48675778,群益奧斯卡基金,,TWD,9.79
200809,AA1,48749899,群益葛萊美基金,,TWD,7.82
200809,AA1,81591434,群益長安基金,,TWD,11.58
200809,AA1,92028997,群益中小型股基金,,TWD,19.41
200809,AA1,97984293,群益馬拉松基金,,TWD,51.27
200809,AA1,18033138,德信數位時代基金,,TWD,9
200809,AA1,73988171,德信全方位基金,,TWD,7.98
200809,AA1,97972846,德信大發基金,,TWD,12.18
200809,AA1,20094672,金鼎寶櫃基金,,TWD,7.1
200809,AA1,73999260,金鼎行動基金,,TWD,10.07
200809,AA1,97982984,金鼎概念型基金,,TWD,14.7
200809,AA1,97997635,金鼎大利基金,,TWD,17.46
200809,AA1,17147078,日盛精選五虎基金,,TWD,12.89
200809,AA1,17607591,日盛高科技基金,,TWD,6.54
200809,AA1,20084317,日盛日盛基金,,TWD,7.18
200809,AA1,48948481,日盛首選基金,,TWD,6.29
200809,AA1,73988876,日盛小而美基金,,TWD,8.04
200809,AA1,81584975,日盛上選基金,,TWD,22.63
200809,AA1,94991068,日盛新台商基金,,TWD,18.13
200809,AA1,17607889,友邦網路商務基金,,TWD,4.74
200809,AA1,20094820,友邦巨人基金,,TWD,5.98
200809,AA1,48959579,友邦台灣靈活配置股票基金,,TWD,6.88
200809,AA1,17608487,復華數位經濟基金,,TWD,12.53
200809,AA1,18488279,復華中小精選基金,,TWD,22.58
200809,AA1,21759676,復華全方位基金,,TWD,10.22
200809,AA1,73998086,復華高成長基金,,TWD,18.38
200809,AA1,81587889,復華復華基金,,TWD,5.83
200809,AA1,17602821,台灣工銀2000高科技基金,,TWD,11.06
200809,AA1,48801228,台灣工銀新台灣基金,,TWD,9.53
200809,AA1,73991154,台灣工銀科技基金,,TWD,6.69
200809,AA1,80894446,台灣工銀中國通基金,,TWD,13.46
200809,AA1,81588536,台灣工銀大眾基金,,TWD,14.2
200809,AA1,99352821,台灣工銀精選25基金,,TWD,8.01
200809,AA1,13998344,永豐中小基金,,TWD,29.51
200809,AA1,17152509,永豐高科技基金,,TWD,10.69
200809,AA1,73992013,永豐領航科技基金,,TWD,12.8
200809,AA1,81594690,永豐永豐基金,,TWD,16.73
200809,AA1,14548769,富鼎寶馬基金,,TWD,8.21
200809,AA1,17141187,富鼎半導體科技基金,,TWD,7.77
200809,AA1,17601891,富鼎大三元基金,,TWD,4.29
200809,AA1,48809501,富鼎台灣優勢基金,,TWD,7.5
200809,AA1,48893417,富鼎台灣活力基金,,TWD,4.99
200809,AA1,17144889,金復華雙響炮基金,,TWD,8.79
200809,AA1,73982057,金復華金復華基金,,TWD,8.92
200809,AA1,18031960,傳山高科技基金,,TWD,7.92
200809,AA1,83863002,傳山永豐基金,,TWD,7.27
200809,AA1,17147915,犇華磐石基金,,TWD,9.35
200809,AA1,18040665,犇華高科技基金,,TWD,15.22
200809,AA1,19330712,犇華寶利基金,,TWD,7.83
200809,AA1,48948047,犇華台灣動力成長基金,,TWD,6.24
200809,AA1,00968493,安泰ING鴻運基金,,TWD,6.92
200809,AA1,00988316,安泰ING台灣運籌基金,,TWD,12.23
200809,AA1,01031564,安泰ING積極成長基金,,TWD,3.95
200809,AA1,17146752,安泰ING成長基金,,TWD,9.19
200809,AA1,17600534,安泰ING高科技基金,,TWD,4.16
200809,AA1,18037937,安泰INGｅ科技基金,,TWD,8.42
200809,AA1,18488469,安泰ING中小基金,,TWD,14.63
200809,AA1,19330754,安泰ING優質基金,,TWD,13.45
200809,AA1,99973878,安泰ING台灣高股息基金,,TWD,11.62
200809,AA1,14693572,聯邦台灣創新基金,,TWD,8.41
200809,AA1,17597236,聯邦精選科技基金,,TWD,4.8
200809,AA1,18496290,聯邦中國龍基金,,TWD,9.31
200809,AA1,10341251,台壽保台灣新趨勢基金,,TWD,9.39
200809,AA1,17597600,台壽保阿波羅基金,,TWD,6.58
200809,AA1,17604124,德盛台灣大壩基金,,TWD,6.26
200809,AA1,18480065,德盛科技大壩基金,,TWD,10.83
200809,AA1,48997911,德盛安聯台灣智慧趨勢基金,,TWD,7.13
200809,AA1,01031874,國泰小龍基金,,TWD,7.09
200809,AA1,14705562,國泰科技生化基金,,TWD,17.05
200809,AA1,17612497,國泰國泰基金,,TWD,9.87
200809,AA1,18043059,國泰中小成長基金,,TWD,20.8
200809,AA1,19291128,國泰大中華基金,,TWD,14.12
200809,AA1,48948623,國泰台灣計量基金,,TWD,7.51
200809,AA1,13984165,富達台灣成長基金,,TWD,16.28
200809,AA1,10342250,德銀遠東DWS台灣精選主題,,TWD,9.09
200809,AA1,14545897,德銀遠東DWS科技基金,,TWD,10.42
200809,AA1,18499732,德銀遠東DWS台灣旗艦基金,,TWD,11.72
200809,AA1,13539952,凱基開創基金,,TWD,13.2
200809,AA1,14541724,凱基創星基金,,TWD,11.42
200809,AA1,48944204,凱基台灣電利基金,,TWD,5.66
200809,AA1,14293674,玉山登峰基金,,TWD,4.86
200809,AA1,48948834,玉山樂活中小基金,,TWD,6.45
200809,AA1,14694495,華頓台灣基金,,TWD,15.17
200809,AA1,48731589,華頓典範科技基金,,TWD,8.78
200809,AA1,48945169,華頓台灣金磚基金,,TWD,5.88
200809,AA1,80892778,華頓中小型基金,,TWD,21.17
200809,AA1,10337833,康和比聯台灣紅不讓基金,,TWD,9.4
200809,AA1,15733973,第一富蘭克林第一富基金,,TWD,15.17
200809,AA1,29222213,台新台新基金,,TWD,6.43
200809,AA1,48693065,台新科技基金,,TWD,6.34
200809,AA1,48858663,台新主流基金,,TWD,6.61
200812,AA1,00965469,兆豐國際第一基金,,TWD,7.06
200812,AA1,01050148,兆豐國際國民基金,,TWD,15.47
200812,AA1,10341837,兆豐國際豐台灣基金,,TWD,10.28
200812,AA1,73991751,兆豐國際電子基金,,TWD,12.8
200812,AA1,81584996,兆豐國際中小基金,,TWD,7.65
200812,AA1,92003790,兆豐國際精選二十基金,,TWD,6.39
200812,AA1,00968521,建弘福元基金,,TWD,5.87
200812,AA1,00971096,建弘雙福基金,,TWD,4.33
200812,AA1,01032803,建弘萬得福基金,,TWD,10.69
200812,AA1,10300195,建弘金鑽基金,,TWD,5.71
200812,AA1,15739619,建弘大中華基金,,TWD,11.25
200812,AA1,19341318,建弘電子基金,,TWD,10.21
200812,AA1,20092528,建弘店頭市場基金,,TWD,4.17
200812,AA1,48929409,建弘台灣成長基金,,TWD,4.18
200812,AA1,73989002,建弘小型精選基金,,TWD,13.72
200812,AA1,97980043,建弘福王基金,,TWD,9.3
200812,AA1,00989005,匯豐匯豐基金,,TWD,87.9
200812,AA1,01031298,匯豐龍鳳基金,,TWD,20.74
200812,AA1,01047806,匯豐台灣基金,,TWD,229.42
200812,AA1,01050013,匯豐成長基金,,TWD,13.25
200812,AA1,73987671,匯豐台灣精典基金,,TWD,9.88
200812,AA1,76941376,匯豐成功基金,,TWD,14.22
200812,AA1,92017794,匯豐龍騰電子基金,,TWD,14.84
200812,AA1,97995664,匯豐中小基金,,TWD,4.29
200812,AA1,01032058,元大多福基金,,TWD,24.67
200812,AA1,17139204,元大新主流基金,,TWD,11.76
200812,AA1,18036281,元大巴菲特基金,,TWD,12.27
200812,AA1,20080023,元大店頭基金,,TWD,4.61
200812,AA1,77537509,元大多元基金,,TWD,7.89
200812,AA1,81584335,元大高科技基金,,TWD,9.26
200812,AA1,83863951,元大經貿基金,,TWD,15.99
200812,AA1,92001765,元大多多基金,,TWD,12.18
200812,AA1,92026219,元大卓越基金,,TWD,23.22
200812,AA1,15588302,景順台灣精選成長基金,,TWD,10.97
200812,AA1,17140568,景順主流基金,,TWD,7.13
200812,AA1,73989256,景順台灣科技基金,,TWD,10.86
200812,AA1,92019786,景順潛力基金,,TWD,13.56
200812,AA1,17603899,保誠電通網基金,,TWD,6.18
200812,AA1,81595924,保誠中小型股基金,,TWD,8.57
200812,AA1,92003102,保誠高科技基金,,TWD,24.24
200812,AA1,92012572,保誠外銷基金,,TWD,17.7
200812,AA1,97978102,保誠掌櫃基金,,TWD,7.39
200812,AA1,97990696,保誠菁華基金,,TWD,11.36
200812,AA1,01032183,保德信高成長基金,,TWD,37.16
200812,AA1,13528977,保德信台商全方位基金,,TWD,14.37
200812,AA1,17602625,保德信新世紀基金,,TWD,4.34
200812,AA1,20097447,保德信第一基金,,TWD,10.92
200812,AA1,73990649,保德信科技島基金,,TWD,10.52
200812,AA1,83866508,保德信中小型股基金,,TWD,17.68
200812,AA1,92013967,保德信金滿意基金,,TWD,17.48
200812,AA1,97988636,保德信店頭市場基金,,TWD,14.65
200812,AA1,01031699,統一全天候基金,,TWD,22.13
200812,AA1,17605622,統一大滿貫基金,,TWD,8.15
200812,AA1,48934304,統一台灣動力基金,,TWD,4.48
200812,AA1,73990253,統一奔騰基金,,TWD,15.72
200812,AA1,77537493,統一統信基金,,TWD,11.73
200812,AA1,81581724,統一經建基金,,TWD,11.24
200812,AA1,92002244,統一黑馬基金,,TWD,14.13
200812,AA1,92012762,統一龍馬基金,,TWD,18.36
200812,AA1,97977878,統一中小基金,,TWD,6.72
200812,AA1,00974018,富邦富邦基金,,TWD,5.3
200812,AA1,17148301,富邦台灣心基金,,TWD,6.08
200812,AA1,17153795,富邦價值基金,,TWD,7.77
200812,AA1,17608445,富邦網路基金,,TWD,5.13
200812,AA1,20089755,富邦精銳中小基金,,TWD,4.06
200812,AA1,81585475,富邦高成長基金,,TWD,7
200812,AA1,83864683,富邦科技基金,,TWD,12.69
200812,AA1,92002384,富邦精準基金,,TWD,25.65
200812,AA1,92010477,富邦長紅基金,,TWD,22.93
200812,AA1,92010770,富邦台灣鳳凰基金,,TWD,357.4
200812,AA1,97974078,富邦冠軍基金,,TWD,13.88
200812,AA1,00974039,摩根富林明JF台灣基金,,TWD,5.77
200812,AA1,01032162,摩根富林明JF台灣增長基金,,TWD,20.77
200812,AA1,17144945,摩根富林明JF價值成長基金,,TWD,8.21
200812,AA1,73989501,摩根富林明JF中小基金,,TWD,11.42
200812,AA1,92012025,摩根富林明JF新興科技基金,,TWD,21.12
200812,AA1,99354335,摩根富林明JF台灣微型基金,,TWD,11.86
200812,AA1,00973762,華南永昌永昌基金,,TWD,6.05
200812,AA1,10300929,華南永昌台灣精選基金,,TWD,5.51
200812,AA1,48929007,華南永昌愛台灣基金,,TWD,5.56
200812,AA1,92016839,華南永昌前瞻科技基金,,TWD,6.78
200812,AA1,00974066,寶來2001基金,,TWD,24.26
200812,AA1,14542287,寶來精準中小基金,,TWD,11.81
200812,AA1,17145070,寶來矽谷基金,,TWD,7.58
200812,AA1,92004566,寶來績效基金,,TWD,17.47
200812,AA1,00974241,新光台灣富貴基金,,TWD,12.06
200812,AA1,13986924,新光大三通基金,,TWD,11.42
200812,AA1,48961688,新光多重計量基金,,TWD,7.07
200812,AA1,73998071,新光店頭基金,,TWD,11.9
200812,AA1,81580149,新光國家建設基金,,TWD,12.02
200812,AA1,81585242,新光創新科技基金,,TWD,6.1
200812,AA1,92000533,新光台灣永發基金,,TWD,8.72
200812,AA1,19339782,群益創新科技基金,,TWD,10.87
200812,AA1,20081352,群益店頭市場基金,,TWD,21.35
200812,AA1,48675778,群益奧斯卡基金,,TWD,8.06
200812,AA1,48749899,群益葛萊美基金,,TWD,5.89
200812,AA1,81591434,群益長安基金,,TWD,8.15
200812,AA1,92028997,群益中小型股基金,,TWD,14.97
200812,AA1,97984293,群益馬拉松基金,,TWD,41
200812,AA1,18033138,德信數位時代基金,,TWD,7.21
200812,AA1,73988171,德信全方位基金,,TWD,6.3
200812,AA1,97972846,德信大發基金,,TWD,10.04
200812,AA1,20094672,金鼎寶櫃基金,,TWD,5.51
200812,AA1,73999260,金鼎行動基金,,TWD,8.98
200812,AA1,97982984,金鼎概念型基金,,TWD,13.91
200812,AA1,97997635,金鼎大利基金,,TWD,14.59
200812,AA1,17147078,日盛精選五虎基金,,TWD,10.88
200812,AA1,17607591,日盛高科技基金,,TWD,5.36
200812,AA1,20084317,日盛日盛基金,,TWD,6.84
200812,AA1,48948481,日盛首選基金,,TWD,5.02
200812,AA1,73988876,日盛小而美基金,,TWD,6.65
200812,AA1,81584975,日盛上選基金,,TWD,21.09
200812,AA1,94991068,日盛新台商基金,,TWD,15.34
200812,AA1,20094820,友邦巨人基金,,TWD,4.7
200812,AA1,17608487,復華數位經濟基金,,TWD,10.97
200812,AA1,18488279,復華中小精選基金,,TWD,20.05
200812,AA1,21759676,復華全方位基金,,TWD,9.12
200812,AA1,73998086,復華高成長基金,,TWD,16.24
200812,AA1,81587889,復華復華基金,,TWD,4.9
200812,AA1,17602821,台灣工銀2000高科技基金,,TWD,9.26
200812,AA1,48801228,台灣工銀新台灣基金,,TWD,10.07
200812,AA1,80894446,台灣工銀中國通基金,,TWD,13.9
200812,AA1,81588536,台灣工銀大眾基金,,TWD,11.41
200812,AA1,13998344,永豐中小基金,,TWD,23.55
200812,AA1,17152509,永豐高科技基金,,TWD,7.69
200812,AA1,73992013,永豐領航科技基金,,TWD,9.24
200812,AA1,81594690,永豐永豐基金,,TWD,14.01
200812,AA1,17141187,富鼎半導體科技基金,,TWD,6.16
200812,AA1,17601891,富鼎大三元基金,,TWD,3.19
200812,AA1,48809501,富鼎台灣優勢基金,,TWD,5.71
200812,AA1,48893417,富鼎台灣活力基金,,TWD,3.64
200812,AA1,17144889,金復華雙響炮基金,,TWD,7.16
200812,AA1,73982057,金復華金復華基金,,TWD,7.37
200812,AA1,18031960,傳山高科技基金,,TWD,6.78
200812,AA1,18040665,犇華高科技基金,,TWD,10.47
200812,AA1,19330712,犇華寶利基金,,TWD,6.73
200812,AA1,00968493,安泰ING鴻運基金,,TWD,5.81
200812,AA1,00988316,安泰ING台灣運籌基金,,TWD,9.38
200812,AA1,01031564,安泰ING積極成長基金,,TWD,3.3
200812,AA1,17146752,安泰ING成長基金,,TWD,7.66
200812,AA1,17600534,安泰ING高科技基金,,TWD,2.99
200812,AA1,18037937,安泰INGｅ科技基金,,TWD,6.08
200812,AA1,18488469,安泰ING中小基金,,TWD,11.56
200812,AA1,19330754,安泰ING優質基金,,TWD,10.51
200812,AA1,99973878,安泰ING台灣高股息基金,,TWD,9.09
200812,AA1,14693572,聯邦台灣創新基金,,TWD,7.2
200812,AA1,17597236,聯邦精選科技基金,,TWD,4.05
200812,AA1,18496290,聯邦中國龍基金,,TWD,7.69
200812,AA1,10341251,台壽保台灣新趨勢基金,,TWD,8.32
200812,AA1,17597600,台壽保阿波羅基金,,TWD,5.47
200812,AA1,17604124,德盛台灣大壩基金,,TWD,4.87
200812,AA1,18480065,德盛科技大壩基金,,TWD,8.79
200812,AA1,48997911,德盛安聯台灣智慧趨勢基金,,TWD,5.77
200812,AA1,01031874,國泰小龍基金,,TWD,5.39
200812,AA1,14705562,國泰科技生化基金,,TWD,13.58
200812,AA1,17612497,國泰國泰基金,,TWD,7.83
200812,AA1,18043059,國泰中小成長基金,,TWD,16.05
200812,AA1,19291128,國泰大中華基金,,TWD,10.47
200812,AA1,48948623,國泰台灣計量基金,,TWD,6.54
200812,AA1,13984165,富達台灣成長基金,,TWD,12.82
200812,AA1,10342250,德銀遠東DWS台灣精選主題,,TWD,7.72
200812,AA1,14545897,德銀遠東DWS科技基金,,TWD,7.98
200812,AA1,18499732,德銀遠東DWS台灣旗艦基金,,TWD,9.26
200812,AA1,13539952,凱基開創基金,,TWD,10.33
200812,AA1,48944204,凱基台灣電利基金,,TWD,4.2
200812,AA1,48948834,施羅德樂活中小基金,,TWD,5.11
200812,AA1,14694495,華頓台灣基金,,TWD,12.02
200812,AA1,48731589,華頓典範科技基金,,TWD,6.63
200812,AA1,48945169,華頓台灣金磚基金,,TWD,4.98
200812,AA1,80892778,華頓中小型基金,,TWD,15.48
200812,AA1,10337833,康和比聯台灣紅不讓基金,,TWD,8.12
200812,AA1,15733973,第一富蘭克林第一富基金,,TWD,11.6
200812,AA1,29222213,台新台新基金,,TWD,4.94
200812,AA1,48693065,台新科技基金,,TWD,3.9
200812,AA1,48858663,台新主流基金,,TWD,4.6
200903,AA1,00965469,兆豐國際第一基金,,TWD,8.2
200903,AA1,01050148,兆豐國際國民基金,,TWD,16.94
200903,AA1,10341837,兆豐國際豐台灣基金,,TWD,11.42
200903,AA1,73991751,兆豐國際電子基金,,TWD,14.88
200903,AA1,81584996,兆豐國際中小基金,,TWD,8.65
200903,AA1,92003790,兆豐國際精選二十基金,,TWD,7.43
200903,AA1,00968521,建弘福元基金,,TWD,6.28
200903,AA1,01032803,建弘萬得福基金,,TWD,10.97
200903,AA1,10300195,建弘金鑽基金,,TWD,6.06
200903,AA1,15739619,建弘大中華基金,,TWD,12.2
200903,AA1,19341318,建弘電子基金,,TWD,11.86
200903,AA1,20092528,建弘店頭市場基金,,TWD,4.95
200903,AA1,48929409,建弘台灣成長基金,,TWD,4.67
200903,AA1,73989002,建弘小型精選基金,,TWD,14.86
200903,AA1,97980043,建弘福王基金,,TWD,9.76
200903,AA1,00989005,匯豐匯豐基金,,TWD,94.1
200903,AA1,01031298,匯豐龍鳳基金,,TWD,22.31
200903,AA1,01047806,匯豐台灣基金,,TWD,249.79
200903,AA1,01050013,匯豐成長基金,,TWD,14.04
200903,AA1,73987671,匯豐台灣精典基金,,TWD,10.77
200903,AA1,76941376,匯豐成功基金,,TWD,15.24
200903,AA1,92017794,匯豐龍騰電子基金,,TWD,17.09
200903,AA1,97995664,匯豐中小基金,,TWD,4.96
200903,AA1,01032058,元大多福基金,,TWD,27.47
200903,AA1,17139204,元大新主流基金,,TWD,12.56
200903,AA1,18036281,元大巴菲特基金,,TWD,13.1
200903,AA1,20080023,元大店頭基金,,TWD,5.31
200903,AA1,77537509,元大多元基金,,TWD,8.44
200903,AA1,81584335,元大高科技基金,,TWD,10.42
200903,AA1,83863951,元大經貿基金,,TWD,17.9
200903,AA1,92001765,元大多多基金,,TWD,13.2
200903,AA1,92026219,元大卓越基金,,TWD,24.58
200903,AA1,15588302,景順台灣精選成長基金,,TWD,12.41
200903,AA1,17140568,景順主流基金,,TWD,7.75
200903,AA1,73989256,景順台灣科技基金,,TWD,12.3
200903,AA1,92019786,景順潛力基金,,TWD,14.34
200903,AA1,17603899,保誠電通網基金,,TWD,7.12
200903,AA1,81595924,保誠中小型股基金,,TWD,9.83
200903,AA1,92003102,保誠高科技基金,,TWD,27.93
200903,AA1,92012572,保誠外銷基金,,TWD,19.37
200903,AA1,97978102,保誠掌櫃基金,,TWD,8.74
200903,AA1,97990696,保誠菁華基金,,TWD,12.54
200903,AA1,01032183,保德信高成長基金,,TWD,41.02
200903,AA1,13528977,保德信台商全方位基金,,TWD,16.06
200903,AA1,17602625,保德信新世紀基金,,TWD,4.74
200903,AA1,20097447,保德信第一基金,,TWD,12.64
200903,AA1,73990649,保德信科技島基金,,TWD,11.6
200903,AA1,83866508,保德信中小型股基金,,TWD,20.37
200903,AA1,92013967,保德信金滿意基金,,TWD,20.03
200903,AA1,97988636,保德信店頭市場基金,,TWD,16.96
200903,AA1,01031699,統一全天候基金,,TWD,25.27
200903,AA1,17605622,統一大滿貫基金,,TWD,9.35
200903,AA1,48934304,統一台灣動力基金,,TWD,5.12
200903,AA1,73990253,統一奔騰基金,,TWD,17.1
200903,AA1,77537493,統一統信基金,,TWD,12.82
200903,AA1,81581724,統一經建基金,,TWD,12.77
200903,AA1,92002244,統一黑馬基金,,TWD,15.41
200903,AA1,92012762,統一龍馬基金,,TWD,20.12
200903,AA1,97977878,統一中小基金,,TWD,8.29
200903,AA1,00974018,富邦富邦基金,,TWD,5.87
200903,AA1,10388939,富邦台灣企業社會責任基金,,TWD,9.99
200903,AA1,17148301,富邦台灣心基金,,TWD,6.53
200903,AA1,17153795,富邦價值基金,,TWD,8.75
200903,AA1,17608445,富邦網路基金,,TWD,5.69
200903,AA1,20089755,富邦精銳中小基金,,TWD,4.85
200903,AA1,81585475,富邦高成長基金,,TWD,7.66
200903,AA1,83864683,富邦科技基金,,TWD,14.37
200903,AA1,92002384,富邦精準基金,,TWD,27.06
200903,AA1,92010477,富邦長紅基金,,TWD,25.39
200903,AA1,92010770,富邦台灣鳳凰基金,,TWD,395.15
200903,AA1,97974078,富邦冠軍基金,,TWD,15.34
200903,AA1,00974039,摩根富林明JF台灣基金,,TWD,6.47
200903,AA1,01032162,摩根富林明JF台灣增長基金,,TWD,23.27
200903,AA1,17144945,摩根富林明JF價值成長基金,,TWD,8.81
200903,AA1,73989501,摩根富林明JF中小基金,,TWD,13.1
200903,AA1,92012025,摩根富林明JF新興科技基金,,TWD,25.15
200903,AA1,99354335,摩根富林明JF台灣微型基金,,TWD,12.89
200903,AA1,00973762,華南永昌永昌基金,,TWD,6.6
200903,AA1,10300929,華南永昌台灣精選基金,,TWD,5.53
200903,AA1,48929007,華南永昌愛台灣基金,,TWD,5.53
200903,AA1,92016839,華南永昌前瞻科技基金,,TWD,7.38
200903,AA1,00974066,寶來2001基金,,TWD,25.01
200903,AA1,14542287,寶來精準中小基金,,TWD,12.56
200903,AA1,17145070,寶來矽谷基金,,TWD,7.97
200903,AA1,92004566,寶來績效基金,,TWD,18.37
200903,AA1,00974241,新光台灣富貴基金,,TWD,12.86
200903,AA1,13986924,新光大三通基金,,TWD,12.23
200903,AA1,48961688,新光多重計量基金,,TWD,7.75
200903,AA1,73998071,新光店頭基金,,TWD,13.71
200903,AA1,81580149,新光國家建設基金,,TWD,13.17
200903,AA1,81585242,新光創新科技基金,,TWD,6.84
200903,AA1,92000533,新光台灣永發基金,,TWD,8.67
200903,AA1,19339782,群益創新科技基金,,TWD,12.84
200903,AA1,20081352,群益店頭市場基金,,TWD,25.09
200903,AA1,48675778,群益奧斯卡基金,,TWD,8.8
200903,AA1,48749899,群益葛萊美基金,,TWD,6.49
200903,AA1,81591434,群益長安基金,,TWD,8.93
200903,AA1,92028997,群益中小型股基金,,TWD,17.28
200903,AA1,97984293,群益馬拉松基金,,TWD,45.75
200903,AA1,18033138,德信數位時代基金,,TWD,8.4
200903,AA1,73988171,德信全方位基金,,TWD,7.28
200903,AA1,97972846,德信大發基金,,TWD,10.96
200903,AA1,20094672,金鼎寶櫃基金,,TWD,6.93
200903,AA1,73999260,金鼎行動基金,,TWD,10.35
200903,AA1,97982984,金鼎概念型基金,,TWD,17.41
200903,AA1,97997635,金鼎大利基金,,TWD,17.7
200903,AA1,17147078,日盛精選五虎基金,,TWD,12.12
200903,AA1,17607591,日盛高科技基金,,TWD,6.3
200903,AA1,20084317,日盛日盛基金,,TWD,7.58
200903,AA1,48948481,日盛首選基金,,TWD,5.54
200903,AA1,73988876,日盛小而美基金,,TWD,7.81
200903,AA1,81584975,日盛上選基金,,TWD,19.62
200903,AA1,94991068,日盛新台商基金,,TWD,17.51
200903,AA1,20094820,友邦巨人基金,,TWD,5.18
200903,AA1,17608487,復華數位經濟基金,,TWD,11.97
200903,AA1,18488279,復華中小精選基金,,TWD,19.29
200903,AA1,21759676,復華全方位基金,,TWD,8.49
200903,AA1,73998086,復華高成長基金,,TWD,17.7
200903,AA1,81587889,復華復華基金,,TWD,5.16
200903,AA1,17602821,台灣工銀2000高科技基金,,TWD,10.43
200903,AA1,48801228,台灣工銀新台灣基金,,TWD,9.8
200903,AA1,80894446,台灣工銀中國通基金,,TWD,13.26
200903,AA1,81588536,台灣工銀大眾基金,,TWD,12.83
200903,AA1,13998344,永豐中小基金,,TWD,27.52
200903,AA1,17152509,永豐高科技基金,,TWD,9.37
200903,AA1,73992013,永豐領航科技基金,,TWD,11.29
200903,AA1,81594690,永豐永豐基金,,TWD,16
200903,AA1,17141187,富鼎半導體科技基金,,TWD,6.99
200903,AA1,17601891,富鼎大三元基金,,TWD,3.46
200903,AA1,48809501,富鼎台灣優勢基金,,TWD,6.34
200903,AA1,48893417,富鼎台灣活力基金,,TWD,4.14
200903,AA1,17144889,宏利雙響炮基金,,TWD,8.21
200903,AA1,73982057,宏利宏利基金,,TWD,8.4
200903,AA1,18031960,傳山高科技基金,,TWD,6.55
200903,AA1,18040665,犇華高科技基金,,TWD,11.48
200903,AA1,19330712,犇華寶利基金,,TWD,7.2
200903,AA1,00968493,安泰ING鴻運基金,,TWD,6.41
200903,AA1,00988316,安泰ING台灣運籌基金,,TWD,10.22
200903,AA1,01031564,安泰ING積極成長基金,,TWD,3.82
200903,AA1,17146752,安泰ING成長基金,,TWD,8.89
200903,AA1,17600534,安泰ING高科技基金,,TWD,3.51
200903,AA1,18037937,安泰INGｅ科技基金,,TWD,7.12
200903,AA1,18488469,安泰ING中小基金,,TWD,12.86
200903,AA1,19330754,安泰ING優質基金,,TWD,11.81
200903,AA1,99973878,安泰ING台灣高股息基金,,TWD,11.21
200903,AA1,14693572,聯邦台灣創新基金,,TWD,8.68
200903,AA1,17597236,聯邦精選科技基金,,TWD,4.9
200903,AA1,18496290,聯邦中國龍基金,,TWD,8.48
200903,AA1,10341251,台壽保台灣新趨勢基金,,TWD,8.89
200903,AA1,17597600,台壽保阿波羅基金,,TWD,6.18
200903,AA1,17604124,德盛台灣大壩基金,,TWD,5.5
200903,AA1,18480065,德盛科技大壩基金,,TWD,10.47
200903,AA1,48997911,德盛安聯台灣智慧趨勢基金,,TWD,6.59
200903,AA1,01031874,國泰小龍基金,,TWD,6.58
200903,AA1,14705562,國泰科技生化基金,,TWD,16.19
200903,AA1,17612497,國泰國泰基金,,TWD,8.99
200903,AA1,18043059,國泰中小成長基金,,TWD,19.29
200903,AA1,19291128,國泰大中華基金,,TWD,12.62
200903,AA1,48948623,國泰台灣計量基金,,TWD,6.92
200903,AA1,13984165,富達台灣成長基金,,TWD,13.8
200903,AA1,10342250,德銀遠東DWS台灣精選主題,,TWD,8.38
200903,AA1,14545897,德銀遠東DWS科技基金,,TWD,9.27
200903,AA1,18499732,德銀遠東DWS台灣旗艦基金,,TWD,10.18
200903,AA1,13539952,凱基開創基金,,TWD,10.99
200903,AA1,48944204,凱基台灣電利基金,,TWD,4.72
200903,AA1,48948834,施羅德樂活中小基金,,TWD,5.86
200903,AA1,14694495,華頓台灣基金,,TWD,13.56
200903,AA1,48731589,華頓典範科技基金,,TWD,7.06
200903,AA1,80892778,華頓中小型基金,,TWD,17.36
200903,AA1,10337833,康和比聯台灣紅不讓基金,,TWD,8.59
200903,AA1,15733973,第一富蘭克林第一富基金,,TWD,13.59
200903,AA1,29222213,台新台新基金,,TWD,5.3
200903,AA1,48693065,台新科技基金,,TWD,4.3
200903,AA1,48858663,台新主流基金,,TWD,5.37
200906,AA1,00965469,兆豐國際第一基金,,TWD,9.64
200906,AA1,01050148,兆豐國際國民基金,,TWD,19.98
200906,AA1,10341837,兆豐國際豐台灣基金,,TWD,13.61
200906,AA1,73991751,兆豐國際電子基金,,TWD,16.95
200906,AA1,81584996,兆豐國際中小基金,,TWD,10.68
200906,AA1,92003790,兆豐國際精選二十基金,,TWD,8.76
200906,AA1,00968521,第一金福元基金,,TWD,8.36
200906,AA1,01032803,第一金萬得福基金,,TWD,11.8
200906,AA1,10300195,第一金金鑽基金,,TWD,7.48
200906,AA1,15739619,第一金大中華基金,,TWD,15.34
200906,AA1,19341318,第一金電子基金,,TWD,14.23
200906,AA1,20092528,第一金店頭市場基金,,TWD,6.26
200906,AA1,48929409,第一金台灣成長基金,,TWD,5.52
200906,AA1,73989002,第一金小型精選基金,,TWD,17.53
200906,AA1,97980043,第一金福王基金,,TWD,12.37
200906,AA1,00989005,匯豐匯豐基金,,TWD,112.1
200906,AA1,01031298,匯豐龍鳳基金,,TWD,25.81
200906,AA1,01050013,匯豐成長基金,,TWD,16.57
200906,AA1,73987671,匯豐台灣精典基金,,TWD,13.08
200906,AA1,76941376,匯豐成功基金,,TWD,18.38
200906,AA1,92017794,匯豐龍騰電子基金,,TWD,20.42
200906,AA1,97995664,匯豐中小基金,,TWD,5.76
200906,AA1,01032058,元大多福基金,,TWD,33.23
200906,AA1,17139204,元大新主流基金,,TWD,14.83
200906,AA1,18036281,元大巴菲特基金,,TWD,16.34
200906,AA1,20080023,元大店頭基金,,TWD,6.48
200906,AA1,77537509,元大多元基金,,TWD,10.35
200906,AA1,81584335,元大高科技基金,,TWD,12.27
200906,AA1,83863951,元大經貿基金,,TWD,21.42
200906,AA1,92001765,元大多多基金,,TWD,16.03
200906,AA1,92026219,元大卓越基金,,TWD,29.72
200906,AA1,15588302,景順台灣精選成長基金,,TWD,14.96
200906,AA1,17140568,景順主流基金,,TWD,9.88
200906,AA1,73989256,景順台灣科技基金,,TWD,14.55
200906,AA1,92019786,景順潛力基金,,TWD,17.79
200906,AA1,17603899,保誠電通網基金,,TWD,8.3
200906,AA1,81595924,保誠中小型股基金,,TWD,11.37
200906,AA1,92003102,保誠高科技基金,,TWD,32.43
200906,AA1,92012572,保誠外銷基金,,TWD,22.94
200906,AA1,97978102,保誠掌櫃基金,,TWD,11.2
200906,AA1,97990696,保誠菁華基金,,TWD,14.6
200906,AA1,01032183,保德信高成長基金,,TWD,49.09
200906,AA1,13528977,保德信台商全方位基金,,TWD,18.93
200906,AA1,17602625,保德信新世紀基金,,TWD,5.63
200906,AA1,20097447,保德信第一基金,,TWD,14.7
200906,AA1,73990649,保德信科技島基金,,TWD,13.69
200906,AA1,83866508,保德信中小型股基金,,TWD,24.51
200906,AA1,92013967,保德信金滿意基金,,TWD,23.94
200906,AA1,97988636,保德信店頭市場基金,,TWD,20.5
200906,AA1,01031699,統一全天候基金,,TWD,30.53
200906,AA1,17605622,統一大滿貫基金,,TWD,11.26
200906,AA1,48934304,統一台灣動力基金,,TWD,6.38
200906,AA1,73990253,統一奔騰基金,,TWD,21.27
200906,AA1,77537493,統一統信基金,,TWD,14.99
200906,AA1,81581724,統一經建基金,,TWD,14.42
200906,AA1,92002244,統一黑馬基金,,TWD,19.43
200906,AA1,92012762,統一龍馬基金,,TWD,25.38
200906,AA1,97977878,統一中小基金,,TWD,9.54
200906,AA1,00974018,富邦富邦基金,,TWD,6.8
200906,AA1,10388939,富邦台灣企業社會責任基金,,TWD,10.15
200906,AA1,17148301,富邦台灣心基金,,TWD,8.78
200906,AA1,17153795,富邦價值基金,,TWD,10.96
200906,AA1,17608445,富邦網路基金,,TWD,6.8
200906,AA1,20089755,富邦精銳中小基金,,TWD,5.88
200906,AA1,81585475,富邦高成長基金,,TWD,9.63
200906,AA1,83864683,富邦科技基金,,TWD,17.15
200906,AA1,92002384,富邦精準基金,,TWD,34.71
200906,AA1,92010477,富邦長紅基金,,TWD,32.28
200906,AA1,92010770,富邦台灣鳳凰基金,,TWD,468.6
200906,AA1,97974078,富邦冠軍基金,,TWD,18.13
200906,AA1,00974039,摩根富林明JF台灣基金,,TWD,7.93
200906,AA1,01032162,摩根富林明JF台灣增長基金,,TWD,28.52
200906,AA1,17144945,摩根富林明JF價值成長基金,,TWD,10.38
200906,AA1,73989501,摩根富林明JF中小基金,,TWD,15.82
200906,AA1,92012025,摩根富林明JF新興科技基金,,TWD,29.61
200906,AA1,99354335,摩根富林明JF台灣微型基金,,TWD,15.51
200906,AA1,00973762,華南永昌永昌基金,,TWD,7.24
200906,AA1,10300929,華南永昌台灣精選基金,,TWD,6.47
200906,AA1,48929007,華南永昌愛台灣基金,,TWD,6.62
200906,AA1,92016839,華南永昌前瞻科技基金,,TWD,8.46
200906,AA1,00974066,寶來2001基金,,TWD,31.78
200906,AA1,14542287,寶來精準中小基金,,TWD,15
200906,AA1,17145070,寶來矽谷基金,,TWD,9.81
200906,AA1,92004566,寶來績效基金,,TWD,22.82
200906,AA1,00974241,新光台灣富貴基金,,TWD,15.52
200906,AA1,13986924,新光大三通基金,,TWD,14.72
200906,AA1,48961688,新光多重計量基金,,TWD,8.92
200906,AA1,73998071,新光店頭基金,,TWD,17.34
200906,AA1,81580149,新光國家建設基金,,TWD,15.94
200906,AA1,81585242,新光創新科技基金,,TWD,8.41
200906,AA1,92000533,新光台灣永發基金,,TWD,10.71
200906,AA1,19339782,群益創新科技基金,,TWD,15.41
200906,AA1,20081352,群益店頭市場基金,,TWD,32.66
200906,AA1,48675778,群益奧斯卡基金,,TWD,11.34
200906,AA1,48749899,群益葛萊美基金,,TWD,8.4
200906,AA1,81591434,群益長安基金,,TWD,11.33
200906,AA1,92028997,群益中小型股基金,,TWD,21.47
200906,AA1,97984293,群益馬拉松基金,,TWD,55.29
200906,AA1,18033138,德信數位時代基金,,TWD,10.56
200906,AA1,73988171,德信全方位基金,,TWD,8.71
200906,AA1,97972846,德信大發基金,,TWD,12.71
200906,AA1,20094672,金鼎寶櫃基金,,TWD,8.55
200906,AA1,73999260,金鼎行動基金,,TWD,11.75
200906,AA1,97982984,金鼎概念型基金,,TWD,21.37
200906,AA1,97997635,金鼎大利基金,,TWD,22.72
200906,AA1,17147078,日盛精選五虎基金,,TWD,15.02
200906,AA1,17607591,日盛高科技基金,,TWD,7.93
200906,AA1,20084317,日盛日盛基金,,TWD,9.55
200906,AA1,48948481,日盛首選基金,,TWD,7.24
200906,AA1,73988876,日盛小而美基金,,TWD,10.01
200906,AA1,81584975,日盛上選基金,,TWD,21.77
200906,AA1,94991068,日盛新台商基金,,TWD,21.66
200906,AA1,20094820,友邦巨人基金,,TWD,6.15
200906,AA1,17608487,復華數位經濟基金,,TWD,14.47
200906,AA1,18488279,復華中小精選基金,,TWD,21.5
200906,AA1,21759676,復華全方位基金,,TWD,9.51
200906,AA1,73998086,復華高成長基金,,TWD,21.21
200906,AA1,81587889,復華復華基金,,TWD,6.03
200906,AA1,17602821,台灣工銀2000高科技基金,,TWD,13.24
200906,AA1,48801228,台灣工銀新台灣基金,,TWD,12.01
200906,AA1,80894446,台灣工銀中國通基金,,TWD,15.94
200906,AA1,81588536,台灣工銀大眾基金,,TWD,15.58
200906,AA1,13998344,永豐中小基金,,TWD,34.5
200906,AA1,17152509,永豐高科技基金,,TWD,11.69
200906,AA1,73992013,永豐領航科技基金,,TWD,14.18
200906,AA1,81594690,永豐永豐基金,,TWD,20.67
200906,AA1,17141187,富鼎半導體科技基金,,TWD,8.55
200906,AA1,48809501,富鼎台灣優勢基金,,TWD,7.33
200906,AA1,48893417,富鼎台灣活力基金,,TWD,4.69
200906,AA1,17144889,宏利雙響炮基金,,TWD,9.84
200906,AA1,73982057,宏利宏利基金,,TWD,10.17
200906,AA1,18031960,傳山高科技基金,,TWD,7.22
200906,AA1,18040665,犇華高科技基金,,TWD,13.29
200906,AA1,19330712,犇華寶利基金,,TWD,8.34
200906,AA1,00968493,安泰ING鴻運基金,,TWD,8.34
200906,AA1,00988316,安泰ING台灣運籌基金,,TWD,13.03
200906,AA1,01031564,安泰ING積極成長基金,,TWD,4.98
200906,AA1,17146752,安泰ING成長基金,,TWD,11.6
200906,AA1,17600534,安泰ING高科技基金,,TWD,4.41
200906,AA1,18037937,安泰INGｅ科技基金,,TWD,8.91
200906,AA1,18488469,安泰ING中小基金,,TWD,16.77
200906,AA1,19330754,安泰ING優質基金,,TWD,16.09
200906,AA1,99973878,安泰ING台灣高股息基金,,TWD,13.95
200906,AA1,14693572,聯邦台灣創新基金,,TWD,9.71
200906,AA1,17597236,聯邦精選科技基金,,TWD,5.5
200906,AA1,18496290,聯邦中國龍基金,,TWD,10.69
200906,AA1,10341251,台壽保台灣新趨勢基金,,TWD,10.64
200906,AA1,17597600,台壽保阿波羅基金,,TWD,7.24
200906,AA1,17604124,德盛台灣大壩基金,,TWD,6.47
200906,AA1,18480065,德盛科技大壩基金,,TWD,12.5
200906,AA1,48997911,德盛安聯台灣智慧趨勢基金,,TWD,8.16
200906,AA1,01031874,國泰小龍基金,,TWD,8.06
200906,AA1,14705562,國泰科技生化基金,,TWD,19.79
200906,AA1,17612497,國泰國泰基金,,TWD,10.72
200906,AA1,18043059,國泰中小成長基金,,TWD,22.75
200906,AA1,19291128,國泰大中華基金,,TWD,15.31
200906,AA1,48948623,國泰台灣計量基金,,TWD,7.75
200906,AA1,13984165,富達台灣成長基金,,TWD,17.32
200906,AA1,10342250,德銀遠東DWS台灣精選主題,,TWD,10.37
200906,AA1,14545897,德銀遠東DWS科技基金,,TWD,10.83
200906,AA1,18499732,德銀遠東DWS台灣旗艦基金,,TWD,12.45
200906,AA1,13539952,凱基開創基金,,TWD,12.47
200906,AA1,48944204,凱基台灣電利基金,,TWD,5.38
200906,AA1,48948834,施羅德樂活中小基金,,TWD,6.98
200906,AA1,14694495,華頓台灣基金,,TWD,15.41
200906,AA1,48731589,華頓典範科技基金,,TWD,8.71
200906,AA1,80892778,華頓中小型基金,,TWD,21.12
200906,AA1,10337833,康和比聯台灣紅不讓基金,,TWD,10.2
200906,AA1,15733973,第一富蘭克林第一富基金,,TWD,16.77
200906,AA1,29222213,台新台新基金,,TWD,6.87
200906,AA1,48693065,台新科技基金,,TWD,5.26
200906,AA1,48858663,台新主流基金,,TWD,7.33
200912,AA1,00965469,兆豐國際第一基金,,TWD,13.24
200912,AA1,01050148,兆豐國際國民基金,,TWD,25.43
200912,AA1,10341837,兆豐國際豐台灣基金,,TWD,18.75
200912,AA1,73991751,兆豐國際電子基金,,TWD,21.41
200912,AA1,81584996,兆豐國際中小基金,,TWD,14.43
200912,AA1,92003790,兆豐國際精選二十基金,,TWD,11.78
200912,AA1,00968521,第一金福元基金,,TWD,9.29
200912,AA1,01032803,第一金萬得福基金,,TWD,13.83
200912,AA1,10300195,第一金金鑽基金,,TWD,9.74
200912,AA1,15739619,第一金大中華基金,,TWD,20.27
200912,AA1,19341318,第一金電子基金,,TWD,18.26
200912,AA1,20092528,第一金店頭市場基金,,TWD,8.6
200912,AA1,48929409,第一金台灣成長基金,,TWD,7.29
200912,AA1,73989002,第一金小型精選基金,,TWD,19.5
200912,AA1,97980043,第一金福王基金,,TWD,15.26
200912,AA1,00989005,匯豐匯豐基金,,TWD,134.4
200912,AA1,01031298,匯豐龍鳳基金,,TWD,31.38
200912,AA1,01050013,匯豐成長基金,,TWD,20.6
200912,AA1,73987671,匯豐台灣精典基金,,TWD,15.97
200912,AA1,76941376,匯豐成功基金,,TWD,22.04
200912,AA1,92017794,匯豐龍騰電子基金,,TWD,26.49
200912,AA1,97995664,匯豐中小基金,,TWD,7.11
200912,AA1,01032058,元大多福基金,,TWD,44.01
200912,AA1,17139204,元大新主流基金,,TWD,18.37
200912,AA1,18036281,元大巴菲特基金,,TWD,18.91
200912,AA1,20080023,元大店頭基金,,TWD,9.06
200912,AA1,77537509,元大多元基金,,TWD,12.94
200912,AA1,81584335,元大高科技基金,,TWD,15.69
200912,AA1,83863951,元大經貿基金,,TWD,27.44
200912,AA1,92001765,元大多多基金,,TWD,19.47
200912,AA1,92026219,元大卓越基金,,TWD,37.58
200912,AA1,15588302,景順台灣精選成長基金,,TWD,20.31
200912,AA1,17140568,景順主流基金,,TWD,13.13
200912,AA1,73989256,景順台灣科技基金,,TWD,20.04
200912,AA1,92019786,景順潛力基金,,TWD,22.98
200912,AA1,17603899,保誠電通網基金,,TWD,10.98
200912,AA1,81595924,保誠中小型股基金,,TWD,14.58
200912,AA1,92003102,保誠高科技基金,,TWD,42.88
200912,AA1,92012572,保誠外銷基金,,TWD,27.7
200912,AA1,97978102,保誠掌櫃基金,,TWD,14.98
200912,AA1,97990696,保誠菁華基金,,TWD,17.79
200912,AA1,01032183,保德信高成長基金,,TWD,62.89
200912,AA1,13528977,保德信台商全方位基金,,TWD,23.51
200912,AA1,17602625,保德信新世紀基金,,TWD,7.05
200912,AA1,20097447,保德信第一基金,,TWD,18.36
200912,AA1,73990649,保德信科技島基金,,TWD,17.68
200912,AA1,83866508,保德信中小型股基金,,TWD,32.3
200912,AA1,92013967,保德信金滿意基金,,TWD,30.35
200912,AA1,97988636,保德信店頭市場基金,,TWD,26.29
200912,AA1,01031699,統一全天候基金,,TWD,42.92
200912,AA1,17605622,統一大滿貫基金,,TWD,15.87
200912,AA1,48934304,統一台灣動力基金,,TWD,8.32
200912,AA1,73990253,統一奔騰基金,,TWD,29.12
200912,AA1,77537493,統一統信基金,,TWD,19.36
200912,AA1,81581724,統一經建基金,,TWD,19.11
200912,AA1,92002244,統一黑馬基金,,TWD,27.05
200912,AA1,92012762,統一龍馬基金,,TWD,34.98
200912,AA1,97977878,統一中小基金,,TWD,14.64
200912,AA1,00974018,富邦富邦基金,,TWD,9.12
200912,AA1,10388939,富邦台灣企業社會責任基金,,TWD,14.76
200912,AA1,17148301,富邦台灣心基金,,TWD,12.63
200912,AA1,17153795,富邦價值基金,,TWD,15.12
200912,AA1,17608445,富邦網路基金,,TWD,9.63
200912,AA1,20089755,富邦精銳中小基金,,TWD,7.94
200912,AA1,81585475,富邦高成長基金,,TWD,14.62
200912,AA1,83864683,富邦科技基金,,TWD,22.55
200912,AA1,92002384,富邦精準基金,,TWD,45.93
200912,AA1,92010477,富邦長紅基金,,TWD,42.37
200912,AA1,92010770,富邦台灣鳳凰基金,,TWD,655.54
200912,AA1,97974078,富邦冠軍基金,,TWD,25.67
200912,AA1,00974039,摩根富林明JF台灣基金,,TWD,9.95
200912,AA1,01032162,摩根富林明JF台灣增長基金,,TWD,35.6
200912,AA1,17144945,摩根富林明JF價值成長基金,,TWD,12.98
200912,AA1,73989501,摩根富林明JF中小基金,,TWD,20.77
200912,AA1,92012025,摩根富林明JF新興科技基金,,TWD,39.26
200912,AA1,99354335,摩根富林明JF台灣微型基金,,TWD,20
200912,AA1,00973762,華南永昌永昌基金,,TWD,10.04
200912,AA1,10300929,華南永昌台灣精選基金,,TWD,7.21
200912,AA1,48929007,華南永昌愛台灣基金,,TWD,8.25
200912,AA1,92016839,華南永昌前瞻科技基金,,TWD,12.38
200912,AA1,00974066,寶來2001基金,,TWD,42.16
200912,AA1,14542287,寶來精準中小基金,,TWD,19.61
200912,AA1,17145070,寶來矽谷基金,,TWD,13.93
200912,AA1,25614244,寶來寶來(A)基金,,TWD,10.74
200912,AA1,25614244,寶來寶來(B)基金,,TWD,10.74
200912,AA1,92004566,寶來績效基金,,TWD,28.46
200912,AA1,00974241,新光台灣富貴基金,,TWD,19.42
200912,AA1,13986924,新光大三通基金,,TWD,18.27
200912,AA1,73998071,新光店頭基金,,TWD,23.05
200912,AA1,81580149,新光國家建設基金,,TWD,19.63
200912,AA1,81585242,新光創新科技基金,,TWD,11.22
200912,AA1,92000533,新光台灣永發基金,,TWD,12.24
200912,AA1,19339782,群益創新科技基金,,TWD,20.67
200912,AA1,20081352,群益店頭市場基金,,TWD,45.42
200912,AA1,48675778,群益奧斯卡基金,,TWD,15.97
200912,AA1,48749899,群益葛萊美基金,,TWD,11.67
200912,AA1,81591434,群益長安基金,,TWD,15.16
200912,AA1,92028997,群益中小型股基金,,TWD,28.39
200912,AA1,97984293,群益馬拉松基金,,TWD,68.26
200912,AA1,18033138,德信數位時代基金,,TWD,15.26
200912,AA1,73988171,德信全方位基金,,TWD,12.19
200912,AA1,97972846,德信大發基金,,TWD,18.28
200912,AA1,20094672,金鼎寶櫃基金,,TWD,10.83
200912,AA1,73999260,金鼎行動基金,,TWD,14.64
200912,AA1,97982984,金鼎概念型基金,,TWD,27.51
200912,AA1,97997635,金鼎大利基金,,TWD,30.19
200912,AA1,17147078,日盛精選五虎基金,,TWD,19.08
200912,AA1,17607591,日盛高科技基金,,TWD,10.9
200912,AA1,20084317,日盛日盛基金,,TWD,13.33
200912,AA1,48948481,日盛首選基金,,TWD,9.89
200912,AA1,73988876,日盛小而美基金,,TWD,14.73
200912,AA1,81584975,日盛上選基金,,TWD,26.17
200912,AA1,94991068,日盛新台商基金,,TWD,29.37
200912,AA1,20094820,友邦巨人基金,,TWD,9.16
200912,AA1,17608487,復華數位經濟基金,,TWD,19
200912,AA1,18488279,復華中小精選基金,,TWD,27.89
200912,AA1,21759676,復華全方位基金,,TWD,12.28
200912,AA1,73998086,復華高成長基金,,TWD,27.83
200912,AA1,81587889,復華復華基金,,TWD,8.21
200912,AA1,17602821,台灣工銀2000高科技基金,,TWD,17.02
200912,AA1,48801228,台灣工銀新台灣基金,,TWD,13
200912,AA1,80894446,台灣工銀中國通基金,,TWD,17.77
200912,AA1,81588536,台灣工銀大眾基金,,TWD,18.91
200912,AA1,13998344,永豐中小基金,,TWD,43.83
200912,AA1,17152509,永豐高科技基金,,TWD,14.73
200912,AA1,73992013,永豐領航科技基金,,TWD,18.05
200912,AA1,81594690,永豐永豐基金,,TWD,25.09
200912,AA1,17141187,富鼎半導體科技基金,,TWD,11.67
200912,AA1,48809501,富鼎台灣優勢基金,,TWD,9.37
200912,AA1,48893417,富鼎台灣活力基金,,TWD,6.3
200912,AA1,17144889,宏利雙響炮基金,,TWD,12.54
200912,AA1,73982057,宏利宏利基金,,TWD,13.25
200912,AA1,18031960,安多利高科技基金,,TWD,8.9
200912,AA1,18040665,犇華高科技基金,,TWD,16.63
200912,AA1,19330712,犇華寶利基金,,TWD,10.07
200912,AA1,00968493,安泰ING鴻運基金,,TWD,10.53
200912,AA1,00988316,安泰ING台灣運籌基金,,TWD,16.81
200912,AA1,01031564,安泰ING積極成長基金,,TWD,6.76
200912,AA1,17146752,安泰ING成長基金,,TWD,15.71
200912,AA1,17600534,安泰ING高科技基金,,TWD,6.04
200912,AA1,18037937,安泰INGｅ科技基金,,TWD,12.21
200912,AA1,18488469,安泰ING中小基金,,TWD,21.16
200912,AA1,19330754,安泰ING優質基金,,TWD,20.2
200912,AA1,99973878,安泰ING台灣高股息基金,,TWD,16.34
200912,AA1,14693572,聯邦台灣創新基金,,TWD,14.03
200912,AA1,17597236,聯邦精選科技基金,,TWD,8
200912,AA1,18496290,聯邦中國龍基金,,TWD,15.59
200912,AA1,10341251,台壽保台灣新趨勢基金,,TWD,13.08
200912,AA1,17597600,台壽保阿波羅基金,,TWD,9.33
200912,AA1,17604124,德盛台灣大壩基金,,TWD,8.38
200912,AA1,18480065,德盛科技大壩基金,,TWD,17.5
200912,AA1,48997911,德盛安聯台灣智慧趨勢基金,,TWD,10.17
200912,AA1,01031874,國泰小龍基金,,TWD,11.12
200912,AA1,14705562,國泰科技生化基金,,TWD,26.51
200912,AA1,17612497,國泰國泰基金,,TWD,15.12
200912,AA1,18043059,國泰中小成長基金,,TWD,33.05
200912,AA1,19291128,國泰大中華基金,,TWD,20.26
200912,AA1,48948623,國泰台灣計量基金,,TWD,9.81
200912,AA1,13984165,富達台灣成長基金,,TWD,21.28
200912,AA1,10342250,德銀遠東DWS台灣精選主題,,TWD,13.52
200912,AA1,14545897,德銀遠東DWS科技基金,,TWD,15.32
200912,AA1,18499732,德銀遠東DWS台灣旗艦基金,,TWD,16.12
200912,AA1,13539952,凱基開創基金,,TWD,15.21
200912,AA1,25612029,凱基台灣精五門基金,,TWD,10.94
200912,AA1,48944204,凱基台灣電利基金,,TWD,6.86
200912,AA1,25601923,施羅德台灣主動基金,,TWD,11.55
200912,AA1,48948834,施羅德樂活中小基金,,TWD,9.55
200912,AA1,14694495,華頓台灣基金,,TWD,19.44
200912,AA1,48731589,華頓典範科技基金,,TWD,11.96
200912,AA1,80892778,華頓中小型基金,,TWD,27.4
200912,AA1,10337833,康和比聯台灣紅不讓基金,,TWD,12.71
200912,AA1,15733973,第一富蘭克林第一富基金,,TWD,24.37
200912,AA1,29222213,台新台新基金,,TWD,8.16
200912,AA1,48858663,台新主流基金,,TWD,9.45
201003,AA1,00965469,兆豐國際第一基金,,TWD,12.33
201003,AA1,01050148,兆豐國際國民基金,,TWD,24.23
201003,AA1,10341837,兆豐國際豐台灣基金,,TWD,18.56
201003,AA1,73991751,兆豐國際電子基金,,TWD,19.33
201003,AA1,81584996,兆豐國際中小基金,,TWD,14.01
201003,AA1,92003790,兆豐國際精選二十基金,,TWD,10.75
201003,AA1,00968521,第一金福元基金,,TWD,8.43
201003,AA1,01032803,第一金萬得福基金,,TWD,13.01
201003,AA1,10300195,第一金金鑽基金,,TWD,8.89
201003,AA1,15739619,第一金大中華基金,,TWD,18.82
201003,AA1,19341318,第一金電子基金,,TWD,16.53
201003,AA1,20092528,第一金店頭市場基金,,TWD,8.32
201003,AA1,48929409,第一金台灣成長基金,,TWD,7.03
201003,AA1,73989002,第一金小型精選基金,,TWD,17.88
201003,AA1,97980043,第一金福王基金,,TWD,13.08
201003,AA1,00989005,匯豐匯豐基金,,TWD,128.1
201003,AA1,01031298,匯豐龍鳳基金,,TWD,29.74
201003,AA1,01050013,匯豐成長基金,,TWD,19.64
201003,AA1,73987671,匯豐台灣精典基金,,TWD,15.41
201003,AA1,76941376,匯豐成功基金,,TWD,22.23
201003,AA1,92017794,匯豐龍騰電子基金,,TWD,24.96
201003,AA1,97995664,匯豐中小基金,,TWD,6.77
201003,AA1,01032058,元大多福基金,,TWD,41.17
201003,AA1,17139204,元大新主流基金,,TWD,18.16
201003,AA1,18036281,元大巴菲特基金,,TWD,18.43
201003,AA1,20080023,元大店頭基金,,TWD,8.35
201003,AA1,77537509,元大多元基金,,TWD,10.72
201003,AA1,81584335,元大高科技基金,,TWD,15.18
201003,AA1,83863951,元大經貿基金,,TWD,25.97
201003,AA1,92001765,元大多多基金,,TWD,19.51
201003,AA1,92026219,元大卓越基金,,TWD,35.77
201003,AA1,15588302,景順台灣精選成長基金,,TWD,19.26
201003,AA1,17140568,景順主流基金,,TWD,12.49
201003,AA1,73989256,景順台灣科技基金,,TWD,19.06
201003,AA1,92019786,景順潛力基金,,TWD,21.84
201003,AA1,17603899,保誠電通網基金,,TWD,10.2
201003,AA1,81595924,保誠中小型股基金,,TWD,14
201003,AA1,92003102,保誠高科技基金,,TWD,39.44
201003,AA1,92012572,保誠外銷基金,,TWD,25.89
201003,AA1,97978102,保誠掌櫃基金,,TWD,14.36
201003,AA1,97990696,保誠菁華基金,,TWD,16.54
201003,AA1,01032183,保德信高成長基金,,TWD,61.15
201003,AA1,13528977,保德信台商全方位基金,,TWD,22.79
201003,AA1,17602625,保德信新世紀基金,,TWD,6.73
201003,AA1,20097447,保德信第一基金,,TWD,17.74
201003,AA1,73990649,保德信科技島基金,,TWD,17.18
201003,AA1,83866508,保德信中小型股基金,,TWD,31.93
201003,AA1,92013967,保德信金滿意基金,,TWD,28.57
201003,AA1,97988636,保德信店頭市場基金,,TWD,25.23
201003,AA1,01031699,統一全天候基金,,TWD,39.35
201003,AA1,17605622,統一大滿貫基金,,TWD,15.16
201003,AA1,48934304,統一台灣動力基金,,TWD,7.39
201003,AA1,73990253,統一奔騰基金,,TWD,26.45
201003,AA1,77537493,統一統信基金,,TWD,18.06
201003,AA1,81581724,統一經建基金,,TWD,17.82
201003,AA1,92002244,統一黑馬基金,,TWD,25.01
201003,AA1,92012762,統一龍馬基金,,TWD,32.7
201003,AA1,97977878,統一中小基金,,TWD,14.58
201003,AA1,00974018,富邦富邦基金,,TWD,8.63
201003,AA1,10388939,富邦台灣企業社會責任基金,,TWD,14
201003,AA1,17148301,富邦台灣心基金,,TWD,12.26
201003,AA1,17153795,富邦價值基金,,TWD,14.22
201003,AA1,17608445,富邦網路基金,,TWD,8.99
201003,AA1,20089755,富邦精銳中小基金,,TWD,7.64
201003,AA1,81585475,富邦高成長基金,,TWD,13.97
201003,AA1,83864683,富邦科技基金,,TWD,21.2
201003,AA1,92002384,富邦精準基金,,TWD,43.39
201003,AA1,92010477,富邦長紅基金,,TWD,39.68
201003,AA1,92010770,富邦台灣鳳凰基金,,TWD,612.97
201003,AA1,97974078,富邦冠軍基金,,TWD,24.12
201003,AA1,00974039,摩根富林明JF台灣基金,,TWD,8.93
201003,AA1,01032162,摩根富林明JF台灣增長基金,,TWD,31.79
201003,AA1,17144945,摩根富林明JF價值成長基金,,TWD,12.25
201003,AA1,25636367,摩根富林明JF台灣金磚基金,,TWD,10.65
201003,AA1,73989501,摩根富林明JF中小基金,,TWD,19.61
201003,AA1,92012025,摩根富林明JF新興科技基金,,TWD,36.02
201003,AA1,99354335,摩根富林明JF台灣微型基金,,TWD,18.99
201003,AA1,00973762,華南永昌永昌基金,,TWD,9.16
201003,AA1,10300929,華南永昌台灣精選基金,,TWD,6.93
201003,AA1,48929007,華南永昌愛台灣基金,,TWD,7.71
201003,AA1,92016839,華南永昌前瞻科技基金,,TWD,11.06
201003,AA1,00974066,寶來2001基金,,TWD,36.88
201003,AA1,14542287,寶來精準中小基金,,TWD,17.86
201003,AA1,17145070,寶來矽谷基金,,TWD,11.95
201003,AA1,25614244,寶來寶來(A)基金,,TWD,9.94
201003,AA1,25614244,寶來寶來(B)基金,,TWD,9.94
201003,AA1,92004566,寶來績效基金,,TWD,27.02
201003,AA1,00974241,新光台灣富貴基金,,TWD,18.72
201003,AA1,13986924,新光大三通基金,,TWD,17.25
201003,AA1,73998071,新光店頭基金,,TWD,21.9
201003,AA1,81580149,新光國家建設基金,,TWD,18.9
201003,AA1,81585242,新光創新科技基金,,TWD,10.48
201003,AA1,92000533,新光台灣永發基金,,TWD,11.39
201003,AA1,19339782,群益創新科技基金,,TWD,19.58
201003,AA1,20081352,群益店頭市場基金,,TWD,43.18
201003,AA1,48675778,群益奧斯卡基金,,TWD,15.35
201003,AA1,48749899,群益葛萊美基金,,TWD,11.66
201003,AA1,81591434,群益長安基金,,TWD,14.64
201003,AA1,92028997,群益中小型股基金,,TWD,26.79
201003,AA1,97984293,群益馬拉松基金,,TWD,64.31
201003,AA1,18033138,德信數位時代基金,,TWD,15.41
201003,AA1,73988171,德信全方位基金,,TWD,11.56
201003,AA1,97972846,德信大發基金,,TWD,17.08
201003,AA1,20094672,金鼎寶櫃基金,,TWD,10.55
201003,AA1,73999260,金鼎行動基金,,TWD,13.69
201003,AA1,97982984,金鼎概念型基金,,TWD,26.6
201003,AA1,97997635,金鼎大利基金,,TWD,28.09
201003,AA1,17147078,日盛精選五虎基金,,TWD,18.83
201003,AA1,17607591,日盛高科技基金,,TWD,10.53
201003,AA1,20084317,日盛日盛基金,,TWD,12.7
201003,AA1,48948481,日盛首選基金,,TWD,9.44
201003,AA1,73988876,日盛小而美基金,,TWD,14.37
201003,AA1,81584975,日盛上選基金,,TWD,25.19
201003,AA1,94991068,日盛新台商基金,,TWD,29.13
201003,AA1,20094820,柏瑞巨人基金,,TWD,9.48
201003,AA1,17608487,復華數位經濟基金,,TWD,18.9
201003,AA1,18488279,復華中小精選基金,,TWD,26.21
201003,AA1,21759676,復華全方位基金,,TWD,11.59
201003,AA1,73998086,復華高成長基金,,TWD,27.48
201003,AA1,81587889,復華復華基金,,TWD,7.95
201003,AA1,17602821,台灣工銀2000高科技基金,,TWD,15.89
201003,AA1,48801228,台灣工銀新台灣基金,,TWD,11.88
201003,AA1,80894446,台灣工銀中國通基金,,TWD,16.75
201003,AA1,81588536,台灣工銀大眾基金,,TWD,17.62
201003,AA1,13998344,永豐中小基金,,TWD,43.03
201003,AA1,17152509,永豐高科技基金,,TWD,13.83
201003,AA1,73992013,永豐領航科技基金,,TWD,16.96
201003,AA1,81594690,永豐永豐基金,,TWD,23.79
201003,AA1,17141187,富鼎半導體科技基金,,TWD,10.61
201003,AA1,48809501,富鼎台灣優勢基金,,TWD,8.4
201003,AA1,48893417,富鼎台灣活力基金,,TWD,5.64
201003,AA1,17144889,宏利雙響炮基金,,TWD,12.04
201003,AA1,73982057,宏利宏利基金,,TWD,12.69
201003,AA1,18031960,安多利高科技基金,,TWD,7.9
201003,AA1,18040665,犇華高科技基金,,TWD,15.67
201003,AA1,19330712,犇華寶利基金,,TWD,9.55
201003,AA1,00968493,安泰ING鴻運基金,,TWD,10.11
201003,AA1,00988316,安泰ING台灣運籌基金,,TWD,15.92
201003,AA1,01031564,安泰ING積極成長基金,,TWD,6.63
201003,AA1,17146752,安泰ING成長基金,,TWD,15.41
201003,AA1,17600534,安泰ING高科技基金,,TWD,5.67
201003,AA1,18037937,安泰INGｅ科技基金,,TWD,11.44
201003,AA1,18488469,安泰ING中小基金,,TWD,20.15
201003,AA1,19330754,安泰ING優質基金,,TWD,18.91
201003,AA1,99973878,安泰ING台灣高股息基金,,TWD,15.96
201003,AA1,14693572,聯邦台灣創新基金,,TWD,13.38
201003,AA1,17597236,聯邦精選科技基金,,TWD,8.07
201003,AA1,18496290,聯邦中國龍基金,,TWD,15.64
201003,AA1,10341251,台壽保台灣新趨勢基金,,TWD,12.61
201003,AA1,17597600,台壽保阿波羅基金,,TWD,8.66
201003,AA1,17604124,德盛台灣大壩基金,,TWD,7.83
201003,AA1,18480065,德盛科技大壩基金,,TWD,16.49
201003,AA1,48997911,德盛安聯台灣智慧趨勢基金,,TWD,9.78
201003,AA1,01031874,國泰小龍基金,,TWD,10.75
201003,AA1,14705562,國泰科技生化基金,,TWD,25.06
201003,AA1,17612497,國泰國泰基金,,TWD,14.69
201003,AA1,18043059,國泰中小成長基金,,TWD,31.83
201003,AA1,19291128,國泰大中華基金,,TWD,19.34
201003,AA1,48948623,國泰台灣計量基金,,TWD,9.61
201003,AA1,13984165,富達台灣成長基金,,TWD,20.09
201003,AA1,10342250,德銀遠東DWS台灣精選主題基金,,TWD,13.34
201003,AA1,14545897,德銀遠東DWS科技基金,,TWD,15.22
201003,AA1,18499732,德銀遠東DWS台灣旗艦基金,,TWD,15.66
201003,AA1,13539952,凱基開創基金,,TWD,14.48
201003,AA1,25612029,凱基台灣精五門基金,,TWD,10.29
201003,AA1,48944204,凱基台灣電利基金,,TWD,6.66
201003,AA1,25601923,施羅德台灣主動基金,,TWD,10.68
201003,AA1,48948834,施羅德樂活中小基金,,TWD,9.13
201003,AA1,14694495,華頓台灣基金,,TWD,18.8
201003,AA1,48731589,華頓典範科技基金,,TWD,10.79
201003,AA1,80892778,華頓中小型基金,,TWD,24.91
201003,AA1,10337833,康和比聯台灣紅不讓基金,,TWD,12.21
201003,AA1,15733973,富蘭克林華美第一富基金,,TWD,23.42
201003,AA1,29222213,台新台新基金,,TWD,7.81
201003,AA1,48858663,台新主流基金,,TWD,9.1
201006,AA1,00965469,兆豐國際第一基金,,TWD,11.1
201006,AA1,01050148,兆豐國際國民基金,,TWD,21.91
201006,AA1,10341837,兆豐國際豐台灣基金,,TWD,17.6
201006,AA1,73991751,兆豐國際電子基金,,TWD,16.6
201006,AA1,81584996,兆豐國際中小基金,,TWD,12.76
201006,AA1,92003790,兆豐國際精選二十基金,,TWD,9.53
201006,AA1,00968521,第一金福元基金,,TWD,7.34
201006,AA1,01032803,第一金萬得福基金,,TWD,12.08
201006,AA1,10300195,第一金金鑽基金,,TWD,8.17
201006,AA1,15739619,第一金大中華基金,,TWD,17.03
201006,AA1,19341318,第一金電子基金,,TWD,14.82
201006,AA1,20092528,第一金店頭市場基金,,TWD,7.41
201006,AA1,48929409,第一金台灣成長基金,,TWD,6.37
201006,AA1,73989002,第一金小型精選基金,,TWD,16.19
201006,AA1,97980043,第一金福王基金,,TWD,11.16
201006,AA1,00989005,匯豐匯豐基金,,TWD,118.9
201006,AA1,01031298,匯豐龍鳳基金,,TWD,27.55
201006,AA1,01050013,匯豐成長基金,,TWD,18.25
201006,AA1,73987671,匯豐台灣精典基金,,TWD,14.22
201006,AA1,76941376,匯豐成功基金,,TWD,21.13
201006,AA1,92017794,匯豐龍騰電子基金,,TWD,22.03
201006,AA1,97995664,匯豐中小基金,,TWD,6.25
201006,AA1,01032058,元大多福基金,,TWD,38.96
201006,AA1,17139204,元大新主流基金,,TWD,16.71
201006,AA1,18036281,元大巴菲特基金,,TWD,17.1
201006,AA1,20080023,元大店頭基金,,TWD,7.44
201006,AA1,77537509,元大多元基金,,TWD,9.66
201006,AA1,81584335,元大高科技基金,,TWD,13.62
201006,AA1,83863951,元大經貿基金,,TWD,23.67
201006,AA1,92001765,元大多多基金,,TWD,18
201006,AA1,92026219,元大卓越基金,,TWD,33.2
201006,AA1,15588302,景順台灣精選成長基金,,TWD,16.75
201006,AA1,17140568,景順主流基金,,TWD,11.4
201006,AA1,73989256,景順台灣科技基金,,TWD,16.95
201006,AA1,92019786,景順潛力基金,,TWD,19.92
201006,AA1,17603899,保誠電通網基金,,TWD,9.37
201006,AA1,81595924,保誠中小型股基金,,TWD,12.62
201006,AA1,92003102,保誠高科技基金,,TWD,35.72
201006,AA1,92012572,保誠外銷基金,,TWD,23.48
201006,AA1,97978102,保誠掌櫃基金,,TWD,12.84
201006,AA1,97990696,保誠菁華基金,,TWD,15.38
201006,AA1,01032183,保德信高成長基金,,TWD,57.91
201006,AA1,13528977,保德信台商全方位基金,,TWD,21.13
201006,AA1,17602625,保德信新世紀基金,,TWD,6.45
201006,AA1,20097447,保德信第一基金,,TWD,16.26
201006,AA1,73990649,保德信科技島基金,,TWD,15.44
201006,AA1,83866508,保德信中小型股基金,,TWD,30.49
201006,AA1,92013967,保德信金滿意基金,,TWD,26.2
201006,AA1,97988636,保德信店頭市場基金,,TWD,22.79
201006,AA1,01031699,統一全天候基金,,TWD,35.81
201006,AA1,17605622,統一大滿貫基金,,TWD,14.56
201006,AA1,48934304,統一台灣動力基金,,TWD,6.77
201006,AA1,73990253,統一奔騰基金,,TWD,24.36
201006,AA1,77537493,統一統信基金,,TWD,16.34
201006,AA1,81581724,統一經建基金,,TWD,16.28
201006,AA1,92002244,統一黑馬基金,,TWD,23.66
201006,AA1,92012762,統一龍馬基金,,TWD,29.88
201006,AA1,97977878,統一中小基金,,TWD,13.23
201006,AA1,00974018,富邦富邦基金,,TWD,7.79
201006,AA1,10388939,富邦台灣企業社會責任基金,,TWD,10.89
201006,AA1,17148301,富邦台灣心基金,,TWD,10.93
201006,AA1,17153795,富邦價值基金,,TWD,12.98
201006,AA1,17608445,富邦網路基金,,TWD,7.88
201006,AA1,20089755,富邦精銳中小基金,,TWD,7.58
201006,AA1,81585475,富邦高成長基金,,TWD,13.42
201006,AA1,83864683,富邦科技基金,,TWD,19.07
201006,AA1,92002384,富邦精準基金,,TWD,39.25
201006,AA1,92010477,富邦長紅基金,,TWD,36.03
201006,AA1,92010770,富邦台灣鳳凰基金,,TWD,539.93
201006,AA1,97974078,富邦冠軍基金,,TWD,21.19
201006,AA1,00974039,摩根富林明JF台灣基金,,TWD,7.98
201006,AA1,01032162,摩根富林明JF台灣增長基金,,TWD,28.46
201006,AA1,17144945,摩根富林明JF價值成長基金,,TWD,11.44
201006,AA1,25636367,摩根富林明JF台灣金磚基金,,TWD,9.21
201006,AA1,73989501,摩根富林明JF中小基金,,TWD,17.9
201006,AA1,92012025,摩根富林明JF新興科技基金,,TWD,31.72
201006,AA1,99354335,摩根富林明JF台灣微型基金,,TWD,17.08
201006,AA1,00973762,華南永昌永昌基金,,TWD,8.73
201006,AA1,10300929,華南永昌台灣精選基金,,TWD,6.42
201006,AA1,48929007,華南永昌愛台灣基金,,TWD,6.83
201006,AA1,92016839,華南永昌前瞻科技基金,,TWD,10.43
201006,AA1,00974066,寶來二00一基金,,TWD,31.46
201006,AA1,14542287,寶來精準中小基金,,TWD,15.71
201006,AA1,17145070,寶來矽谷基金,,TWD,11.07
201006,AA1,25614244,寶來寶來（Ａ）基金,,TWD,8.81
201006,AA1,25614244,寶來寶來（Ｂ）基金,,TWD,8.81
201006,AA1,92004566,寶來績效基金,,TWD,25.43
201006,AA1,00974241,新光台灣富貴基金,,TWD,17.11
201006,AA1,13986924,新光大三通基金,,TWD,15.45
201006,AA1,73998071,新光店頭基金,,TWD,18.54
201006,AA1,81580149,新光國家建設基金,,TWD,17.08
201006,AA1,81585242,新光創新科技基金,,TWD,9.37
201006,AA1,92000533,新光台灣永發基金,,TWD,10.97
201006,AA1,19339782,群益創新科技基金,,TWD,18.18
201006,AA1,20081352,群益店頭市場基金,,TWD,41.32
201006,AA1,48675778,群益奧斯卡基金,,TWD,14.73
201006,AA1,48749899,群益葛萊美基金,,TWD,11.38
201006,AA1,81591434,群益長安基金,,TWD,14.08
201006,AA1,92028997,群益中小型股基金,,TWD,24.27
201006,AA1,97984293,群益馬拉松基金,,TWD,58.77
201006,AA1,18033138,德信數位時代基金,,TWD,14.06
201006,AA1,73988171,德信全方位基金,,TWD,10.62
201006,AA1,97972846,德信大發基金,,TWD,15.59
201006,AA1,20094672,金鼎寶櫃基金,,TWD,10.41
201006,AA1,73999260,金鼎行動基金,,TWD,13.18
201006,AA1,97982984,金鼎概念型基金,,TWD,26.34
201006,AA1,97997635,金鼎大利基金,,TWD,26.97
201006,AA1,17147078,日盛精選五虎基金,,TWD,18.37
201006,AA1,17607591,日盛高科技基金,,TWD,9.4
201006,AA1,20084317,日盛日盛基金,,TWD,10.8
201006,AA1,48948481,日盛首選基金,,TWD,8.54
201006,AA1,73988876,日盛小而美基金,,TWD,12.85
201006,AA1,81584975,日盛上選基金,,TWD,22.64
201006,AA1,94991068,日盛新台商基金,,TWD,26.85
201006,AA1,20094820,柏瑞巨人基金,,TWD,8.59
201006,AA1,17608487,復華數位經濟基金,,TWD,17.58
201006,AA1,18488279,復華中小精選基金,,TWD,23.56
201006,AA1,21759676,復華全方位基金,,TWD,10.39
201006,AA1,73998086,復華高成長基金,,TWD,25.24
201006,AA1,81587889,復華復華基金,,TWD,7.29
201006,AA1,17602821,台灣工銀2000高科技基金,,TWD,13.78
201006,AA1,48801228,台灣工銀新台灣基金,,TWD,10.9
201006,AA1,80894446,台灣工銀中國通基金,,TWD,15.24
201006,AA1,81588536,台灣工銀大眾基金,,TWD,15.78
201006,AA1,13998344,永豐中小基金,,TWD,40.71
201006,AA1,17152509,永豐高科技基金,,TWD,11.73
201006,AA1,73992013,永豐領航科技基金,,TWD,15.06
201006,AA1,81594690,永豐永豐基金,,TWD,22.82
201006,AA1,17141187,富鼎半導體科技基金,,TWD,9.81
201006,AA1,48809501,富鼎台灣優勢基金,,TWD,7.96
201006,AA1,48893417,富鼎台灣活力基金,,TWD,5.34
201006,AA1,17144889,宏利雙響炮基金,,TWD,11.47
201006,AA1,73982057,宏利宏利基金,,TWD,11.83
201006,AA1,18031960,安多利高科技基金,,TWD,7
201006,AA1,18040665,華高科技基金,,TWD,13.78
201006,AA1,19330712,華寶利基金,,TWD,8.46
201006,AA1,00968493,安泰ING鴻運基金,,TWD,9.39
201006,AA1,00988316,安泰ING台灣運籌基金,,TWD,14.42
201006,AA1,01031564,安泰ING積極成長基金,,TWD,5.83
201006,AA1,17146752,安泰ING成長基金,,TWD,13.65
201006,AA1,17600534,安泰ING高科技基金,,TWD,5.01
201006,AA1,18037937,安泰INGｅ科技基金,,TWD,10.07
201006,AA1,18488469,安泰ING中小基金,,TWD,18.81
201006,AA1,19330754,安泰ING優質基金,,TWD,16.7
201006,AA1,99973878,安泰ING台灣高股息基金,,TWD,14.79
201006,AA1,14693572,聯邦台灣創新基金,,TWD,12.47
201006,AA1,17597236,聯邦精選科技基金,,TWD,7.42
201006,AA1,18496290,聯邦中國龍基金,,TWD,14.84
201006,AA1,10341251,台壽保台灣新趨勢基金,,TWD,11.97
201006,AA1,17597600,台壽保阿波羅基金,,TWD,7.74
201006,AA1,17604124,德盛台灣大壩基金,,TWD,7.31
201006,AA1,18480065,德盛科技大壩基金,,TWD,15.28
201006,AA1,48997911,德盛安聯台灣智慧趨勢基金,,TWD,9.27
201006,AA1,01031874,國泰小龍基金,,TWD,9.81
201006,AA1,14705562,國泰科技生化基金,,TWD,22.13
201006,AA1,17612497,國泰國泰基金,,TWD,13.1
201006,AA1,18043059,國泰中小成長基金,,TWD,28.58
201006,AA1,19291128,國泰大中華基金,,TWD,17.07
201006,AA1,48948623,國泰台灣計量基金,,TWD,9.03
201006,AA1,13984165,富達台灣成長基金,,TWD,18.04
201006,AA1,10342250,德銀遠東DWS台灣精選主題,,TWD,12.11
201006,AA1,14545897,德銀遠東DWS科技,,TWD,13.52
201006,AA1,18499732,德銀遠東DWS台灣旗艦,,TWD,14.24
201006,AA1,13539952,凱基開創基金,,TWD,12.76
201006,AA1,25612029,凱基台灣精五門基金,,TWD,9.5
201006,AA1,48944204,凱基台灣電利基金,,TWD,5.84
201006,AA1,25601923,施羅德台灣主動基金,,TWD,10.14
201006,AA1,48948834,施羅德樂活中小基金,,TWD,8.77
201006,AA1,14694495,華頓台灣基金,,TWD,17.48
201006,AA1,48731589,華頓典範科技基金,,TWD,9.51
201006,AA1,80892778,華頓中小型基金,,TWD,22.29
201006,AA1,10337833,康和比聯台灣紅不讓基金,,TWD,11.3
201006,AA1,15733973,富蘭克林華美第一富基金,,TWD,21.65
201006,AA1,29222213,台新台新基金,,TWD,7.45
201006,AA1,48858663,台新主流基金,,TWD,8.57
201009,AA1,00965469,兆豐國際第一基金,,TWD,12.95
201009,AA1,01050148,兆豐國際國民基金,,TWD,25.37
201009,AA1,10341837,兆豐國際豐台灣基金,,TWD,19.84
201009,AA1,73991751,兆豐國際電子基金,,TWD,18.63
201009,AA1,81584996,兆豐國際中小基金,,TWD,14.03
201009,AA1,92003790,兆豐國際精選二十基金,,TWD,11.01
201009,AA1,00968521,第一金福元基金,,TWD,8.18
201009,AA1,01032803,第一金萬得福基金,,TWD,13.61
201009,AA1,10300195,第一金金鑽基金,,TWD,9.49
201009,AA1,15739619,第一金大中華基金,,TWD,19.81
201009,AA1,19341318,第一金電子基金,,TWD,17.27
201009,AA1,20092528,第一金店頭市場基金,,TWD,8.45
201009,AA1,48929409,第一金台灣成長基金,,TWD,7.3
201009,AA1,73989002,第一金小型精選基金,,TWD,19.56
201009,AA1,97980043,第一金福王基金,,TWD,12.67
201009,AA1,01031298,匯豐龍鳳基金,,TWD,31.73
201009,AA1,01050013,匯豐成長基金,,TWD,21.29
201009,AA1,73987671,匯豐台灣精典基金,,TWD,16.36
201009,AA1,76941376,匯豐成功基金,,TWD,25.17
201009,AA1,92017794,匯豐龍騰電子基金,,TWD,24.73
201009,AA1,97995664,匯豐中小基金,,TWD,7.15
201009,AA1,01032058,元大多福基金,,TWD,43.48
201009,AA1,17139204,元大新主流基金,,TWD,18.92
201009,AA1,18036281,元大巴菲特基金,,TWD,20.07
201009,AA1,20080023,元大店頭基金,,TWD,8.31
201009,AA1,77537509,元大多元基金,,TWD,11.23
201009,AA1,81584335,元大高科技基金,,TWD,15.07
201009,AA1,83863951,元大經貿基金,,TWD,26.91
201009,AA1,92001765,元大多多基金,,TWD,19.98
201009,AA1,92026219,元大卓越基金,,TWD,38.26
201009,AA1,15588302,景順台灣精選成長基金,,TWD,18.82
201009,AA1,17140568,景順主流基金,,TWD,13.92
201009,AA1,73989256,景順台灣科技基金,,TWD,21.52
201009,AA1,92019786,景順潛力基金,,TWD,24.09
201009,AA1,17603899,保誠電通網基金,,TWD,10.52
201009,AA1,81595924,保誠中小型股基金,,TWD,14.29
201009,AA1,92003102,保誠高科技基金,,TWD,41.83
201009,AA1,92012572,保誠外銷基金,,TWD,26.84
201009,AA1,97978102,保誠掌櫃基金,,TWD,14.3
201009,AA1,97990696,保誠菁華基金,,TWD,17.11
201009,AA1,01032183,保德信高成長基金,,TWD,64.79
201009,AA1,13528977,保德信台商全方位基金,,TWD,24.14
201009,AA1,17602625,保德信新世紀基金,,TWD,7.44
201009,AA1,20097447,保德信第一基金,,TWD,18.79
201009,AA1,73990649,保德信科技島基金,,TWD,18.58
201009,AA1,83866508,保德信中小型股基金,,TWD,34.01
201009,AA1,92013967,保德信金滿意基金,,TWD,29.51
201009,AA1,97988636,保德信店頭市場基金,,TWD,26.11
201009,AA1,01031699,統一全天候基金,,TWD,43.66
201009,AA1,17605622,統一大滿貫基金,,TWD,16.96
201009,AA1,48934304,統一台灣動力基金,,TWD,7.87
201009,AA1,73990253,統一奔騰基金,,TWD,28.6
201009,AA1,77537493,統一統信基金,,TWD,18.74
201009,AA1,81581724,統一經建基金,,TWD,19.91
201009,AA1,92002244,統一黑馬基金,,TWD,27.46
201009,AA1,92012762,統一龍馬基金,,TWD,35.38
201009,AA1,97977878,統一中小基金,,TWD,15.09
201009,AA1,00974018,富邦富邦基金,,TWD,8.55
201009,AA1,10388939,富邦台灣企業社會責任基金,,TWD,12.84
201009,AA1,17148301,富邦台灣心基金,,TWD,12.61
201009,AA1,17153795,富邦價值基金,,TWD,15.22
201009,AA1,17608445,富邦網路基金,,TWD,8.6
201009,AA1,20089755,富邦精銳中小基金,,TWD,8.58
201009,AA1,81585475,富邦高成長基金,,TWD,15.58
201009,AA1,83864683,富邦科技基金,,TWD,21.4
201009,AA1,92002384,富邦精準基金,,TWD,44.56
201009,AA1,92010477,富邦長紅基金,,TWD,41.48
201009,AA1,92010770,富邦台灣鳳凰基金,,TWD,590.91
201009,AA1,97974078,富邦冠軍基金,,TWD,23.28
201009,AA1,00974039,摩根富林明JF台灣基金,,TWD,9.02
201009,AA1,01032162,摩根富林明JF台灣增長基金,,TWD,32.25
201009,AA1,17144945,摩根富林明JF價值成長基金,,TWD,12.96
201009,AA1,25636367,摩根富林明JF台灣金磚基金,,TWD,10.78
201009,AA1,73989501,摩根富林明JF中小基金,,TWD,20.29
201009,AA1,92012025,摩根富林明JF新興科技基金,,TWD,36.33
201009,AA1,99354335,摩根富林明JF台灣微型基金,,TWD,19.44
201009,AA1,00973762,華南永昌永昌基金,,TWD,10.04
201009,AA1,10300929,華南永昌台灣精選基金,,TWD,7.29
201009,AA1,48929007,華南永昌愛台灣基金,,TWD,7.61
201009,AA1,92016839,華南永昌前瞻科技基金,,TWD,12.2
201009,AA1,00974066,寶來二00一基金,,TWD,36.71
201009,AA1,14542287,寶來精準中小基金,,TWD,17.19
201009,AA1,17145070,寶來矽谷基金,,TWD,12.53
201009,AA1,25614244,寶來寶來（Ａ）基金,,TWD,10.14
201009,AA1,25614244,寶來寶來（Ｂ）基金,,TWD,10.14
201009,AA1,92004566,寶來績效基金,,TWD,30.16
201009,AA1,00974241,新光台灣富貴基金,,TWD,19.93
201009,AA1,13986924,新光大三通基金,,TWD,17.47
201009,AA1,73998071,新光店頭基金,,TWD,19.74
201009,AA1,81580149,新光國家建設基金,,TWD,19.6
201009,AA1,81585242,新光創新科技基金,,TWD,10.93
201009,AA1,92000533,新光台灣永發基金,,TWD,12.73
201009,AA1,19339782,群益創新科技基金,,TWD,21.12
201009,AA1,20081352,群益店頭市場基金,,TWD,47.02
201009,AA1,48675778,群益奧斯卡基金,,TWD,17.18
201009,AA1,48749899,群益葛萊美基金,,TWD,13.35
201009,AA1,81591434,群益長安基金,,TWD,16.6
201009,AA1,92028997,群益中小型股基金,,TWD,27.81
201009,AA1,97984293,群益馬拉松基金,,TWD,68.49
201009,AA1,18033138,德信數位時代基金,,TWD,16.2
201009,AA1,73988171,德信全方位基金,,TWD,12.08
201009,AA1,97972846,大發基金,,TWD,17.32
201009,AA1,20094672,金鼎寶櫃基金,,TWD,10.8
201009,AA1,73999260,金鼎行動基金,,TWD,13.86
201009,AA1,97982984,金鼎概念型基金,,TWD,27.05
201009,AA1,97997635,金鼎大利基金,,TWD,28.9
201009,AA1,17147078,日盛精選五虎基金,,TWD,19.39
201009,AA1,17607591,日盛高科技基金,,TWD,9.97
201009,AA1,20084317,日盛日盛基金,,TWD,11.63
201009,AA1,48948481,日盛首選基金,,TWD,9.28
201009,AA1,73988876,日盛小而美基金,,TWD,13.79
201009,AA1,81584975,日盛上選基金,,TWD,24.7
201009,AA1,94991068,日盛新台商基金,,TWD,28.36
201009,AA1,20094820,柏瑞巨人基金,,TWD,8.98
201009,AA1,17608487,復華數位經濟基金,,TWD,19.25
201009,AA1,18488279,復華中小精選基金,,TWD,25.75
201009,AA1,21759676,復華全方位基金,,TWD,11.92
201009,AA1,73998086,復華高成長基金,,TWD,27.76
201009,AA1,81587889,復華復華基金,,TWD,8.19
201009,AA1,17602821,台灣工銀2000高科技基金,,TWD,15.53
201009,AA1,48801228,台灣工銀新台灣基金,,TWD,12.3
201009,AA1,80894446,台灣工銀中國通基金,,TWD,17.65
201009,AA1,81588536,台灣工銀大眾基金,,TWD,18.13
201009,AA1,13998344,永豐中小基金,,TWD,45.35
201009,AA1,17152509,永豐高科技基金,,TWD,12.26
201009,AA1,73992013,永豐領航科技基金,,TWD,18.16
201009,AA1,81594690,永豐永豐基金,,TWD,27.31
201009,AA1,17141187,富鼎半導體科技基金,,TWD,10.83
201009,AA1,48809501,富鼎台灣優勢基金,,TWD,9.92
201009,AA1,48893417,富鼎台灣活力基金,,TWD,6.6
201009,AA1,17144889,宏利台灣動力基金,,TWD,13.45
201009,AA1,73982057,宏利宏利基金,,TWD,13.77
201009,AA1,18031960,安多利高科技基金,,TWD,7.29
201009,AA1,19330712,華寶利基金,,TWD,9.04
201009,AA1,00968493,安泰ING鴻運基金,,TWD,10.88
201009,AA1,00988316,安泰ING台灣運籌基金,,TWD,16.93
201009,AA1,01031564,安泰ING積極成長基金,,TWD,6.51
201009,AA1,17146752,安泰ING成長基金,,TWD,15.35
201009,AA1,17600534,安泰ING高科技基金,,TWD,5.71
201009,AA1,18037937,安泰INGｅ科技基金,,TWD,11.49
201009,AA1,18488469,安泰ING中小基金,,TWD,21.76
201009,AA1,19330754,安泰ING優質基金,,TWD,19.1
201009,AA1,99973878,安泰ING台灣高股息基金,,TWD,16.35
201009,AA1,14693572,聯邦台灣創新基金,,TWD,13.53
201009,AA1,17597236,聯邦精選科技基金,,TWD,7.96
201009,AA1,18496290,聯邦中國龍基金,,TWD,15.98
201009,AA1,10341251,台壽保台灣新趨勢基金,,TWD,13.84
201009,AA1,17597600,台壽保阿波羅基金,,TWD,8.87
201009,AA1,17604124,德盛台灣大壩基金,,TWD,9.01
201009,AA1,18480065,德盛科技大壩基金,,TWD,18.77
201009,AA1,48997911,德盛安聯台灣智慧趨勢基金,,TWD,11.46
201009,AA1,01031874,國泰小龍基金,,TWD,11.18
201009,AA1,14705562,國泰科技生化基金,,TWD,24.85
201009,AA1,17612497,國泰國泰基金,,TWD,14.72
201009,AA1,18043059,國泰中小成長基金,,TWD,32.02
201009,AA1,19291128,國泰大中華基金,,TWD,19.36
201009,AA1,48948623,國泰台灣計量基金,,TWD,10.02
201009,AA1,13984165,富達台灣成長基金,,TWD,20.48
201009,AA1,10342250,德銀遠東DWS台灣精選主題,,TWD,13.54
201009,AA1,14545897,德銀遠東DWS科技,,TWD,14.8
201009,AA1,18499732,德銀遠東DWS台灣旗艦,,TWD,15.92
201009,AA1,13539952,凱基開創基金,,TWD,13.55
201009,AA1,25612029,凱基台灣精五門基金,,TWD,12.25
201009,AA1,48944204,凱基台灣電利基金,,TWD,6.02
201009,AA1,25601923,施羅德台灣主動基金,,TWD,12
201009,AA1,48948834,施羅德樂活中小基金,,TWD,10.18
201009,AA1,14694495,華頓台灣基金,,TWD,19.72
201009,AA1,48731589,華頓典範科技基金,,TWD,10.62
201009,AA1,80892778,華頓中小型基金,,TWD,23.07
201009,AA1,10337833,康和比聯台灣紅不讓基金,,TWD,12.89
201009,AA1,15733973,富蘭克林華美第一富基金,,TWD,25.01
201009,AA1,29222213,台新台新基金,,TWD,8.57
201009,AA1,48858663,台新主流基金,,TWD,9.99
201012,AA1,00965469,兆豐國際第一基金,,TWD,13.14
201012,AA1,01050148,兆豐國際國民基金,,TWD,26.07
201012,AA1,10341837,兆豐國際豐台灣基金,,TWD,21.74
201012,AA1,73991751,兆豐國際電子基金,,TWD,18.25
201012,AA1,81584996,兆豐國際中小基金,,TWD,14.11
201012,AA1,92003790,兆豐國際精選二十基金,,TWD,11.46
201012,AA1,00968521,第一金福元基金,,TWD,8.19
201012,AA1,01032803,第一金萬得福基金,,TWD,12.7
201012,AA1,10300195,第一金金鑽基金,,TWD,9.7
201012,AA1,15739619,第一金大中華基金,,TWD,20.15
201012,AA1,19341318,第一金電子基金,,TWD,17.03
201012,AA1,20092528,第一金店頭市場基金,,TWD,8.31
201012,AA1,26202396,第一金創新趨勢基金,,TWD,10.66
201012,AA1,48929409,第一金台灣成長基金,,TWD,7.39
201012,AA1,73989002,第一金小型精選基金,,TWD,20.34
201012,AA1,97980043,第一金福王基金,,TWD,13.25
201012,AA1,01031298,匯豐龍鳳基金,,TWD,34.82
201012,AA1,01050013,匯豐成長基金,,TWD,23.03
201012,AA1,73987671,匯豐台灣精典基金,,TWD,18.32
201012,AA1,76941376,匯豐成功基金,,TWD,27.75
201012,AA1,92017794,匯豐龍騰電子基金,,TWD,26.43
201012,AA1,97995664,匯豐中小基金,,TWD,7.55
201012,AA1,01032058,元大多福基金,,TWD,44.41
201012,AA1,17139204,元大新主流基金,,TWD,20.51
201012,AA1,18036281,元大巴菲特基金,,TWD,21.37
201012,AA1,20080023,元大店頭基金,,TWD,8.16
201012,AA1,77537509,元大多元基金,,TWD,12.29
201012,AA1,81584335,元大高科技基金,,TWD,15.42
201012,AA1,83863951,元大經貿基金,,TWD,27.91
201012,AA1,92001765,元大多多基金,,TWD,21.06
201012,AA1,92026219,元大卓越基金,,TWD,41.27
201012,AA1,15588302,景順台灣精選成長基金,,TWD,20.59
201012,AA1,17140568,景順主流基金,,TWD,14.98
201012,AA1,73989256,景順台灣科技基金,,TWD,22.67
201012,AA1,92019786,景順潛力基金,,TWD,26.13
201012,AA1,17603899,保誠電通網基金,,TWD,10.26
201012,AA1,81595924,保誠中小型股基金,,TWD,14.25
201012,AA1,92003102,保誠高科技基金,,TWD,41
201012,AA1,92012572,保誠外銷基金,,TWD,28.04
201012,AA1,97978102,保誠掌櫃基金,,TWD,14.11
201012,AA1,97990696,保誠菁華基金,,TWD,17.41
201012,AA1,01032183,保德信高成長基金,,TWD,69.83
201012,AA1,13528977,保德信台商全方位基金,,TWD,25.24
201012,AA1,17602625,保德信新世紀基金,,TWD,8.38
201012,AA1,20097447,保德信第一基金,,TWD,19.67
201012,AA1,73990649,保德信科技島基金,,TWD,18.65
201012,AA1,83866508,保德信中小型股基金,,TWD,35.8
201012,AA1,92013967,保德信金滿意基金,,TWD,32.35
201012,AA1,97988636,保德信店頭市場基金,,TWD,26.05
201012,AA1,01031699,統一全天候基金,,TWD,46
201012,AA1,17605622,統一大滿貫基金,,TWD,17.88
201012,AA1,48934304,統一台灣動力基金,,TWD,8.65
201012,AA1,73990253,統一奔騰基金,,TWD,32.02
201012,AA1,77537493,統一統信基金,,TWD,19.74
201012,AA1,81581724,統一經建基金,,TWD,22.03
201012,AA1,92002244,統一黑馬基金,,TWD,30.3
201012,AA1,92012762,統一龍馬基金,,TWD,38.97
201012,AA1,97977878,統一中小基金,,TWD,14.54
201012,AA1,00974018,富邦富邦基金,,TWD,8.92
201012,AA1,10388939,富邦台灣企業社會責任基金-A類型,,TWD,13.16
201012,AA1,10388939,富邦台灣企業社會責任基金-B類型,,TWD,13.16
201012,AA1,17148301,富邦台灣心基金,,TWD,12.9
201012,AA1,17153795,富邦價值基金,,TWD,16.3
201012,AA1,17608445,富邦網路基金,,TWD,8.52
201012,AA1,20089755,富邦精銳中小基金,,TWD,9.37
201012,AA1,81585475,富邦高成長基金,,TWD,17.46
201012,AA1,83864683,富邦科技基金,,TWD,21.34
201012,AA1,92002384,富邦精準基金,,TWD,45.49
201012,AA1,92010477,富邦長紅基金,,TWD,43.51
201012,AA1,92010770,富邦台灣鳳凰基金,,TWD,593.43
201012,AA1,97974078,富邦冠軍基金,,TWD,23.35
201012,AA1,00974039,摩根富林明JF台灣基金,,TWD,9.59
201012,AA1,01032162,摩根富林明JF台灣增長基金,,TWD,34.29
201012,AA1,17144945,摩根富林明JF價值成長基金,,TWD,13.84
201012,AA1,25636367,摩根富林明JF台灣金磚基金,,TWD,11.79
201012,AA1,73989501,摩根富林明JF中小基金,,TWD,21.44
201012,AA1,92012025,摩根富林明JF新興科技基金,,TWD,37.41
201012,AA1,99354335,摩根富林明JF台灣微型基金,,TWD,20.45
201012,AA1,00973762,華南永昌永昌基金,,TWD,10.22
201012,AA1,10300929,華南永昌台灣精選基金,,TWD,7.75
201012,AA1,26279964,華南永昌中小型基金,,TWD,10
201012,AA1,48929007,華南永昌愛台灣基金,,TWD,7.88
201012,AA1,92016839,華南永昌前瞻科技基金,,TWD,12.16
201012,AA1,00974066,寶來二00一基金,,TWD,37.67
201012,AA1,14542287,寶來精準中小基金,,TWD,17.05
201012,AA1,17145070,寶來矽谷基金,,TWD,12.71
201012,AA1,25614244,寶來寶來（Ａ）基金,,TWD,10.56
201012,AA1,25614244,寶來寶來（Ｂ）基金,,TWD,10.57
201012,AA1,92004566,寶來績效基金,,TWD,32.63
201012,AA1,00974241,新光台灣富貴基金,,TWD,20.44
201012,AA1,13986924,新光大三通基金,,TWD,17.6
201012,AA1,73998071,新光店頭基金,,TWD,19.35
201012,AA1,81580149,新光國家建設基金,,TWD,19.33
201012,AA1,81585242,新光創新科技基金,,TWD,10.91
201012,AA1,92000533,新光台灣永發基金,,TWD,12.9
201012,AA1,19339782,群益創新科技基金,,TWD,23.83
201012,AA1,20081352,群益店頭市場基金,,TWD,48.85
201012,AA1,48675778,群益奧斯卡基金,,TWD,17.89
201012,AA1,48749899,群益葛萊美基金,,TWD,14.37
201012,AA1,81591434,群益長安基金,,TWD,17.94
201012,AA1,92028997,群益中小型股基金,,TWD,28.49
201012,AA1,97984293,群益馬拉松基金,,TWD,74.42
201012,AA1,18033138,德信數位時代基金,,TWD,15.86
201012,AA1,73988171,德信全方位基金,,TWD,12.43
201012,AA1,97972846,德信大發基金,,TWD,18.04
201012,AA1,20094672,金鼎寶櫃基金,,TWD,10.45
201012,AA1,73999260,金鼎行動基金,,TWD,14.29
201012,AA1,97982984,金鼎概念型基金,,TWD,27.14
201012,AA1,97997635,金鼎大利基金,,TWD,29.4
201012,AA1,17147078,日盛精選五虎基金,,TWD,20.44
201012,AA1,17607591,日盛高科技基金,,TWD,10
201012,AA1,20084317,日盛日盛基金,,TWD,11.5
201012,AA1,26273336,日盛MIT主流基金,,TWD,9.95
201012,AA1,48948481,日盛首選基金,,TWD,9.6
201012,AA1,73988876,日盛小而美基金,,TWD,13.66
201012,AA1,81584975,日盛上選基金,,TWD,24.7
201012,AA1,94991068,日盛新台商基金,,TWD,28.12
201012,AA1,20094820,柏瑞巨人基金,,TWD,8.93
201012,AA1,17608487,復華數位經濟基金,,TWD,19.7
201012,AA1,18488279,復華中小精選基金,,TWD,26.47
201012,AA1,21759676,復華全方位基金,,TWD,12.5
201012,AA1,73998086,復華高成長基金,,TWD,28.09
201012,AA1,81587889,復華復華基金,,TWD,9.29
201012,AA1,13998344,永豐中小基金,,TWD,45.61
201012,AA1,17152509,永豐高科技基金,,TWD,12.7
201012,AA1,73992013,永豐領航科技基金,,TWD,17.92
201012,AA1,81594690,永豐永豐基金,,TWD,29.53
201012,AA1,17141187,富鼎半導體科技基金,,TWD,10.54
201012,AA1,48809501,富鼎台灣優勢基金,,TWD,11.16
201012,AA1,48893417,富鼎台灣活力基金,,TWD,7.43
201012,AA1,17144889,宏利台灣動力基金,,TWD,14.51
201012,AA1,73982057,宏利宏利基金,,TWD,14.7
201012,AA1,18031960,安多利高科技基金,,TWD,7.04
201012,AA1,19330712,貝萊德寶利基金,,TWD,9.76
201012,AA1,00968493,安泰ING鴻運基金,,TWD,10.86
201012,AA1,00988316,安泰ING台灣運籌基金,,TWD,17.98
201012,AA1,01031564,安泰ING積極成長基金,,TWD,6.56
201012,AA1,17146752,安泰ING成長基金,,TWD,15.47
201012,AA1,17600534,安泰ING高科技基金,,TWD,5.67
201012,AA1,18037937,安泰INGｅ科技基金,,TWD,11.45
201012,AA1,18488469,安泰ING中小基金,,TWD,21.5
201012,AA1,19330754,安泰ING優質基金,,TWD,19.38
201012,AA1,99973878,安泰ING台灣高股息基金,,TWD,16.16
201012,AA1,14693572,聯邦台灣創新基金,,TWD,13.58
201012,AA1,17597236,聯邦精選科技基金,,TWD,7.66
201012,AA1,18496290,聯邦中國龍基金,,TWD,15.57
201012,AA1,10341251,台壽保台灣新趨勢基金,,TWD,13.34
201012,AA1,17597600,台壽保阿波羅基金,,TWD,8.7
201012,AA1,17604124,德盛台灣大壩基金,,TWD,9.29
201012,AA1,18480065,德盛科技大壩基金,,TWD,18.79
201012,AA1,48997911,德盛安聯台灣智慧趨勢基金,,TWD,11.53
201012,AA1,01031874,國泰小龍基金,,TWD,11.8
201012,AA1,14705562,國泰科技生化基金,,TWD,25.85
201012,AA1,17612497,國泰國泰基金,,TWD,15.51
201012,AA1,18043059,國泰中小成長基金,,TWD,32.94
201012,AA1,19291128,國泰大中華基金,,TWD,20.33
201012,AA1,48948623,國泰台灣計量基金,,TWD,10.41
201012,AA1,13984165,富達台灣成長基金,,TWD,21.67
201012,AA1,10342250,德銀遠東DWS台灣精選主題基金,,TWD,14.35
201012,AA1,14545897,德銀遠東DWS科技基金,,TWD,15.31
201012,AA1,18499732,德銀遠東DWS台灣旗艦基金,,TWD,17.13
201012,AA1,13539952,凱基開創基金,,TWD,14.23
201012,AA1,25612029,凱基台灣精五門基金,,TWD,14.08
201012,AA1,25601923,施羅德台灣主動基金,,TWD,12.54
201012,AA1,48948834,施羅德樂活中小基金,,TWD,10.69
201012,AA1,14694495,華頓台灣基金,,TWD,20.74
201012,AA1,48731589,華頓典範科技基金,,TWD,10.68
201012,AA1,80892778,華頓中小型基金,,TWD,21.79
201012,AA1,10337833,康和比聯台灣紅不讓基金,,TWD,14.01
201012,AA1,15733973,富蘭克林華美第一富基金,,TWD,25.92
201012,AA1,17602821,台灣工銀2000高科技基金,,TWD,15.7
201012,AA1,29222213,台新台新基金,,TWD,9.21
201012,AA1,48801228,台灣工銀新台灣基金,,TWD,12.09
201012,AA1,48858663,台新主流基金,,TWD,10.68
201012,AA1,80894446,台灣工銀中國通基金,,TWD,18.42
201012,AA1,81588536,台灣工銀大眾基金,,TWD,17.89
201103,AA1,00965469,兆豐國際第一基金,,TWD,13.81
201103,AA1,01050148,兆豐國際國民基金,,TWD,25.81
201103,AA1,10341837,兆豐國際豐台灣基金,,TWD,20.21
201103,AA1,73991751,兆豐國際電子基金,,TWD,18.1
201103,AA1,81584996,兆豐國際中小基金,,TWD,14.92
201103,AA1,92003790,兆豐國際精選二十基金,,TWD,11.24
201103,AA1,00968521,第一金福元基金,,TWD,7.84
201103,AA1,01032803,第一金萬得福基金,,TWD,12.08
201103,AA1,10300195,第一金金鑽基金,,TWD,9.54
201103,AA1,15739619,第一金大中華基金,,TWD,19.32
201103,AA1,19341318,第一金電子基金,,TWD,17.61
201103,AA1,20092528,第一金店頭市場基金,,TWD,8.17
201103,AA1,26202396,第一金創新趨勢基金,,TWD,10.7
201103,AA1,48929409,第一金台灣成長基金,,TWD,7.3
201103,AA1,73989002,第一金小型精選基金,,TWD,19.26
201103,AA1,97980043,第一金福王基金,,TWD,12.39
201103,AA1,01031298,匯豐龍鳳基金,,TWD,34.49
201103,AA1,01050013,匯豐成長基金,,TWD,22.6
201103,AA1,73987671,匯豐台灣精典基金,,TWD,17.88
201103,AA1,76941376,匯豐成功基金,,TWD,28.31
201103,AA1,92017794,匯豐龍騰電子基金,,TWD,26.11
201103,AA1,97995664,匯豐中小基金,,TWD,7.62
201103,AA1,01032058,元大多福基金,,TWD,40.43
201103,AA1,17139204,元大新主流基金,,TWD,18.47
201103,AA1,18036281,元大巴菲特基金,,TWD,19.1
201103,AA1,20080023,元大店頭基金,,TWD,7.71
201103,AA1,77537509,元大多元基金,,TWD,10.97
201103,AA1,81584335,元大高科技基金,,TWD,14.65
201103,AA1,83863951,元大經貿基金,,TWD,25.7
201103,AA1,92001765,元大多多基金,,TWD,19.05
201103,AA1,92026219,元大卓越基金,,TWD,40.51
201103,AA1,15588302,景順台灣精選成長基金,,TWD,20.45
201103,AA1,17140568,景順主流基金,,TWD,14.61
201103,AA1,73989256,景順台灣科技基金,,TWD,21.49
201103,AA1,92019786,景順潛力基金,,TWD,26.21
201103,AA1,17603899,保誠電通網基金,,TWD,10.1
201103,AA1,81595924,保誠中小型股基金,,TWD,14.43
201103,AA1,92003102,保誠高科技基金,,TWD,40.69
201103,AA1,92012572,保誠外銷基金,,TWD,27.51
201103,AA1,97978102,保誠掌櫃基金,,TWD,14.27
201103,AA1,97990696,保誠菁華基金,,TWD,16.91
201103,AA1,01032183,保德信高成長基金,,TWD,70.35
201103,AA1,13528977,保德信台商全方位基金,,TWD,25.03
201103,AA1,17602625,保德信新世紀基金,,TWD,8.18
201103,AA1,20097447,保德信第一基金,,TWD,19.59
201103,AA1,73990649,保德信科技島基金,,TWD,18.28
201103,AA1,83866508,保德信中小型股基金,,TWD,33.47
201103,AA1,92013967,保德信金滿意基金,,TWD,31.45
201103,AA1,97988636,保德信店頭市場基金,,TWD,25.48
201103,AA1,01031699,統一全天候基金,,TWD,47.98
201103,AA1,17605622,統一大滿貫基金,,TWD,19.6
201103,AA1,48934304,統一台灣動力基金,,TWD,9.29
201103,AA1,73990253,統一奔騰基金,,TWD,32.42
201103,AA1,77537493,統一統信基金,,TWD,20.23
201103,AA1,81581724,統一經建基金,,TWD,22.54
201103,AA1,92002244,統一黑馬基金,,TWD,31.4
201103,AA1,92012762,統一龍馬基金,,TWD,40.38
201103,AA1,97977878,統一中小基金,,TWD,14.48
201103,AA1,00974018,富邦富邦基金,,TWD,8.94
201103,AA1,10388939,富邦台灣企業社會責任基金-A類型,,TWD,13.36
201103,AA1,10388939,富邦台灣企業社會責任基金-B類型,,TWD,13.36
201103,AA1,17148301,富邦台灣心基金,,TWD,13.05
201103,AA1,17153795,富邦價值基金,,TWD,17.02
201103,AA1,17608445,富邦網路基金,,TWD,8.68
201103,AA1,20089755,富邦精銳中小基金,,TWD,9.75
201103,AA1,81585475,富邦高成長基金,,TWD,17.66
201103,AA1,83864683,富邦科技基金,,TWD,22.17
201103,AA1,92002384,富邦精準基金,,TWD,44
201103,AA1,92010477,富邦長紅基金,,TWD,45.42
201103,AA1,92010770,富邦台灣鳳凰基金,,TWD,559.6
201103,AA1,97974078,富邦冠軍基金,,TWD,22.14
201103,AA1,00974039,摩根富林明JF台灣基金,,TWD,9.39
201103,AA1,01032162,摩根富林明JF台灣增長基金,,TWD,33.59
201103,AA1,17144945,摩根富林明JF價值成長基金,,TWD,13.64
201103,AA1,25636367,摩根富林明JF台灣金磚基金,,TWD,11.77
201103,AA1,73989501,摩根富林明JF中小基金,,TWD,20.66
201103,AA1,92012025,摩根富林明JF新興科技基金,,TWD,35.51
201103,AA1,99354335,摩根富林明JF台灣微型基金,,TWD,19.58
201103,AA1,00973762,華南永昌永昌基金,,TWD,9.88
201103,AA1,10300929,華南永昌台灣精選基金,,TWD,7.79
201103,AA1,26279964,華南永昌中小型基金,,TWD,9.71
201103,AA1,48929007,華南永昌愛台灣基金,,TWD,7.72
201103,AA1,92016839,華南永昌前瞻科技基金,,TWD,12.02
201103,AA1,00974066,寶來二00一基金,,TWD,36.36
201103,AA1,14542287,寶來精準中小基金,,TWD,16.74
201103,AA1,17145070,寶來矽谷基金,,TWD,12.54
201103,AA1,25614244,寶來寶來(A)基金,,TWD,10.18
201103,AA1,25614244,寶來寶來(B)基金,,TWD,10.18
201103,AA1,92004566,寶來績效基金,,TWD,28.11
201103,AA1,00974241,新光台灣富貴基金,,TWD,18.86
201103,AA1,13986924,新光大三通基金,,TWD,16.8
201103,AA1,73998071,新光店頭基金,,TWD,18.75
201103,AA1,81580149,新光國家建設基金,,TWD,18.93
201103,AA1,81585242,新光創新科技基金,,TWD,10.75
201103,AA1,92000533,新光台灣永發基金,,TWD,12.03
201103,AA1,19339782,群益創新科技基金,,TWD,23.56
201103,AA1,20081352,群益店頭市場基金,,TWD,48.49
201103,AA1,48675778,群益奧斯卡基金,,TWD,17.72
201103,AA1,48749899,群益葛萊美基金,,TWD,14.01
201103,AA1,81591434,群益長安基金,,TWD,18.06
201103,AA1,92028997,群益中小型股基金,,TWD,27.49
201103,AA1,97984293,群益馬拉松基金,,TWD,73.43
201103,AA1,18033138,德信數位時代基金,,TWD,15.53
201103,AA1,26288534,德信台灣主流中小基金,,TWD,10.03
201103,AA1,73988171,德信全方位基金,,TWD,11.68
201103,AA1,97972846,德信大發基金,,TWD,17.77
201103,AA1,20094672,匯達寶櫃基金,,TWD,9.27
201103,AA1,73999260,匯達行動基金,,TWD,13.54
201103,AA1,97982984,匯達概念型基金,,TWD,24.33
201103,AA1,97997635,匯達大利基金,,TWD,26.27
201103,AA1,17147078,日盛精選五虎基金,,TWD,21.03
201103,AA1,17607591,日盛高科技基金,,TWD,9.47
201103,AA1,20084317,日盛日盛基金,,TWD,10.77
201103,AA1,26273336,日盛MIT主流基金,,TWD,9.44
201103,AA1,48948481,日盛首選基金,,TWD,8.76
201103,AA1,73988876,日盛小而美基金,,TWD,13.35
201103,AA1,81584975,日盛上選基金,,TWD,23.29
201103,AA1,94991068,日盛新台商基金,,TWD,27.11
201103,AA1,20094820,柏瑞巨人基金,,TWD,9.32
201103,AA1,17608487,復華數位經濟基金,,TWD,18.57
201103,AA1,18488279,復華中小精選基金,,TWD,25.77
201103,AA1,21759676,復華全方位基金,,TWD,12.17
201103,AA1,73998086,復華高成長基金,,TWD,26.42
201103,AA1,81587889,復華復華基金,,TWD,9.6
201103,AA1,13998344,永豐中小基金,,TWD,41.21
201103,AA1,17152509,永豐高科技基金,,TWD,12.02
201103,AA1,73992013,永豐領航科技基金,,TWD,17.31
201103,AA1,81594690,永豐永豐基金,,TWD,27.49
201103,AA1,17141187,富鼎半導體科技基金,,TWD,10.39
201103,AA1,48809501,富鼎台灣優勢基金,,TWD,11.06
201103,AA1,48893417,富鼎台灣活力基金,,TWD,7.34
201103,AA1,17144889,宏利台灣動力基金,,TWD,13.87
201103,AA1,73982057,宏利宏利基金,,TWD,14.16
201103,AA1,18031960,安多利高科技基金,,TWD,6.46
201103,AA1,19330712,貝萊德寶利基金,,TWD,9.33
201103,AA1,00968493,安泰ING鴻運基金,,TWD,10.82
201103,AA1,00988316,安泰ING台灣運籌基金,,TWD,17.08
201103,AA1,01031564,安泰ING積極成長基金,,TWD,6.42
201103,AA1,17146752,安泰ING成長基金,,TWD,15.23
201103,AA1,17600534,安泰ING高科技基金,,TWD,5.84
201103,AA1,18037937,安泰INGｅ科技基金,,TWD,11.82
201103,AA1,18488469,安泰ING中小基金,,TWD,21.7
201103,AA1,19330754,安泰ING優質基金,,TWD,18.96
201103,AA1,99973878,安泰ING台灣高股息基金,,TWD,14.97
201103,AA1,14693572,聯邦台灣創新基金,,TWD,13.13
201103,AA1,17597236,聯邦精選科技基金,,TWD,7.26
201103,AA1,18496290,聯邦中國龍基金,,TWD,14.57
201103,AA1,10341251,台壽保台灣新趨勢基金,,TWD,12.54
201103,AA1,17597600,台壽保阿波羅基金,,TWD,8.06
201103,AA1,17604124,德盛台灣大壩基金,,TWD,9.33
201103,AA1,18480065,德盛科技大壩基金,,TWD,19.22
201103,AA1,48997911,德盛安聯台灣智慧趨勢基金,,TWD,11.5
201103,AA1,01031874,國泰小龍基金,,TWD,11.61
201103,AA1,14705562,國泰科技生化基金,,TWD,25.66
201103,AA1,17612497,國泰國泰基金,,TWD,15.45
201103,AA1,18043059,國泰中小成長基金,,TWD,32.48
201103,AA1,19291128,國泰大中華基金,,TWD,19.77
201103,AA1,48948623,國泰台灣計量基金,,TWD,10.2
201103,AA1,13984165,富達台灣成長基金,,TWD,20.57
201103,AA1,10342250,德銀遠東DWS台灣精選主題基金,,TWD,13.82
201103,AA1,14545897,德銀遠東DWS科技基金,,TWD,14.35
201103,AA1,18499732,德銀遠東DWS台灣旗艦基金,,TWD,16.47
201103,AA1,13539952,凱基開創基金,,TWD,14.5
201103,AA1,25612029,凱基台灣精五門基金,,TWD,14.23
201103,AA1,25601923,施羅德台灣主動基金,,TWD,12.5
201103,AA1,48948834,施羅德樂活中小基金,,TWD,10.72
201103,AA1,14694495,華頓台灣基金,,TWD,20.39
201103,AA1,48731589,華頓典範科技基金,,TWD,10.7
201103,AA1,80892778,華頓中小型基金,,TWD,21.21
201103,AA1,10337833,康和比聯台灣紅不讓基金,,TWD,13.45
201103,AA1,15733973,富蘭克林華美第一富基金,,TWD,25.68
201103,AA1,17602821,台新2000高科技基金,,TWD,15.24
201103,AA1,29222213,台新台新基金,,TWD,8.95
201103,AA1,48801228,台灣工銀新台灣基金,,TWD,12.16
201103,AA1,48858663,台新主流基金,,TWD,10.2
201103,AA1,80894446,台新中國通基金,,TWD,17.87
201103,AA1,81588536,台新大眾基金,,TWD,17.1
201106,AA1,00965469,兆豐國際第一基金,,TWD,12.8
201106,AA1,01050148,兆豐國際國民基金,,TWD,25.11
201106,AA1,10341837,兆豐國際豐台灣基金,,TWD,21.35
201106,AA1,73991751,兆豐國際電子基金,,TWD,17.88
201106,AA1,81584996,兆豐國際中小基金,,TWD,13.81
201106,AA1,92003790,兆豐國際精選二十基金,,TWD,11.23
201106,AA1,00968521,第一金福元基金,,TWD,8.14
201106,AA1,01032803,第一金萬得福基金,,TWD,11.53
201106,AA1,10300195,第一金金鑽基金,,TWD,9.55
201106,AA1,15739619,第一金大中華基金,,TWD,19.63
201106,AA1,19341318,第一金電子基金,,TWD,17.82
201106,AA1,20092528,第一金店頭市場基金,,TWD,8.24
201106,AA1,26202396,第一金創新趨勢基金,,TWD,10.95
201106,AA1,48929409,第一金台灣成長基金,,TWD,7.08
201106,AA1,73989002,第一金小型精選基金,,TWD,19.9
201106,AA1,97980043,第一金福王基金,,TWD,12.44
201106,AA1,01031298,匯豐龍鳳基金,,TWD,35.53
201106,AA1,01050013,匯豐成長基金,,TWD,22.71
201106,AA1,73987671,匯豐台灣精典基金,,TWD,18.19
201106,AA1,76941376,匯豐成功基金,,TWD,29.35
201106,AA1,92017794,匯豐龍騰電子基金,,TWD,25.78
201106,AA1,97995664,匯豐中小基金,,TWD,7.73
201106,AA1,01032058,元大多福基金,,TWD,39.85
201106,AA1,17139204,元大新主流基金,,TWD,17.39
201106,AA1,18036281,元大巴菲特基金,,TWD,18.84
201106,AA1,20080023,元大店頭基金,,TWD,7.42
201106,AA1,77537509,元大多元基金,,TWD,11.08
201106,AA1,81584335,元大高科技基金,,TWD,13.81
201106,AA1,83863951,元大經貿基金,,TWD,25.24
201106,AA1,92001765,元大多多基金,,TWD,17.9
201106,AA1,92026219,元大卓越基金,,TWD,39.74
201106,AA1,15588302,景順台灣精選成長基金,,TWD,20.53
201106,AA1,17140568,景順主流基金,,TWD,14.91
201106,AA1,73989256,景順台灣科技基金,,TWD,22.23
201106,AA1,92019786,景順潛力基金,,TWD,26.88
201106,AA1,17603899,保誠電通網基金,,TWD,9.83
201106,AA1,81595924,保誠中小型股基金,,TWD,14.55
201106,AA1,92003102,保誠高科技基金,,TWD,40.8
201106,AA1,92012572,保誠外銷基金,,TWD,27.91
201106,AA1,97978102,保誠掌櫃基金,,TWD,13.95
201106,AA1,97990696,保誠菁華基金,,TWD,16.26
201106,AA1,01032183,保德信高成長基金,,TWD,66.86
201106,AA1,13528977,保德信台商全方位基金,,TWD,24.54
201106,AA1,17602625,保德信新世紀基金,,TWD,8.4
201106,AA1,20097447,保德信第一基金,,TWD,19.33
201106,AA1,73990649,保德信科技島基金,,TWD,18.27
201106,AA1,83866508,保德信中小型股基金,,TWD,31.95
201106,AA1,92013967,保德信金滿意基金,,TWD,31.94
201106,AA1,97988636,保德信店頭市場基金,,TWD,24.94
201106,AA1,01031699,統一全天候基金,,TWD,49.09
201106,AA1,17605622,統一大滿貫基金,,TWD,19.88
201106,AA1,48934304,統一台灣動力基金,,TWD,9.03
201106,AA1,73990253,統一奔騰基金,,TWD,31.28
201106,AA1,77537493,統一統信基金,,TWD,19.86
201106,AA1,81581724,統一經建基金,,TWD,22.21
201106,AA1,92002244,統一黑馬基金,,TWD,30.32
201106,AA1,92012762,統一龍馬基金,,TWD,38.54
201106,AA1,97977878,統一中小基金,,TWD,13.42
201106,AA1,00974018,富邦富邦基金,,TWD,8.96
201106,AA1,10388939,富邦台灣企業社會責任基金-A類型,,TWD,13.06
201106,AA1,10388939,富邦台灣企業社會責任基金-B類型,,TWD,10.81
201106,AA1,17148301,富邦台灣心基金,,TWD,13.22
201106,AA1,17153795,富邦價值基金,,TWD,17.35
201106,AA1,17608445,富邦網路基金,,TWD,7.81
201106,AA1,20089755,富邦精銳中小基金,,TWD,10.08
201106,AA1,81585475,富邦高成長基金,,TWD,18.2
201106,AA1,83864683,富邦科技基金,,TWD,19.39
201106,AA1,92002384,富邦精準基金,,TWD,45.82
201106,AA1,92010477,富邦長紅基金,,TWD,45.83
201106,AA1,92010770,富邦台灣鳳凰基金,,TWD,594.65
201106,AA1,97974078,富邦冠軍基金,,TWD,24.06
201106,AA1,00974039,摩根富林明JF台灣基金,,TWD,9.57
201106,AA1,01032162,摩根富林明JF台灣增長基金,,TWD,34.21
201106,AA1,17144945,摩根富林明JF價值成長基金,,TWD,14.16
201106,AA1,25636367,摩根富林明JF台灣金磚基金,,TWD,12.09
201106,AA1,73989501,摩根富林明JF中小基金,,TWD,21.37
201106,AA1,92012025,摩根富林明JF新興科技基金,,TWD,35.13
201106,AA1,99354335,摩根富林明JF台灣微型基金,,TWD,20.36
201106,AA1,00973762,華南永昌永昌基金,,TWD,10.41
201106,AA1,10300929,華南永昌台灣精選基金,,TWD,8.05
201106,AA1,26279964,華南永昌中小型基金,,TWD,9.14
201106,AA1,48929007,華南永昌愛台灣基金,,TWD,7.29
201106,AA1,92016839,華南永昌前瞻科技基金,,TWD,12.07
201106,AA1,00974066,寶來2001基金,,TWD,35.11
201106,AA1,14542287,寶來精準中小基金,,TWD,16.36
201106,AA1,17145070,寶來矽谷基金,,TWD,11.41
201106,AA1,25614244,寶來寶來基金(A),,TWD,9.91
201106,AA1,25614244,寶來寶來基金(B),,TWD,9.91
201106,AA1,92004566,寶來績效基金,,TWD,29.24
201106,AA1,00974241,新光台灣富貴基金,,TWD,19.23
201106,AA1,13986924,新光大三通基金,,TWD,17.27
201106,AA1,26307407,新光傳產優勢基金,,TWD,9.9
201106,AA1,73998071,新光店頭基金,,TWD,18.54
201106,AA1,81580149,新光國家建設基金,,TWD,18.95
201106,AA1,81585242,新光創新科技基金,,TWD,10.99
201106,AA1,92000533,新光台灣永發基金,,TWD,12.36
201106,AA1,19339782,群益創新科技基金,,TWD,23.1
201106,AA1,20081352,群益店頭市場基金,,TWD,45.1
201106,AA1,48675778,群益奧斯卡基金,,TWD,17.58
201106,AA1,48749899,群益葛萊美基金,,TWD,13.89
201106,AA1,81591434,群益長安基金,,TWD,17.18
201106,AA1,92028997,群益中小型股基金,,TWD,27.41
201106,AA1,97984293,群益馬拉松基金,,TWD,71.46
201106,AA1,18033138,德信數位時代基金,,TWD,15.63
201106,AA1,26288534,德信台灣主流中小基金,,TWD,9.96
201106,AA1,73988171,德信全方位基金,,TWD,11.94
201106,AA1,97972846,德信大發基金,,TWD,18.29
201106,AA1,20094672,匯達寶櫃基金,,TWD,8.35
201106,AA1,73999260,匯達行動基金,,TWD,13.4
201106,AA1,97982984,匯達概念型基金,,TWD,21.29
201106,AA1,97997635,匯達大利基金,,TWD,24.81
201106,AA1,17147078,日盛精選五虎基金,,TWD,21.62
201106,AA1,17607591,日盛高科技基金,,TWD,9.04
201106,AA1,20084317,日盛日盛基金,,TWD,10.16
201106,AA1,26273336,日盛MIT主流基金,,TWD,9.62
201106,AA1,48948481,日盛首選基金,,TWD,9.24
201106,AA1,73988876,日盛小而美基金,,TWD,13.59
201106,AA1,81584975,日盛上選基金,,TWD,21.94
201106,AA1,94991068,日盛新台商基金,,TWD,25.73
201106,AA1,20094820,柏瑞巨人基金,,TWD,8.61
201106,AA1,17608487,復華數位經濟基金,,TWD,18.67
201106,AA1,18488279,復華中小精選基金,,TWD,25.77
201106,AA1,21759676,復華全方位基金,,TWD,11.66
201106,AA1,73998086,復華高成長基金,,TWD,26.02
201106,AA1,81587889,復華復華基金,,TWD,9.57
201106,AA1,13998344,永豐中小基金,,TWD,39.77
201106,AA1,17152509,永豐高科技基金,,TWD,12.39
201106,AA1,73992013,永豐領航科技基金,,TWD,15.83
201106,AA1,81594690,永豐永豐基金,,TWD,28.83
201106,AA1,17141187,富鼎半導體科技基金,,TWD,9.85
201106,AA1,48809501,富鼎台灣優勢基金,,TWD,11.26
201106,AA1,48893417,富鼎台灣活力基金,,TWD,7.35
201106,AA1,17144889,宏利台灣動力基金,,TWD,14.27
201106,AA1,73982057,宏利宏利基金,,TWD,14.47
201106,AA1,18031960,安多利高科技基金,,TWD,6.03
201106,AA1,19330712,貝萊德寶利基金,,TWD,9.83
201106,AA1,00968493,安泰ING鴻運基金,,TWD,11.14
201106,AA1,00988316,安泰ING台灣運籌基金,,TWD,17.2
201106,AA1,01031564,安泰ING積極成長基金,,TWD,6.7
201106,AA1,17146752,安泰ING成長基金,,TWD,15.81
201106,AA1,17600534,安泰ING高科技基金,,TWD,5.86
201106,AA1,18037937,安泰INGｅ科技基金,,TWD,11.84
201106,AA1,18488469,安泰ING中小基金,,TWD,22.51
201106,AA1,19330754,安泰ING優質基金,,TWD,19.12
201106,AA1,99973878,安泰ING台灣高股息基金,,TWD,14.9
201106,AA1,14693572,聯邦台灣創新基金,,TWD,12.94
201106,AA1,17597236,聯邦精選科技基金,,TWD,7.27
201106,AA1,18496290,聯邦中國龍基金,,TWD,13.98
201106,AA1,10341251,台壽保台灣新趨勢基金,,TWD,12.79
201106,AA1,17597600,台壽保阿波羅基金,,TWD,8.04
201106,AA1,17604124,德盛台灣大壩基金,,TWD,9.53
201106,AA1,18480065,德盛科技大壩基金,,TWD,18.86
201106,AA1,26309025,德盛安聯台灣好息富基金,,TWD,9.87
201106,AA1,48997911,德盛安聯台灣智慧趨勢基金,,TWD,11.44
201106,AA1,01031874,國泰小龍基金,,TWD,11.82
201106,AA1,14705562,國泰科技生化基金,,TWD,26.12
201106,AA1,17612497,國泰國泰基金,,TWD,15.21
201106,AA1,18043059,國泰中小成長基金,,TWD,32.84
201106,AA1,19291128,國泰大中華基金,,TWD,20.02
201106,AA1,48948623,國泰台灣計量基金,,TWD,10.11
201106,AA1,13984165,富達台灣成長基金,,TWD,20.37
201106,AA1,10342250,德銀遠東DWS台灣精選主題基金,,TWD,13.83
201106,AA1,14545897,德銀遠東DWS科技基金,,TWD,14.3
201106,AA1,18499732,德銀遠東DWS台灣旗艦基金,,TWD,16.4
201106,AA1,13539952,凱基開創基金,,TWD,15.33
201106,AA1,25612029,凱基台灣精五門基金,,TWD,15.03
201106,AA1,25601923,施羅德台灣主動基金,,TWD,12.87
201106,AA1,48948834,施羅德樂活中小基金,,TWD,11.1
201106,AA1,14694495,華頓台灣基金,,TWD,20.12
201106,AA1,48731589,華頓典範科技基金,,TWD,10.36
201106,AA1,80892778,華頓中小型基金,,TWD,20.01
201106,AA1,10337833,康和比聯台灣紅不讓基金,,TWD,13.56
201106,AA1,15733973,富蘭克林華美第一富基金,,TWD,25.05
201106,AA1,26310297,富蘭克林華美台股傘型基金之高科技基金,,TWD,9.94
201106,AA1,26310310,富蘭克林華美台股傘型基金之傳產基金,,TWD,10.01
201106,AA1,17602821,台新2000高科技基金,,TWD,16.03
201106,AA1,29222213,台新台新基金,,TWD,8.59
201106,AA1,48858663,台新主流基金,,TWD,10.36
201106,AA1,80894446,台新中國通基金,,TWD,18.37
201106,AA1,81588536,台新大眾基金,,TWD,16.85
201106,AA1,26320632,合庫巴黎台灣領航基金,,TWD,10
201109,AA1,00965469,兆豐國際第一基金,,TWD,10.26
201109,AA1,01050148,兆豐國際國民基金,,TWD,20.67
201109,AA1,10341837,兆豐國際豐台灣基金,,TWD,18.91
201109,AA1,73991751,兆豐國際電子基金,,TWD,15.03
201109,AA1,81584996,兆豐國際中小基金,,TWD,11.2
201109,AA1,92003790,兆豐國際精選二十基金,,TWD,9.74
201109,AA1,00968521,第一金福元基金,,TWD,6.78
201109,AA1,01032803,第一金萬得福基金,,TWD,9.73
201109,AA1,10300195,第一金金鑽基金,,TWD,8.02
201109,AA1,15739619,第一金大中華基金,,TWD,16.06
201109,AA1,19341318,第一金電子基金,,TWD,15.19
201109,AA1,20092528,第一金店頭市場基金,,TWD,6.53
201109,AA1,26202396,第一金創新趨勢基金,,TWD,9.48
201109,AA1,48929409,第一金台灣成長基金,,TWD,6.1
201109,AA1,73989002,第一金小型精選基金,,TWD,17.32
201109,AA1,97980043,第一金福王基金,,TWD,10.18
201109,AA1,01031298,匯豐龍鳳基金,,TWD,31.97
201109,AA1,01050013,匯豐成長基金,,TWD,19.08
201109,AA1,73987671,匯豐台灣精典基金,,TWD,15.51
201109,AA1,76941376,匯豐成功基金,,TWD,26.15
201109,AA1,92017794,匯豐龍騰電子基金,,TWD,22.65
201109,AA1,97995664,匯豐中小基金,,TWD,6.54
201109,AA1,01032058,元大多福基金,,TWD,34.45
201109,AA1,17139204,元大新主流基金,,TWD,14.69
201109,AA1,18036281,元大巴菲特基金,,TWD,15.57
201109,AA1,20080023,元大店頭基金,,TWD,5.96
201109,AA1,77537509,元大多元基金,,TWD,9.56
201109,AA1,81584335,元大高科技基金,,TWD,11.72
201109,AA1,83863951,元大經貿基金,,TWD,20.81
201109,AA1,92001765,元大多多基金,,TWD,14.67
201109,AA1,92026219,元大卓越基金,,TWD,33.55
201109,AA1,15588302,景順台灣精選成長基金,,TWD,18.24
201109,AA1,17140568,景順主流基金,,TWD,12.89
201109,AA1,73989256,景順台灣科技基金,,TWD,20.24
201109,AA1,92019786,景順潛力基金,,TWD,23.11
201109,AA1,17603899,保誠電通網基金,,TWD,8.47
201109,AA1,81595924,保誠中小型股基金,,TWD,12.04
201109,AA1,92003102,保誠高科技基金,,TWD,34.47
201109,AA1,92012572,保誠外銷基金,,TWD,24.65
201109,AA1,97978102,保誠掌櫃基金,,TWD,11.54
201109,AA1,97990696,保誠菁華基金,,TWD,14.14
201109,AA1,01032183,保德信高成長基金,,TWD,57.3
201109,AA1,13528977,保德信台商全方位基金,,TWD,20.51
201109,AA1,17602625,保德信新世紀基金,,TWD,7.27
201109,AA1,20097447,保德信第一基金,,TWD,16.17
201109,AA1,73990649,保德信科技島基金,,TWD,14.85
201109,AA1,83866508,保德信中小型股基金,,TWD,26.07
201109,AA1,92013967,保德信金滿意基金,,TWD,26.98
201109,AA1,97988636,保德信店頭市場基金,,TWD,20.92
201109,AA1,01031699,統一全天候基金,,TWD,44.03
201109,AA1,17605622,統一大滿貫基金,,TWD,18.1
201109,AA1,48934304,統一台灣動力基金,,TWD,7.78
201109,AA1,73990253,統一奔騰基金,,TWD,27.86
201109,AA1,77537493,統一統信基金,,TWD,17.44
201109,AA1,81581724,統一經建基金,,TWD,18.99
201109,AA1,92002244,統一黑馬基金,,TWD,26.4
201109,AA1,92012762,統一龍馬基金,,TWD,32.98
201109,AA1,97977878,統一中小基金,,TWD,11.52
201109,AA1,00974018,富邦富邦基金,,TWD,8.02
201109,AA1,10388939,富邦台灣企業社會責任基金-A類型,,TWD,11.52
201109,AA1,10388939,富邦台灣企業社會責任基金-B類型,,TWD,9.54
201109,AA1,17148301,富邦台灣心基金,,TWD,11.66
201109,AA1,17153795,富邦價值基金,,TWD,14.57
201109,AA1,17608445,富邦網路基金,,TWD,6.87
201109,AA1,20089755,富邦精銳中小基金,,TWD,8.18
201109,AA1,81585475,富邦高成長基金,,TWD,15.02
201109,AA1,83864683,富邦科技基金,,TWD,17.18
201109,AA1,92002384,富邦精準基金,,TWD,39.3
201109,AA1,92010477,富邦長紅基金,,TWD,39.32
201109,AA1,92010770,富邦台灣鳳凰基金,,TWD,496.9
201109,AA1,97974078,富邦冠軍基金,,TWD,20.29
201109,AA1,00974039,摩根富林明JF台灣基金,,TWD,8.5
201109,AA1,01032162,摩根富林明JF台灣增長基金,,TWD,30.28
201109,AA1,17144945,摩根富林明JF價值成長基金,,TWD,12.32
201109,AA1,25636367,摩根富林明JF台灣金磚基金,,TWD,10.68
201109,AA1,73989501,摩根富林明JF中小基金,,TWD,18.11
201109,AA1,92012025,摩根富林明JF新興科技基金,,TWD,30.61
201109,AA1,99354335,摩根富林明JF台灣微型基金,,TWD,17.08
201109,AA1,00973762,華南永昌永昌基金,,TWD,8.67
201109,AA1,10300929,華南永昌台灣精選基金,,TWD,6.89
201109,AA1,26279964,華南永昌中小型基金,,TWD,7.23
201109,AA1,48929007,華南永昌愛台灣基金,,TWD,5.94
201109,AA1,92016839,華南永昌前瞻科技基金,,TWD,9.5
201109,AA1,00974066,寶來2001基金,,TWD,29.47
201109,AA1,14542287,寶來精準中小基金,,TWD,12.8
201109,AA1,17145070,寶來矽谷基金,,TWD,9.48
201109,AA1,25614244,寶來寶來基金(A),,TWD,7.98
201109,AA1,25614244,寶來寶來基金(B),,TWD,7.98
201109,AA1,92004566,寶來績效基金,,TWD,24.24
201109,AA1,00974241,新光台灣富貴基金,,TWD,16.03
201109,AA1,13986924,新光大三通基金,,TWD,14.29
201109,AA1,26307407,新光傳產優勢基金,,TWD,8.17
201109,AA1,26334214,新光增長收益基金,,TWD,10.01
201109,AA1,73998071,新光店頭基金,,TWD,15
201109,AA1,81580149,新光國家建設基金,,TWD,15.88
201109,AA1,81585242,新光創新科技基金,,TWD,9.1
201109,AA1,92000533,新光台灣永發基金,,TWD,10.28
201109,AA1,19339782,群益創新科技基金,,TWD,20.33
201109,AA1,20081352,群益店頭市場基金,,TWD,37.24
201109,AA1,48675778,群益奧斯卡基金,,TWD,14.8
201109,AA1,48749899,群益葛萊美基金,,TWD,11.53
201109,AA1,81591434,群益長安基金,,TWD,15.13
201109,AA1,92028997,群益中小型股基金,,TWD,22.43
201109,AA1,97984293,群益馬拉松基金,,TWD,62.82
201109,AA1,18033138,德信數位時代基金,,TWD,12.85
201109,AA1,26288534,德信台灣主流中小基金,,TWD,7.99
201109,AA1,73988171,德信全方位基金,,TWD,9.81
201109,AA1,97972846,德信大發基金,,TWD,15.51
201109,AA1,20094672,匯達寶櫃基金,,TWD,6.03
201109,AA1,73999260,匯達行動基金,,TWD,11.48
201109,AA1,97982984,匯達概念型基金,,TWD,15.98
201109,AA1,97997635,匯達大利基金,,TWD,21.04
201109,AA1,17147078,日盛精選五虎基金,,TWD,19.29
201109,AA1,17607591,日盛高科技基金,,TWD,7.46
201109,AA1,20084317,日盛日盛基金,,TWD,8.62
201109,AA1,26273336,日盛MIT主流基金,,TWD,8.38
201109,AA1,48948481,日盛首選基金,,TWD,7.78
201109,AA1,73988876,日盛小而美基金,,TWD,11.78
201109,AA1,81584975,日盛上選基金,,TWD,17.27
201109,AA1,94991068,日盛新台商基金,,TWD,19.56
201109,AA1,20094820,柏瑞巨人基金,,TWD,7.29
201109,AA1,17608487,復華數位經濟基金,,TWD,15.87
201109,AA1,18488279,復華中小精選基金,,TWD,21.29
201109,AA1,21759676,復華全方位基金,,TWD,10.1
201109,AA1,73998086,復華高成長基金,,TWD,21.97
201109,AA1,81587889,復華復華基金,,TWD,8.17
201109,AA1,13998344,永豐中小基金,,TWD,31.29
201109,AA1,17152509,永豐高科技基金,,TWD,10.48
201109,AA1,73992013,永豐領航科技基金,,TWD,12.68
201109,AA1,81594690,永豐永豐基金,,TWD,25.05
201109,AA1,17141187,富鼎半導體科技基金,,TWD,8
201109,AA1,48809501,富鼎台灣優勢基金,,TWD,8.92
201109,AA1,48893417,富鼎台灣活力基金,,TWD,6
201109,AA1,17144889,宏利台灣動力基金,,TWD,12.17
201109,AA1,73982057,宏利宏利基金,,TWD,12.71
201109,AA1,18031960,安多利高科技基金,,TWD,5.28
201109,AA1,19330712,貝萊德寶利基金,,TWD,8.67
201109,AA1,00968493,安泰ING鴻運基金,,TWD,9.87
201109,AA1,00988316,安泰ING台灣運籌基金,,TWD,14.27
201109,AA1,01031564,安泰ING積極成長基金,,TWD,6.01
201109,AA1,17146752,安泰ING成長基金,,TWD,14.3
201109,AA1,17600534,安泰ING高科技基金,,TWD,5.21
201109,AA1,18037937,安泰INGｅ科技基金,,TWD,10.46
201109,AA1,18488469,安泰ING中小基金,,TWD,19.71
201109,AA1,19330754,安泰ING優質基金,,TWD,16.87
201109,AA1,99973878,安泰ING台灣高股息基金,,TWD,12.26
201109,AA1,14693572,聯邦台灣創新基金,,TWD,11.18
201109,AA1,17597236,聯邦精選科技基金,,TWD,6.54
201109,AA1,18496290,聯邦中國龍基金,,TWD,11.01
201109,AA1,10341251,未來資產台灣新趨勢基金,,TWD,11.08
201109,AA1,17597600,台壽保阿波羅基金,,TWD,6.52
201109,AA1,26290530,未來資產活力旺中小基金,,TWD,9.96
201109,AA1,17604124,德盛台灣大壩基金,,TWD,8.44
201109,AA1,18480065,德盛科技大壩基金,,TWD,16.73
201109,AA1,26309025,德盛安聯台灣好息富基金,,TWD,8.3
201109,AA1,48997911,德盛安聯台灣智慧趨勢基金,,TWD,9.83
201109,AA1,01031874,國泰小龍基金,,TWD,10.31
201109,AA1,14705562,國泰科技生化基金,,TWD,21.93
201109,AA1,17612497,國泰國泰基金,,TWD,12.57
201109,AA1,18043059,國泰中小成長基金,,TWD,27.3
201109,AA1,19291128,國泰大中華基金,,TWD,17.12
201109,AA1,48948623,國泰台灣計量基金,,TWD,8.87
201109,AA1,13984165,富達台灣成長基金,,TWD,17.24
201109,AA1,10342250,德銀遠東DWS台灣精選主題基金,,TWD,11.89
201109,AA1,14545897,德銀遠東DWS科技基金,,TWD,12.81
201109,AA1,18499732,德銀遠東DWS台灣旗艦基金,,TWD,14.01
201109,AA1,13539952,凱基開創基金,,TWD,13.18
201109,AA1,25612029,凱基台灣精五門基金,,TWD,12.63
201109,AA1,25601923,施羅德台灣主動基金,,TWD,11.18
201109,AA1,48948834,施羅德樂活中小基金,,TWD,9.59
201109,AA1,14694495,華頓台灣基金,,TWD,17.65
201109,AA1,48731589,華頓典範科技基金,,TWD,8.93
201109,AA1,80892778,華頓中小型基金,,TWD,15.37
201109,AA1,10337833,康和比聯台灣紅不讓基金,,TWD,11.88
201109,AA1,15733973,富蘭克林華美第一富基金,,TWD,22.18
201109,AA1,26310297,富蘭克林華美台股傘型基金之高科技基金,,TWD,8.64
201109,AA1,26310310,富蘭克林華美台股傘型基金之傳產基金,,TWD,8.65
201109,AA1,17602821,台新2000高科技基金,,TWD,14
201109,AA1,29222213,台新台新基金,,TWD,7.24
201109,AA1,48858663,台新主流基金,,TWD,8.95
201109,AA1,80894446,台新中國通基金,,TWD,15.59
201109,AA1,81588536,台新大眾基金,,TWD,14.45
201109,AA1,26320632,合庫巴黎台灣領航基金,,TWD,8.24
201112,AA1,00965469,兆豐國際第一基金,,TWD,9.52
201112,AA1,01050148,兆豐國際國民基金,,TWD,18.77
201112,AA1,10341837,兆豐國際豐台灣基金,,TWD,18.47
201112,AA1,73991751,兆豐國際電子基金,,TWD,14.35
201112,AA1,81584996,兆豐國際中小基金,,TWD,10.15
201112,AA1,92003790,兆豐國際精選二十基金,,TWD,9.36
201112,AA1,00968521,第一金福元基金,,TWD,6.34
201112,AA1,01032803,第一金萬得福基金,,TWD,9.09
201112,AA1,10300195,第一金金鑽基金,,TWD,7.19
201112,AA1,15739619,第一金大中華基金,,TWD,14.86
201112,AA1,19341318,第一金電子基金,,TWD,14.36
201112,AA1,20092528,第一金店頭市場基金,,TWD,6.2
201112,AA1,26202396,第一金創新趨勢基金,,TWD,8.76
201112,AA1,48929409,第一金台灣成長基金,,TWD,5.66
201112,AA1,73989002,第一金小型精選基金,,TWD,15.98
201112,AA1,97980043,第一金福王基金,,TWD,9.26
201112,AA1,01031298,匯豐龍鳳基金,,TWD,31.2
201112,AA1,73987671,匯豐台灣精典基金,,TWD,14.77
201112,AA1,76941376,匯豐成功基金,,TWD,26.05
201112,AA1,92017794,匯豐龍騰電子基金,,TWD,20.78
201112,AA1,97995664,匯豐中小基金,,TWD,5.9
201112,AA1,01032058,元大多福基金,,TWD,31.9
201112,AA1,17139204,元大新主流基金,,TWD,13.83
201112,AA1,18036281,元大巴菲特基金,,TWD,14.88
201112,AA1,20080023,元大店頭基金,,TWD,5.51
201112,AA1,77537509,元大多元基金,,TWD,9.35
201112,AA1,81584335,元大高科技基金,,TWD,10.78
201112,AA1,83863951,元大經貿基金,,TWD,19.13
201112,AA1,92001765,元大多多基金,,TWD,13.59
201112,AA1,92026219,元大卓越基金,,TWD,31.34
201112,AA1,15588302,景順台灣精選成長基金,,TWD,18.16
201112,AA1,17140568,景順主流基金,,TWD,12.22
201112,AA1,73989256,景順台灣科技基金,,TWD,19.9
201112,AA1,92019786,景順潛力基金,,TWD,21.72
201112,AA1,17603899,保誠電通網基金,,TWD,7.76
201112,AA1,81595924,保誠中小型股基金,,TWD,10.79
201112,AA1,92003102,保誠高科技基金,,TWD,31.71
201112,AA1,92012572,保誠外銷基金,,TWD,22.82
201112,AA1,97978102,保誠掌櫃基金,,TWD,10.67
201112,AA1,97990696,保誠菁華基金,,TWD,13.2
201112,AA1,01032183,保德信高成長基金,,TWD,53.52
201112,AA1,13528977,保德信台商全方位基金,,TWD,19.73
201112,AA1,17602625,保德信新世紀基金,,TWD,7.06
201112,AA1,20097447,保德信第一基金,,TWD,15.28
201112,AA1,73990649,保德信科技島基金,,TWD,13.98
201112,AA1,83866508,保德信中小型股基金,,TWD,25.01
201112,AA1,92013967,保德信金滿意基金,,TWD,25.67
201112,AA1,97988636,保德信店頭市場基金,,TWD,20.07
201112,AA1,01031699,統一全天候基金,,TWD,40.22
201112,AA1,17605622,統一大滿貫基金,,TWD,16.84
201112,AA1,48934304,統一台灣動力基金,,TWD,7.2
201112,AA1,73990253,統一奔騰基金,,TWD,25.49
201112,AA1,77537493,統一統信基金,,TWD,16.11
201112,AA1,81581724,統一經建基金,,TWD,17.26
201112,AA1,92002244,統一黑馬基金,,TWD,24.26
201112,AA1,92012762,統一龍馬基金,,TWD,30.29
201112,AA1,97977878,統一中小基金,,TWD,10.47
201112,AA1,00974018,富邦富邦基金,,TWD,7.61
201112,AA1,10388939,富邦台灣企業社會責任基金-A類型,,TWD,10.24
201112,AA1,10388939,富邦台灣企業社會責任基金-B類型,,TWD,8.46
201112,AA1,17148301,富邦台灣心基金,,TWD,10.98
201112,AA1,17153795,富邦價值基金,,TWD,14.23
201112,AA1,17608445,富邦網路基金,,TWD,6
201112,AA1,20089755,富邦精銳中小基金,,TWD,7.62
201112,AA1,81585475,富邦高成長基金,,TWD,13.78
201112,AA1,83864683,富邦科技基金,,TWD,14.93
201112,AA1,92002384,富邦精準基金,,TWD,37.68
201112,AA1,92010477,富邦長紅基金,,TWD,36.99
201112,AA1,92010770,富邦台灣鳳凰基金,,TWD,468.56
201112,AA1,97974078,富邦冠軍基金,,TWD,19.15
201112,AA1,00974039,摩根富林明JF台灣基金,,TWD,8.02
201112,AA1,01032162,摩根富林明JF台灣增長基金,,TWD,28.5
201112,AA1,17144945,摩根富林明JF價值成長基金,,TWD,11.64
201112,AA1,25636367,摩根富林明JF台灣金磚基金,,TWD,10.36
201112,AA1,73989501,摩根富林明JF中小基金,,TWD,16.61
201112,AA1,92012025,摩根富林明JF新興科技基金,,TWD,28.94
201112,AA1,99354335,摩根富林明JF台灣微型基金,,TWD,15.62
201112,AA1,00973762,華南永昌永昌基金,,TWD,8.41
201112,AA1,10300929,華南永昌台灣精選基金,,TWD,6.39
201112,AA1,26279964,華南永昌中小型基金,,TWD,6.7
201112,AA1,48929007,華南永昌愛台灣基金,,TWD,5.58
201112,AA1,92016839,華南永昌前瞻科技基金,,TWD,8.85
201112,AA1,00974066,寶來2001基金,,TWD,28.4
201112,AA1,14542287,寶來精準中小基金,,TWD,11.89
201112,AA1,17145070,寶來矽谷基金,,TWD,8.97
201112,AA1,25614244,寶來寶來基金(A),,TWD,7.63
201112,AA1,25614244,寶來寶來基金(B),,TWD,7.63
201112,AA1,92004566,寶來績效基金,,TWD,22.9
201112,AA1,00974241,新光台灣富貴基金,,TWD,14.86
201112,AA1,13986924,新光大三通基金,,TWD,12.89
201112,AA1,26307407,新光傳產優勢基金,,TWD,7.72
201112,AA1,26334214,新光增長收益基金,,TWD,9.9
201112,AA1,73998071,新光店頭基金,,TWD,14
201112,AA1,81580149,新光國家建設基金,,TWD,13.99
201112,AA1,81585242,新光創新科技基金,,TWD,8.48
201112,AA1,92000533,新光台灣永發基金,,TWD,9.34
201112,AA1,19339782,群益創新科技基金,,TWD,18.84
201112,AA1,20081352,群益店頭市場基金,,TWD,35.56
201112,AA1,48675778,群益奧斯卡基金,,TWD,13.87
201112,AA1,48749899,群益葛萊美基金,,TWD,11.14
201112,AA1,81591434,群益長安基金,,TWD,13.78
201112,AA1,92028997,群益中小型股基金,,TWD,21.65
201112,AA1,97984293,群益馬拉松基金,,TWD,60.03
201112,AA1,18033138,德信數位時代基金,,TWD,12.14
201112,AA1,26288534,德信台灣主流中小基金,,TWD,7.46
201112,AA1,73988171,德信全方位基金,,TWD,9.31
201112,AA1,97972846,德信大發基金,,TWD,14.31
201112,AA1,20094672,匯達寶櫃基金,,TWD,5.56
201112,AA1,97982984,匯達概念型基金,,TWD,14.34
201112,AA1,97997635,匯達大利基金,,TWD,20.19
201112,AA1,17147078,日盛精選五虎基金,,TWD,17.81
201112,AA1,17607591,日盛高科技基金,,TWD,6.8
201112,AA1,20084317,日盛日盛基金,,TWD,7.86
201112,AA1,26273336,日盛MIT主流基金,,TWD,8.26
201112,AA1,48948481,日盛首選基金,,TWD,7.6
201112,AA1,73988876,日盛小而美基金,,TWD,10.89
201112,AA1,81584975,日盛上選基金,,TWD,16
201112,AA1,94991068,日盛新台商基金,,TWD,18.73
201112,AA1,20094820,柏瑞巨人基金,,TWD,6.96
201112,AA1,17608487,復華數位經濟基金,,TWD,15.19
201112,AA1,18488279,復華中小精選基金,,TWD,20.02
201112,AA1,21759676,復華全方位基金,,TWD,9.64
201112,AA1,73998086,復華高成長基金,,TWD,21.02
201112,AA1,81587889,復華復華基金,,TWD,7.54
201112,AA1,13998344,永豐中小基金,,TWD,29.46
201112,AA1,17152509,永豐高科技基金,,TWD,9.64
201112,AA1,73992013,永豐領航科技基金,,TWD,11.58
201112,AA1,81594690,永豐永豐基金,,TWD,23.98
201112,AA1,17141187,富鼎半導體科技基金,,TWD,7.38
201112,AA1,48809501,富鼎台灣優勢基金,,TWD,8.07
201112,AA1,48893417,富鼎台灣活力基金,,TWD,5.42
201112,AA1,17144889,宏利台灣動力基金,,TWD,11.78
201112,AA1,73982057,宏利宏利基金,,TWD,12.52
201112,AA1,18031960,安多利高科技基金,,TWD,4.61
201112,AA1,19330712,貝萊德寶利基金,,TWD,8.37
201112,AA1,00968493,安泰ING鴻運基金,,TWD,9.2
201112,AA1,00988316,安泰ING台灣運籌基金,,TWD,13.39
201112,AA1,01031564,安泰ING積極成長基金,,TWD,5.68
201112,AA1,17146752,安泰ING成長基金,,TWD,13.49
201112,AA1,17600534,安泰ING高科技基金,,TWD,4.77
201112,AA1,18037937,安泰INGｅ科技基金,,TWD,9.59
201112,AA1,18488469,安泰ING中小基金,,TWD,18.16
201112,AA1,19330754,安泰ING優質基金,,TWD,15.75
201112,AA1,99973878,安泰ING台灣高股息基金,,TWD,11.19
201112,AA1,14693572,聯邦台灣創新基金,,TWD,10.59
201112,AA1,17597236,聯邦精選科技基金,,TWD,6.26
201112,AA1,18496290,聯邦中國龍基金,,TWD,9.95
201112,AA1,10341251,未來資產台灣新趨勢基金,,TWD,10.48
201112,AA1,17597600,未來資產阿波羅基金,,TWD,5.99
201112,AA1,26290530,未來資產活力旺中小基金,,TWD,9.46
201112,AA1,17604124,德盛台灣大壩基金,,TWD,8.3
201112,AA1,18480065,德盛科技大壩基金,,TWD,15.47
201112,AA1,26309025,德盛安聯台灣好息富基金,,TWD,7.95
201112,AA1,48997911,德盛安聯台灣智慧趨勢基金,,TWD,9.68
201112,AA1,01031874,國泰小龍基金,,TWD,9.72
201112,AA1,14705562,國泰科技生化基金,,TWD,20.52
201112,AA1,17612497,國泰國泰基金,,TWD,11.59
201112,AA1,18043059,國泰中小成長基金,,TWD,25.48
201112,AA1,19291128,國泰大中華基金,,TWD,16.68
201112,AA1,48948623,國泰台灣計量基金,,TWD,8.45
201112,AA1,13984165,富達台灣成長基金,,TWD,16.36
201112,AA1,10342250,德銀遠東DWS台灣精選主題基金,,TWD,11.33
201112,AA1,14545897,德銀遠東DWS科技基金,,TWD,11.86
201112,AA1,18499732,德銀遠東DWS台灣旗艦基金,,TWD,13.38
201112,AA1,13539952,凱基開創基金,,TWD,11.88
201112,AA1,25612029,凱基台灣精五門基金,,TWD,11.35
201112,AA1,25601923,施羅德台灣主動基金,,TWD,10.26
201112,AA1,48948834,施羅德樂活中小基金,,TWD,8.76
201112,AA1,14694495,華頓台灣基金,,TWD,16.03
201112,AA1,48731589,華頓典範科技基金,,TWD,7.99
201112,AA1,80892778,華頓中小型基金,,TWD,14.45
201112,AA1,10337833,惠理康和台灣紅不讓基金,,TWD,11.53
201112,AA1,15733973,富蘭克林華美第一富基金,,TWD,20.74
201112,AA1,26310297,富蘭克林華美台股傘型基金之高科技基金,,TWD,8.17
201112,AA1,26310310,富蘭克林華美台股傘型基金之傳產基金,,TWD,8.48
201112,AA1,17602821,台新2000高科技基金,,TWD,12.85
201112,AA1,29222213,台新台新基金,,TWD,7.22
201112,AA1,48858663,台新主流基金,,TWD,8.67
201112,AA1,80894446,台新中國通基金,,TWD,15.11
201112,AA1,81588536,台新大眾基金,,TWD,13.38
201112,AA1,26320632,合庫巴黎台灣領航基金,,TWD,7.86
201203,AA1,00965469,兆豐國際第一基金,,TWD,10.83
201203,AA1,01050148,兆豐國際國民基金,,TWD,21.35
201203,AA1,10341837,兆豐國際豐台灣基金,,TWD,21.53
201203,AA1,73991751,兆豐國際電子基金,,TWD,16.88
201203,AA1,81584996,兆豐國際中小基金,,TWD,11.79
201203,AA1,92003790,兆豐國際精選二十基金,,TWD,10.72
201203,AA1,00968521,第一金福元基金,,TWD,7.09
201203,AA1,01032803,第一金萬得福基金,,TWD,9.79
201203,AA1,15739619,第一金大中華基金,,TWD,16.86
201203,AA1,19341318,第一金電子基金,,TWD,17.82
201203,AA1,20092528,第一金店頭市場基金,,TWD,6.96
201203,AA1,26202396,第一金創新趨勢基金,,TWD,10.67
201203,AA1,48929409,第一金台灣成長基金,,TWD,6.72
201203,AA1,73989002,第一金小型精選基金,,TWD,18.73
201203,AA1,97980043,第一金福王基金,,TWD,10.6
201203,AA1,01031298,匯豐龍鳳基金,,TWD,33.91
201203,AA1,73987671,匯豐台灣精典基金,,TWD,16.57
201203,AA1,76941376,匯豐成功基金,,TWD,27.86
201203,AA1,92017794,匯豐龍騰電子基金,,TWD,24
201203,AA1,97995664,匯豐中小基金,,TWD,6.95
201203,AA1,01032058,元大多福基金,,TWD,35.94
201203,AA1,17139204,元大新主流基金,,TWD,15.75
201203,AA1,18036281,元大巴菲特基金,,TWD,15.98
201203,AA1,20080023,元大店頭基金,,TWD,6.31
201203,AA1,77537509,元大多元基金,,TWD,10.38
201203,AA1,81584335,元大高科技基金,,TWD,11.94
201203,AA1,83863951,元大經貿基金,,TWD,21.59
201203,AA1,92001765,元大多多基金,,TWD,14.89
201203,AA1,92026219,元大卓越基金,,TWD,34.06
201203,AA1,15588302,景順台灣精選成長基金,,TWD,20.76
201203,AA1,17140568,景順主流基金,,TWD,13.77
201203,AA1,73989256,景順台灣科技基金,,TWD,22.63
201203,AA1,92019786,景順潛力基金,,TWD,24.64
201203,AA1,17603899,瀚亞電通網基金,,TWD,9.46
201203,AA1,81595924,瀚亞中小型股基金,,TWD,12.66
201203,AA1,92003102,瀚亞高科技基金,,TWD,37.19
201203,AA1,92012572,瀚亞外銷基金,,TWD,25.57
201203,AA1,97978102,瀚亞掌櫃基金,,TWD,12.64
201203,AA1,97990696,瀚亞菁華基金,,TWD,14.95
201203,AA1,01032183,保德信高成長基金,,TWD,59.4
201203,AA1,13528977,保德信台商全方位基金,,TWD,21.6
201203,AA1,17602625,保德信新世紀基金,,TWD,7.38
201203,AA1,20097447,保德信第一基金,,TWD,16.82
201203,AA1,73990649,保德信科技島基金,,TWD,15.76
201203,AA1,83866508,保德信中小型股基金,,TWD,28.88
201203,AA1,92013967,保德信金滿意基金,,TWD,28.67
201203,AA1,97988636,保德信店頭市場基金,,TWD,23.52
201203,AA1,01031699,統一全天候基金,,TWD,47.06
201203,AA1,17605622,統一大滿貫基金,,TWD,19.46
201203,AA1,48934304,統一台灣動力基金,,TWD,8.68
201203,AA1,73990253,統一奔騰基金,,TWD,30.28
201203,AA1,77537493,統一統信基金,,TWD,19.02
201203,AA1,81581724,統一經建基金,,TWD,20.76
201203,AA1,92002244,統一黑馬基金,,TWD,29.01
201203,AA1,92012762,統一龍馬基金,,TWD,36.88
201203,AA1,97977878,統一中小基金,,TWD,12.35
201203,AA1,00974018,富邦富邦基金,,TWD,8.28
201203,AA1,10388939,富邦台灣企業社會責任基金-A類型,,TWD,11.23
201203,AA1,10388939,富邦台灣企業社會責任基金-B類型,,TWD,9.28
201203,AA1,17148301,富邦台灣心基金,,TWD,12.28
201203,AA1,17153795,富邦價值基金,,TWD,16.01
201203,AA1,17608445,富邦網路基金,,TWD,6.84
201203,AA1,20089755,富邦精銳中小基金,,TWD,8.69
201203,AA1,81585475,富邦高成長基金,,TWD,15.28
201203,AA1,83864683,富邦科技基金,,TWD,17
201203,AA1,92002384,富邦精準基金,,TWD,39.87
201203,AA1,92010477,富邦長紅基金,,TWD,42.82
201203,AA1,92010770,富邦台灣鳳凰基金,,TWD,526.88
201203,AA1,97974078,富邦冠軍基金,,TWD,20.99
201203,AA1,00974039,摩根JF台灣基金,,TWD,9.28
201203,AA1,01032162,摩根JF台灣增長基金,,TWD,33.37
201203,AA1,17144945,摩根JF價值成長基金,,TWD,13.32
201203,AA1,25636367,摩根JF台灣金磚基金,,TWD,11.21
201203,AA1,73989501,摩根JF中小基金,,TWD,18.5
201203,AA1,92012025,摩根JF新興科技基金,,TWD,33.56
201203,AA1,99354335,摩根JF台灣微型基金,,TWD,17.04
201203,AA1,00973762,華南永昌永昌基金,,TWD,9.92
201203,AA1,10300929,華南永昌台灣精選基金,,TWD,7.31
201203,AA1,26279964,華南永昌中小型基金,,TWD,7.76
201203,AA1,48929007,華南永昌愛台灣基金,,TWD,6.33
201203,AA1,92016839,華南永昌前瞻科技基金,,TWD,10.16
201203,AA1,00974066,寶來2001基金,,TWD,34.27
201203,AA1,14542287,寶來精準中小基金,,TWD,13.65
201203,AA1,17145070,寶來矽谷基金,,TWD,10.49
201203,AA1,25614244,寶來寶來基金(A),,TWD,8.7
201203,AA1,25614244,寶來寶來基金(B),,TWD,8.7
201203,AA1,92004566,寶來績效基金,,TWD,24.67
201203,AA1,00974241,新光台灣富貴基金,,TWD,16.68
201203,AA1,13986924,新光大三通基金,,TWD,14.63
201203,AA1,26307407,新光傳產優勢基金,,TWD,8.68
201203,AA1,26334214,新光增長收益基金,,TWD,9.76
201203,AA1,73998071,新光店頭基金,,TWD,16.28
201203,AA1,81580149,新光國家建設基金,,TWD,16.5
201203,AA1,81585242,新光創新科技基金,,TWD,10.29
201203,AA1,92000533,新光台灣永發基金,,TWD,10.32
201203,AA1,19339782,群益創新科技基金,,TWD,22.02
201203,AA1,20081352,群益店頭市場基金,,TWD,42.58
201203,AA1,48675778,群益奧斯卡基金,,TWD,16.23
201203,AA1,48749899,群益葛萊美基金,,TWD,13.08
201203,AA1,81591434,群益長安基金,,TWD,16.32
201203,AA1,92028997,群益中小型股基金,,TWD,26.07
201203,AA1,97984293,群益馬拉松基金,,TWD,67.24
201203,AA1,18033138,德信數位時代基金,,TWD,14.35
201203,AA1,26288534,德信台灣主流中小基金,,TWD,9.04
201203,AA1,73988171,德信全方位基金,,TWD,10.85
201203,AA1,97972846,德信大發基金,,TWD,16.48
201203,AA1,97982984,匯達概念型基金,,TWD,15.76
201203,AA1,97997635,匯達大利基金,,TWD,23.04
201203,AA1,17147078,日盛精選五虎基金,,TWD,20.83
201203,AA1,17607591,日盛高科技基金,,TWD,8.63
201203,AA1,20084317,日盛日盛基金,,TWD,9.04
201203,AA1,26273336,日盛MIT主流基金,,TWD,9.93
201203,AA1,48948481,日盛首選基金,,TWD,9.17
201203,AA1,73988876,日盛小而美基金,,TWD,13.26
201203,AA1,81584975,日盛上選基金,,TWD,18.6
201203,AA1,94991068,日盛新台商基金,,TWD,20.98
201203,AA1,20094820,柏瑞巨人基金,,TWD,8.1
201203,AA1,17608487,復華數位經濟基金,,TWD,17.77
201203,AA1,18488279,復華中小精選基金,,TWD,22.91
201203,AA1,21759676,復華全方位基金,,TWD,11.29
201203,AA1,73998086,復華高成長基金,,TWD,24.32
201203,AA1,81587889,復華復華基金,,TWD,8.78
201203,AA1,13998344,永豐中小基金,,TWD,33.67
201203,AA1,17152509,永豐高科技基金,,TWD,11.19
201203,AA1,73992013,永豐領航科技基金,,TWD,13.48
201203,AA1,81594690,永豐永豐基金,,TWD,26.52
201203,AA1,17141187,富鼎半導體科技基金,,TWD,8.44
201203,AA1,48809501,富鼎台灣優勢基金,,TWD,9.33
201203,AA1,48893417,富鼎台灣活力基金,,TWD,6.24
201203,AA1,17144889,宏利台灣動力基金,,TWD,13.24
201203,AA1,73982057,宏利宏利基金,,TWD,13.9
201203,AA1,18031960,安多利高科技基金,,TWD,5.63
201203,AA1,19330712,貝萊德寶利基金,,TWD,9.53
201203,AA1,00968493,安泰ING鴻運基金,,TWD,10.75
201203,AA1,00988316,安泰ING台灣運籌基金,,TWD,15.36
201203,AA1,01031564,安泰ING積極成長基金,,TWD,6.42
201203,AA1,17146752,安泰ING成長基金,,TWD,15.22
201203,AA1,17600534,安泰ING高科技基金,,TWD,5.5
201203,AA1,18037937,安泰INGｅ科技基金,,TWD,11.11
201203,AA1,18488469,安泰ING中小基金,,TWD,21.7
201203,AA1,19330754,安泰ING優質基金,,TWD,18.06
201203,AA1,99973878,安泰ING台灣高股息基金,,TWD,13.48
201203,AA1,14693572,聯邦台灣創新基金,,TWD,11.95
201203,AA1,17597236,聯邦精選科技基金,,TWD,7.15
201203,AA1,18496290,聯邦中國龍基金,,TWD,11.43
201203,AA1,10341251,未來資產台灣新趨勢基金,,TWD,11.9
201203,AA1,17597600,未來資產阿波羅基金,,TWD,6.96
201203,AA1,26290530,未來資產活力旺中小基金,,TWD,10.59
201203,AA1,17604124,德盛台灣大壩基金,,TWD,9.88
201203,AA1,18480065,德盛科技大壩基金,,TWD,17.91
201203,AA1,26309025,德盛安聯台灣好息富基金,,TWD,8.84
201203,AA1,48997911,德盛安聯台灣智慧趨勢基金,,TWD,10.91
201203,AA1,01031874,國泰小龍基金,,TWD,11.36
201203,AA1,14705562,國泰科技生化基金,,TWD,23.76
201203,AA1,17612497,國泰國泰基金,,TWD,13.34
201203,AA1,18043059,國泰中小成長基金,,TWD,30.21
201203,AA1,19291128,國泰大中華基金,,TWD,19.06
201203,AA1,48948623,國泰台灣計量基金,,TWD,9.5
201203,AA1,13984165,富達台灣成長基金,,TWD,18.32
201203,AA1,10342250,德銀遠東DWS台灣精選主題基金,,TWD,12.45
201203,AA1,14545897,德銀遠東DWS科技基金,,TWD,13.55
201203,AA1,18499732,德銀遠東DWS台灣旗艦基金,,TWD,14.71
201203,AA1,13539952,凱基開創基金,,TWD,13.97
201203,AA1,25612029,凱基台灣精五門基金,,TWD,13.32
201203,AA1,25601923,施羅德台灣主動基金,,TWD,12.73
201203,AA1,48948834,施羅德樂活中小基金,,TWD,10.96
201203,AA1,14694495,華頓台灣基金,,TWD,17.24
201203,AA1,48731589,華頓典範科技基金,,TWD,9.14
201203,AA1,80892778,華頓中小型基金,,TWD,17.83
201203,AA1,10337833,惠理康和台灣紅不讓基金,,TWD,13.02
201203,AA1,15733973,富蘭克林華美第一富基金,,TWD,22.36
201203,AA1,26310297,富蘭克林華美台股傘型基金之高科技基金,,TWD,9.28
201203,AA1,26310310,富蘭克林華美台股傘型基金之傳產基金,,TWD,9.19
201203,AA1,17602821,台新2000高科技基金,,TWD,15.86
201203,AA1,29222213,台新台新基金,,TWD,8.01
201203,AA1,48858663,台新主流基金,,TWD,10.89
201203,AA1,80894446,台新中國通基金,,TWD,18.75
201203,AA1,81588536,台新大眾基金,,TWD,16.17
201203,AA1,26320632,合庫巴黎台灣領航基金,,TWD,9.28
201206,AA1,00965469,兆豐國際第一基金,,TWD,10.01
201206,AA1,01050148,兆豐國際國民基金,,TWD,19.85
201206,AA1,10341837,兆豐國際豐台灣基金,,TWD,20.74
201206,AA1,73991751,兆豐國際電子基金,,TWD,15.67
201206,AA1,81584996,兆豐國際中小基金,,TWD,10.67
201206,AA1,92003790,兆豐國際精選二十基金,,TWD,10.13
201206,AA1,00968521,第一金福元基金,,TWD,6.4
201206,AA1,01032803,第一金萬得福基金,,TWD,9.37
201206,AA1,15739619,第一金大中華基金,,TWD,15.22
201206,AA1,19341318,第一金電子基金,,TWD,16.53
201206,AA1,20092528,第一金店頭市場基金,,TWD,6.1
201206,AA1,26202396,第一金創新趨勢基金,,TWD,9.88
201206,AA1,48929409,第一金台灣成長基金,,TWD,6.37
201206,AA1,73989002,第一金小型精選基金,,TWD,17.27
201206,AA1,97980043,第一金福王基金,,TWD,9.88
201206,AA1,01031298,匯豐龍鳳基金,,TWD,31.85
201206,AA1,73987671,匯豐台灣精典基金,,TWD,15.56
201206,AA1,76941376,匯豐成功基金,,TWD,26.18
201206,AA1,92017794,匯豐龍騰電子基金,,TWD,22.41
201206,AA1,97995664,匯豐中小基金,,TWD,6.61
201206,AA1,00974066,寶來2001基金,,TWD,31.14
201206,AA1,01032058,元大多福基金,,TWD,32.98
201206,AA1,14542287,寶來精準中小基金,,TWD,12.68
201206,AA1,17139204,元大新主流基金,,TWD,14.63
201206,AA1,17145070,寶來矽谷基金,,TWD,9.54
201206,AA1,18036281,元大巴菲特基金,,TWD,14.7
201206,AA1,20080023,元大店頭基金,,TWD,5.89
201206,AA1,25614244,寶來寶來基金(A),,TWD,7.97
201206,AA1,25614244,寶來寶來基金(B),,TWD,7.97
201206,AA1,77537509,元大多元基金,,TWD,9.47
201206,AA1,81584335,元大高科技基金,,TWD,10.68
201206,AA1,83863951,元大經貿基金,,TWD,19.25
201206,AA1,92001765,元大多多基金,,TWD,12.79
201206,AA1,92004566,寶來績效基金,,TWD,23.3
201206,AA1,92026219,元大卓越基金,,TWD,31.05
201206,AA1,15588302,景順台灣精選成長基金,,TWD,19.2
201206,AA1,17140568,景順主流基金,,TWD,12.61
201206,AA1,73989256,景順台灣科技基金,,TWD,21.43
201206,AA1,92019786,景順潛力基金,,TWD,23.02
201206,AA1,17603899,瀚亞電通網基金,,TWD,8.34
201206,AA1,81595924,瀚亞中小型股基金,,TWD,11.36
201206,AA1,92003102,瀚亞高科技基金,,TWD,33.56
201206,AA1,92012572,瀚亞外銷基金,,TWD,23.8
201206,AA1,97978102,瀚亞掌櫃基金,,TWD,11.24
201206,AA1,97990696,瀚亞菁華基金,,TWD,13.94
201206,AA1,01032183,保德信高成長基金,,TWD,55.72
201206,AA1,13528977,保德信台商全方位基金,,TWD,20.38
201206,AA1,17602625,保德信新世紀基金,,TWD,6.89
201206,AA1,20097447,保德信第一基金,,TWD,15.88
201206,AA1,73990649,保德信科技島基金,,TWD,14.34
201206,AA1,83866508,保德信中小型股基金,,TWD,26.48
201206,AA1,92013967,保德信金滿意基金,,TWD,26.84
201206,AA1,97988636,保德信店頭市場基金,,TWD,22.01
201206,AA1,01031699,統一全天候基金,,TWD,43.83
201206,AA1,17605622,統一大滿貫基金,,TWD,18.6
201206,AA1,48934304,統一台灣動力基金,,TWD,7.85
201206,AA1,73990253,統一奔騰基金,,TWD,28.3
201206,AA1,77537493,統一統信基金,,TWD,17.43
201206,AA1,81581724,統一經建基金,,TWD,19.47
201206,AA1,92002244,統一黑馬基金,,TWD,26.96
201206,AA1,92012762,統一龍馬基金,,TWD,34.31
201206,AA1,97977878,統一中小基金,,TWD,11.36
201206,AA1,00974018,富邦富邦基金,,TWD,7.69
201206,AA1,10388939,富邦台灣企業社會責任基金-A類型,,TWD,10.35
201206,AA1,10388939,富邦台灣企業社會責任基金-B類型,,TWD,8.55
201206,AA1,17148301,富邦台灣心基金,,TWD,11.31
201206,AA1,17153795,富邦價值基金,,TWD,14.84
201206,AA1,17608445,富邦網路基金,,TWD,6.37
201206,AA1,20089755,富邦精銳中小基金,,TWD,8.01
201206,AA1,81585475,富邦高成長基金,,TWD,14.37
201206,AA1,83864683,富邦科技基金,,TWD,15.77
201206,AA1,92002384,富邦精準基金,,TWD,36.18
201206,AA1,92010477,富邦長紅基金,,TWD,40.6
201206,AA1,92010770,富邦台灣鳳凰基金,,TWD,498.26
201206,AA1,97974078,富邦冠軍基金,,TWD,19.08
201206,AA1,00974039,摩根JF台灣基金,,TWD,8.59
201206,AA1,01032162,摩根JF台灣增長基金,,TWD,30.53
201206,AA1,17144945,摩根JF價值成長基金,,TWD,12.38
201206,AA1,25636367,摩根JF台灣金磚基金,,TWD,10.33
201206,AA1,73989501,摩根JF中小基金,,TWD,17.36
201206,AA1,92012025,摩根JF新興科技基金,,TWD,30.28
201206,AA1,99354335,摩根JF台灣微型基金,,TWD,15.82
201206,AA1,00973762,華南永昌永昌基金,,TWD,9.33
201206,AA1,10300929,華南永昌台灣精選基金,,TWD,6.86
201206,AA1,26279964,華南永昌中小型基金,,TWD,7.37
201206,AA1,48929007,華南永昌愛台灣基金,,TWD,6.11
201206,AA1,92016839,華南永昌前瞻科技基金,,TWD,9.67
201206,AA1,00974241,新光台灣富貴基金,,TWD,15.41
201206,AA1,13986924,新光大三通基金,,TWD,13.96
201206,AA1,26307407,新光傳產優勢基金,,TWD,7.97
201206,AA1,26334214,新光增長收益基金,,TWD,9.59
201206,AA1,31825252,新光靈活增益100基金,,TWD,9.88
201206,AA1,73998071,新光店頭基金,,TWD,14.95
201206,AA1,81580149,新光國家建設基金,,TWD,15.69
201206,AA1,81585242,新光創新科技基金,,TWD,9.67
201206,AA1,92000533,新光台灣永發基金,,TWD,9.45
201206,AA1,19339782,群益創新科技基金,,TWD,19.61
201206,AA1,20081352,群益店頭市場基金,,TWD,39.8
201206,AA1,48675778,群益奧斯卡基金,,TWD,14.85
201206,AA1,48749899,群益葛萊美基金,,TWD,12.1
201206,AA1,81591434,群益長安基金,,TWD,14.48
201206,AA1,92028997,群益中小型股基金,,TWD,24.25
201206,AA1,97984293,群益馬拉松基金,,TWD,63.07
201206,AA1,18033138,德信數位時代基金,,TWD,13.17
201206,AA1,26288534,德信台灣主流中小基金,,TWD,8.4
201206,AA1,73988171,德信全方位基金,,TWD,10.1
201206,AA1,97972846,德信大發基金,,TWD,15.03
201206,AA1,97982984,匯達概念型基金,,TWD,15.2
201206,AA1,97997635,匯達大利基金,,TWD,22.26
201206,AA1,17147078,日盛精選五虎基金,,TWD,19.43
201206,AA1,17607591,日盛高科技基金,,TWD,7.98
201206,AA1,20084317,日盛日盛基金,,TWD,8.41
201206,AA1,26273336,日盛MIT主流基金,,TWD,9.44
201206,AA1,48948481,日盛首選基金,,TWD,8.65
201206,AA1,73988876,日盛小而美基金,,TWD,12.59
201206,AA1,81584975,日盛上選基金,,TWD,17.51
201206,AA1,94991068,日盛新台商基金,,TWD,20.18
201206,AA1,20094820,柏瑞巨人基金,,TWD,7.37
201206,AA1,17608487,復華數位經濟基金,,TWD,16.46
201206,AA1,18488279,復華中小精選基金,,TWD,21.88
201206,AA1,21759676,復華全方位基金,,TWD,10.3
201206,AA1,73998086,復華高成長基金,,TWD,22.01
201206,AA1,81587889,復華復華基金,,TWD,8.09
201206,AA1,13998344,永豐中小基金,,TWD,31.05
201206,AA1,17152509,永豐高科技基金,,TWD,10.21
201206,AA1,73992013,永豐領航科技基金,,TWD,12.05
201206,AA1,81594690,永豐永豐基金,,TWD,24.66
201206,AA1,17141187,富鼎半導體科技基金,,TWD,7.54
201206,AA1,48809501,富鼎台灣優勢基金,,TWD,8.34
201206,AA1,48893417,富鼎台灣活力基金,,TWD,5.56
201206,AA1,17144889,宏利台灣動力基金,,TWD,12.66
201206,AA1,73982057,宏利宏利基金,,TWD,13.38
201206,AA1,18031960,安多利高科技基金,,TWD,4.97
201206,AA1,19330712,貝萊德寶利基金,,TWD,8.9
201206,AA1,00968493,安泰ING鴻運基金,,TWD,10.15
201206,AA1,00988316,安泰ING台灣運籌基金,,TWD,14.33
201206,AA1,01031564,安泰ING積極成長基金,,TWD,6.15
201206,AA1,17146752,安泰ING成長基金,,TWD,14.68
201206,AA1,17600534,安泰ING高科技基金,,TWD,5.28
201206,AA1,18037937,安泰INGｅ科技基金,,TWD,10.68
201206,AA1,18488469,安泰ING中小基金,,TWD,20.71
201206,AA1,19330754,安泰ING優質基金,,TWD,17.22
201206,AA1,99973878,安泰ING台灣高股息基金,,TWD,12.54
201206,AA1,14693572,聯邦台灣創新基金,,TWD,11.55
201206,AA1,17597236,聯邦精選科技基金,,TWD,7.2
201206,AA1,18496290,聯邦中國龍基金,,TWD,11.28
201206,AA1,10341251,未來資產台灣新趨勢基金,,TWD,10.77
201206,AA1,17597600,未來資產阿波羅基金,,TWD,6.45
201206,AA1,26290530,未來資產活力旺中小基金,,TWD,9.87
201206,AA1,17604124,德盛台灣大壩基金,,TWD,9.27
201206,AA1,18480065,德盛科技大壩基金,,TWD,16.35
201206,AA1,26309025,德盛安聯台灣好息富基金,,TWD,8.47
201206,AA1,48997911,德盛安聯台灣智慧趨勢基金,,TWD,9.97
201206,AA1,01031874,國泰小龍基金,,TWD,10.79
201206,AA1,14705562,國泰科技生化基金,,TWD,22.29
201206,AA1,17612497,國泰國泰基金,,TWD,12.62
201206,AA1,18043059,國泰中小成長基金,,TWD,28.48
201206,AA1,19291128,國泰大中華基金,,TWD,17.71
201206,AA1,48948623,國泰台灣計量基金,,TWD,9
201206,AA1,13984165,富達台灣成長基金,,TWD,16.96
201206,AA1,14545897,德銀遠東DWS科技基金,,TWD,12.55
201206,AA1,18499732,德銀遠東DWS台灣旗艦基金,,TWD,13.63
201206,AA1,13539952,凱基開創基金,,TWD,13.08
201206,AA1,25612029,凱基台灣精五門基金,,TWD,12.55
201206,AA1,25601923,施羅德台灣主動基金,,TWD,11.62
201206,AA1,48948834,施羅德樂活中小基金,,TWD,9.9
201206,AA1,14694495,華頓台灣基金,,TWD,16.42
201206,AA1,48731589,華頓典範科技基金,,TWD,8.62
201206,AA1,80892778,華頓中小型基金,,TWD,17.56
201206,AA1,10337833,惠理康和台灣紅不讓基金,,TWD,11.92
201206,AA1,15733973,富蘭克林華美第一富基金,,TWD,21.07
201206,AA1,26310297,富蘭克林華美台股傘型基金之高科技基金,,TWD,8.75
201206,AA1,26310310,富蘭克林華美台股傘型基金之傳產基金,,TWD,8.85
201206,AA1,17602821,台新2000高科技基金,,TWD,13.72
201206,AA1,29222213,台新台新基金,,TWD,7.61
201206,AA1,48858663,台新主流基金,,TWD,9.8
201206,AA1,80894446,台新中國通基金,,TWD,17.17
201206,AA1,81588536,台新大眾基金,,TWD,14.17
201206,AA1,26320632,合庫巴黎台灣領航基金,,TWD,9.13
201209,AA1,00965469,兆豐國際第一基金,,TWD,10.33
201209,AA1,01050148,兆豐國際國民基金,,TWD,21.4
201209,AA1,10341837,兆豐國際豐台灣基金,,TWD,22.53
201209,AA1,73991751,兆豐國際電子基金,,TWD,16.38
201209,AA1,81584996,兆豐國際中小基金,,TWD,11.56
201209,AA1,92003790,兆豐國際精選二十基金,,TWD,10.66
201209,AA1,00968521,第一金福元基金,,TWD,7.09
201209,AA1,01032803,第一金萬得福基金,,TWD,10.25
201209,AA1,15739619,第一金大中華基金,,TWD,15.46
201209,AA1,19341318,第一金電子基金,,TWD,17.65
201209,AA1,20092528,第一金店頭市場基金,,TWD,6.46
201209,AA1,26202396,第一金創新趨勢基金,,TWD,10.36
201209,AA1,48929409,第一金台灣成長基金,,TWD,6.53
201209,AA1,73989002,第一金小型精選基金,,TWD,18.19
201209,AA1,97980043,第一金福王基金,,TWD,10.54
201209,AA1,01031298,匯豐龍鳳基金,,TWD,34.27
201209,AA1,73987671,匯豐台灣精典基金,,TWD,16.62
201209,AA1,76941376,匯豐成功基金,,TWD,28.66
201209,AA1,92017794,匯豐龍騰電子基金,,TWD,23.31
201209,AA1,97995664,匯豐中小基金,,TWD,6.88
201209,AA1,00974066,寶來2001基金,,TWD,31.94
201209,AA1,01032058,元大多福基金,,TWD,36.46
201209,AA1,14542287,寶來精準中小基金,,TWD,13.54
201209,AA1,17139204,元大新主流基金,,TWD,15.46
201209,AA1,17145070,寶來矽谷基金,,TWD,9.8
201209,AA1,18036281,元大巴菲特基金,,TWD,16.08
201209,AA1,20080023,元大店頭基金,,TWD,5.91
201209,AA1,25614244,寶來寶來基金(A),,TWD,8.22
201209,AA1,25614244,寶來寶來基金(B),,TWD,8.22
201209,AA1,77537509,元大多元基金,,TWD,10.25
201209,AA1,81584335,元大高科技基金,,TWD,11.08
201209,AA1,83863951,元大經貿基金,,TWD,20.74
201209,AA1,92001765,元大多多基金,,TWD,13.08
201209,AA1,92004566,寶來績效基金,,TWD,24.71
201209,AA1,92026219,元大卓越基金,,TWD,32.86
201209,AA1,15588302,景順台灣精選成長基金,,TWD,20.19
201209,AA1,17140568,景順主流基金,,TWD,13.34
201209,AA1,73989256,景順台灣科技基金,,TWD,22.68
201209,AA1,92019786,景順潛力基金,,TWD,24.82
201209,AA1,17603899,瀚亞電通網基金,,TWD,8.64
201209,AA1,81595924,瀚亞中小型股基金,,TWD,11.74
201209,AA1,92003102,瀚亞高科技基金,,TWD,35.17
201209,AA1,92012572,瀚亞外銷基金,,TWD,25.35
201209,AA1,97978102,瀚亞掌櫃基金,,TWD,11.8
201209,AA1,97990696,瀚亞菁華基金,,TWD,14.84
201209,AA1,01032183,保德信高成長基金,,TWD,59.77
201209,AA1,13528977,保德信台商全方位基金,,TWD,21.17
201209,AA1,17602625,保德信新世紀基金,,TWD,7.52
201209,AA1,20097447,保德信第一基金,,TWD,16.5
201209,AA1,73990649,保德信科技島基金,,TWD,15.01
201209,AA1,83866508,保德信中小型股基金,,TWD,27.31
201209,AA1,92013967,保德信金滿意基金,,TWD,28.49
201209,AA1,97988636,保德信店頭市場基金,,TWD,23.48
201209,AA1,01031699,統一全天候基金,,TWD,45.66
201209,AA1,17605622,統一大滿貫基金,,TWD,19.46
201209,AA1,48934304,統一台灣動力基金,,TWD,7.97
201209,AA1,73990253,統一奔騰基金,,TWD,29.11
201209,AA1,77537493,統一統信基金,,TWD,18.28
201209,AA1,81581724,統一經建基金,,TWD,20.08
201209,AA1,92002244,統一黑馬基金,,TWD,27.75
201209,AA1,92012762,統一龍馬基金,,TWD,35.16
201209,AA1,97977878,統一中小基金,,TWD,11.79
201209,AA1,00974018,富邦富邦基金,,TWD,8.22
201209,AA1,10388939,富邦台灣企業社會責任基金-A類型,,TWD,11.16
201209,AA1,10388939,富邦台灣企業社會責任基金-B類型,,TWD,9.22
201209,AA1,17148301,富邦台灣心基金,,TWD,12.16
201209,AA1,17153795,富邦價值基金,,TWD,15.12
201209,AA1,20089755,富邦精銳中小基金,,TWD,8.45
201209,AA1,81585475,富邦高成長基金,,TWD,14.83
201209,AA1,83864683,富邦科技基金,,TWD,15.83
201209,AA1,92002384,富邦精準基金,,TWD,37.45
201209,AA1,92010477,富邦長紅基金,,TWD,41.94
201209,AA1,92010770,富邦台灣鳳凰基金,,TWD,515.4
201209,AA1,97974078,富邦冠軍基金,,TWD,20.53
201209,AA1,00974039,摩根JF台灣基金,,TWD,9.11
201209,AA1,01032162,摩根JF台灣增長基金,,TWD,33.1
201209,AA1,17144945,摩根JF價值成長基金,,TWD,13.18
201209,AA1,25636367,摩根JF台灣金磚基金,,TWD,10.89
201209,AA1,73989501,摩根JF中小基金,,TWD,18.32
201209,AA1,92012025,摩根JF新興科技基金,,TWD,31.7
201209,AA1,99354335,摩根JF台灣微型基金,,TWD,16.77
201209,AA1,00973762,華南永昌永昌基金,,TWD,9.88
201209,AA1,10300929,華南永昌台灣精選基金,,TWD,7.05
201209,AA1,26279964,華南永昌中小型基金,,TWD,7.53
201209,AA1,48929007,華南永昌愛台灣基金,,TWD,6.24
201209,AA1,92016839,華南永昌前瞻科技基金,,TWD,9.91
201209,AA1,00974241,新光台灣富貴基金,,TWD,15.84
201209,AA1,13986924,新光大三通基金,,TWD,13.99
201209,AA1,26307407,新光傳產優勢基金,,TWD,8.51
201209,AA1,26334214,新光增長收益基金,,TWD,9.87
201209,AA1,31825252,新光靈活增益100基金,,TWD,9.62
201209,AA1,73998071,新光店頭基金,,TWD,15.24
201209,AA1,81580149,新光國家建設基金,,TWD,16.67
201209,AA1,81585242,新光創新科技基金,,TWD,10.1
201209,AA1,92000533,新光台灣永發基金,,TWD,9.92
201209,AA1,19339782,群益創新科技基金,,TWD,20.12
201209,AA1,20081352,群益店頭市場基金,,TWD,42.28
201209,AA1,48675778,群益奧斯卡基金,,TWD,15.92
201209,AA1,48749899,群益葛萊美基金,,TWD,13.08
201209,AA1,81591434,群益長安基金,,TWD,15.44
201209,AA1,92028997,群益中小型股基金,,TWD,25.99
201209,AA1,97984293,群益馬拉松基金,,TWD,66.3
201209,AA1,18033138,德信數位時代基金,,TWD,14.43
201209,AA1,26288534,德信台灣主流中小基金,,TWD,9.31
201209,AA1,73988171,德信全方位基金,,TWD,10.82
201209,AA1,97972846,德信大發基金,,TWD,16.6
201209,AA1,97982984,匯達概念型基金,,TWD,16.46
201209,AA1,97997635,匯達大利基金,,TWD,23.85
201209,AA1,17147078,日盛精選五虎基金,,TWD,21.1
201209,AA1,17607591,日盛高科技基金,,TWD,8.37
201209,AA1,20084317,日盛日盛基金,,TWD,9.02
201209,AA1,26273336,日盛MIT主流基金,,TWD,10.08
201209,AA1,48948481,日盛首選基金,,TWD,9.27
201209,AA1,73988876,日盛小而美基金,,TWD,13.55
201209,AA1,81584975,日盛上選基金,,TWD,18.72
201209,AA1,94991068,日盛新台商基金,,TWD,21.64
201209,AA1,20094820,柏瑞巨人基金,,TWD,8.17
201209,AA1,17608487,復華數位經濟基金,,TWD,17.87
201209,AA1,18488279,復華中小精選基金,,TWD,23.66
201209,AA1,21759676,復華全方位基金,,TWD,11.07
201209,AA1,73998086,復華高成長基金,,TWD,23.84
201209,AA1,81587889,復華復華基金,,TWD,8.48
201209,AA1,13998344,永豐中小基金,,TWD,32.91
201209,AA1,17152509,永豐高科技基金,,TWD,10.83
201209,AA1,73992013,永豐領航科技基金,,TWD,12.6
201209,AA1,81594690,永豐永豐基金,,TWD,27.49
201209,AA1,17141187,富鼎半導體科技基金,,TWD,7.97
201209,AA1,48809501,富鼎台灣優勢基金,,TWD,8.62
201209,AA1,48893417,富鼎台灣活力基金,,TWD,5.72
201209,AA1,17144889,宏利台灣動力基金,,TWD,13.87
201209,AA1,73982057,宏利臺灣高股息基金,,TWD,14.61
201209,AA1,18031960,安多利高科技基金,,TWD,5.46
201209,AA1,19330712,貝萊德寶利基金,,TWD,9.99
201209,AA1,00968493,安泰ING鴻運基金,,TWD,10.81
201209,AA1,00988316,安泰ING台灣運籌基金,,TWD,15.38
201209,AA1,01031564,安泰ING積極成長基金,,TWD,6.6
201209,AA1,17146752,安泰ING成長基金,,TWD,15.77
201209,AA1,17600534,安泰ING高科技基金,,TWD,5.43
201209,AA1,18037937,安泰INGｅ科技基金,,TWD,10.97
201209,AA1,18488469,安泰ING中小基金,,TWD,22.14
201209,AA1,19330754,安泰ING優質基金,,TWD,18.32
201209,AA1,99973878,安泰ING台灣高股息基金,,TWD,13.39
201209,AA1,14693572,聯邦台灣創新基金,,TWD,12
201209,AA1,17597236,聯邦精選科技基金,,TWD,7.4
201209,AA1,18496290,聯邦中國龍基金,,TWD,12.05
201209,AA1,10341251,未來資產台灣新趨勢基金,,TWD,12.21
201209,AA1,17597600,未來資產阿波羅基金,,TWD,7.15
201209,AA1,26290530,未來資產活力旺中小基金,,TWD,10.63
201209,AA1,17604124,德盛台灣大壩基金,,TWD,10.11
201209,AA1,18480065,德盛科技大壩基金,,TWD,17.44
201209,AA1,26309025,德盛安聯台灣好息富基金,,TWD,9.23
201209,AA1,48997911,德盛安聯台灣智慧趨勢基金,,TWD,11.08
201209,AA1,01031874,國泰小龍基金,,TWD,11.42
201209,AA1,14705562,國泰科技生化基金,,TWD,23.1
201209,AA1,17612497,國泰國泰基金,,TWD,13.12
201209,AA1,18043059,國泰中小成長基金,,TWD,29.83
201209,AA1,19291128,國泰大中華基金,,TWD,18.45
201209,AA1,31837449,國泰價值卓越基金,,TWD,11.14
201209,AA1,48948623,國泰台灣計量基金,,TWD,9.39
201209,AA1,13984165,富達台灣成長基金,,TWD,18.59
201209,AA1,14545897,德銀遠東DWS科技基金,,TWD,13.42
201209,AA1,18499732,德銀遠東DWS台灣旗艦基金,,TWD,14.92
201209,AA1,13539952,凱基開創基金,,TWD,14.57
201209,AA1,25612029,凱基台灣精五門基金,,TWD,13.84
201209,AA1,25601923,施羅德台灣主動基金,,TWD,11.86
201209,AA1,48948834,施羅德樂活中小基金,,TWD,10.05
201209,AA1,14694495,華頓台灣基金,,TWD,17.37
201209,AA1,48731589,華頓典範科技基金,,TWD,8.46
201209,AA1,80892778,華頓中小型基金,,TWD,18.4
201209,AA1,10337833,惠理康和台灣紅不讓基金,,TWD,12.83
201209,AA1,15733973,富蘭克林華美第一富基金,,TWD,22.23
201209,AA1,26310297,富蘭克林華美台股傘型基金之高科技基金,,TWD,9.15
201209,AA1,26310310,富蘭克林華美台股傘型基金之傳產基金,,TWD,9.7
201209,AA1,17602821,台新2000高科技基金,,TWD,14.35
201209,AA1,48858663,台新主流基金,,TWD,10.64
201209,AA1,80894446,台新中國通基金,,TWD,18.56
201209,AA1,81588536,台新大眾基金,,TWD,15.26
201209,AA1,26320632,合庫巴黎台灣領航基金,,TWD,9.45
201212,AA1,00965469,兆豐國際第一基金,,TWD,9.62
201212,AA1,01050148,兆豐國際國民基金,,TWD,21.47
201212,AA1,10341837,兆豐國際豐台灣基金,,TWD,21.88
201212,AA1,73991751,兆豐國際電子基金,,TWD,16.26
201212,AA1,81584996,兆豐國際中小基金,,TWD,10.72
201212,AA1,92003790,兆豐國際精選二十基金,,TWD,10.44
201212,AA1,00968521,第一金福元基金,,TWD,6.75
201212,AA1,01032803,第一金萬得福基金,,TWD,9.83
201212,AA1,15739619,第一金大中華基金,,TWD,14.9
201212,AA1,19341318,第一金電子基金,,TWD,16.99
201212,AA1,20092528,第一金店頭市場基金,,TWD,6.39
201212,AA1,26202396,第一金創新趨勢基金,,TWD,10.33
201212,AA1,48929409,第一金台灣成長基金,,TWD,6.46
201212,AA1,73989002,第一金小型精選基金,,TWD,17.94
201212,AA1,97980043,第一金福王基金,,TWD,10.11
201212,AA1,01031298,匯豐龍鳳基金,,TWD,34.46
201212,AA1,73987671,匯豐台灣精典基金,,TWD,16.52
201212,AA1,76941376,匯豐成功基金,,TWD,28.31
201212,AA1,92017794,匯豐龍騰電子基金,,TWD,22.77
201212,AA1,97995664,匯豐中小基金,,TWD,6.79
201212,AA1,00974066,元大寶來2001基金,,TWD,31.53
201212,AA1,01032058,元大寶來多福基金,,TWD,36.52
201212,AA1,14542287,元大寶來精準中小基金,,TWD,13.27
201212,AA1,17139204,元大寶來新主流基金,,TWD,15.7
201212,AA1,17145070,元大寶來矽谷基金,,TWD,9.58
201212,AA1,18036281,元大寶來巴菲特基金,,TWD,16.13
201212,AA1,20080023,元大寶來店頭基金,,TWD,5.55
201212,AA1,77537509,元大寶來多元基金,,TWD,10.28
201212,AA1,81584335,元大寶來高科技基金,,TWD,10.89
201212,AA1,83863951,元大寶來經貿基金,,TWD,21.02
201212,AA1,92001765,元大寶來多多基金,,TWD,12.78
201212,AA1,92004566,元大寶來績效基金,,TWD,24.11
201212,AA1,92026219,元大寶來卓越基金,,TWD,32.38
201212,AA1,15588302,景順台灣精選成長基金,,TWD,19.82
201212,AA1,17140568,景順主流基金,,TWD,13.04
201212,AA1,73989256,景順台灣科技基金,,TWD,22.2
201212,AA1,92019786,景順潛力基金,,TWD,24.57
201212,AA1,17603899,瀚亞電通網基金,,TWD,8.62
201212,AA1,81595924,瀚亞中小型股基金,,TWD,11.4
201212,AA1,92003102,瀚亞高科技基金,,TWD,35.54
201212,AA1,92012572,瀚亞外銷基金,,TWD,25.9
201212,AA1,97978102,瀚亞掌櫃基金,,TWD,11.16
201212,AA1,97990696,瀚亞菁華基金,,TWD,14.86
201212,AA1,01032183,保德信高成長基金,,TWD,60.02
201212,AA1,13528977,保德信台商全方位基金,,TWD,22.02
201212,AA1,17602625,保德信新世紀基金,,TWD,7.57
201212,AA1,20097447,保德信第一基金,,TWD,17.14
201212,AA1,73990649,保德信科技島基金,,TWD,14.85
201212,AA1,83866508,保德信中小型股基金,,TWD,27.32
201212,AA1,92013967,保德信金滿意基金,,TWD,28.98
201212,AA1,97988636,保德信店頭市場基金,,TWD,21.97
201212,AA1,01031699,統一全天候基金,,TWD,45.29
201212,AA1,17605622,統一大滿貫基金,,TWD,19.15
201212,AA1,48934304,統一台灣動力基金,,TWD,7.96
201212,AA1,73990253,統一奔騰基金,,TWD,29.13
201212,AA1,77537493,統一統信基金,,TWD,17.99
201212,AA1,81581724,統一經建基金,,TWD,20.09
201212,AA1,92002244,統一黑馬基金,,TWD,28.07
201212,AA1,92012762,統一龍馬基金,,TWD,34.36
201212,AA1,97977878,統一中小基金,,TWD,11.47
201212,AA1,00974018,富邦富邦基金,,TWD,8.28
201212,AA1,10388939,富邦台灣企業社會責任基金-A類型,,TWD,11.4
201212,AA1,10388939,富邦台灣企業社會責任基金-B類型,,TWD,9.42
201212,AA1,17148301,富邦台灣心基金,,TWD,12.34
201212,AA1,17153795,富邦價值基金,,TWD,14.53
201212,AA1,20089755,富邦精銳中小基金,,TWD,8.38
201212,AA1,81585475,富邦高成長基金,,TWD,14.74
201212,AA1,83864683,富邦科技基金,,TWD,15.49
201212,AA1,92002384,富邦精準基金,,TWD,36.02
201212,AA1,92010477,富邦長紅基金,,TWD,40.76
201212,AA1,92010770,富邦台灣鳳凰基金,,TWD,512.29
201212,AA1,97974078,富邦冠軍基金,,TWD,20.29
201212,AA1,00974039,摩根JF台灣基金,,TWD,8.65
201212,AA1,01032162,摩根JF台灣增長基金,,TWD,33.01
201212,AA1,17144945,摩根JF價值成長基金,,TWD,12.66
201212,AA1,25636367,摩根JF台灣金磚基金,,TWD,10.82
201212,AA1,73989501,摩根JF中小基金,,TWD,17.26
201212,AA1,92012025,摩根JF新興科技基金,,TWD,31.19
201212,AA1,99354335,摩根JF台灣微型基金,,TWD,15.82
201212,AA1,00973762,華南永昌永昌基金,,TWD,9.9
201212,AA1,10300929,華南永昌台灣精選基金,,TWD,7
201212,AA1,26279964,華南永昌中小型基金,,TWD,7.51
201212,AA1,48929007,華南永昌愛台灣基金,,TWD,6.12
201212,AA1,92016839,華南永昌前瞻科技基金,,TWD,9.73
201212,AA1,00974241,新光台灣富貴基金,,TWD,15.46
201212,AA1,13986924,新光大三通基金,,TWD,13.39
201212,AA1,26307407,新光傳產優勢基金,,TWD,8.54
201212,AA1,26334214,新光增長收益基金,,TWD,9.94
201212,AA1,31825252,新光靈活增益100基金,,TWD,9.55
201212,AA1,73998071,新光店頭基金,,TWD,15.17
201212,AA1,81580149,新光國家建設基金,,TWD,16.32
201212,AA1,81585242,新光創新科技基金,,TWD,9.88
201212,AA1,19339782,群益創新科技基金,,TWD,19.74
201212,AA1,20081352,群益店頭市場基金,,TWD,42.58
201212,AA1,48675778,群益奧斯卡基金,,TWD,16.36
201212,AA1,48749899,群益葛萊美基金,,TWD,12.75
201212,AA1,81591434,群益長安基金,,TWD,15.58
201212,AA1,92028997,群益中小型股基金,,TWD,25.8
201212,AA1,97984293,群益馬拉松基金,,TWD,64.26
201212,AA1,18033138,德信數位時代基金,,TWD,14.04
201212,AA1,26288534,德信台灣主流中小基金,,TWD,9.38
201212,AA1,97972846,德信大發基金,,TWD,16.64
201212,AA1,97982984,匯達概念型基金,,TWD,15.98
201212,AA1,97997635,匯達大利基金,,TWD,24.11
201212,AA1,17147078,日盛精選五虎基金,,TWD,20.88
201212,AA1,17607591,日盛高科技基金,,TWD,8.3
201212,AA1,20084317,日盛日盛基金,,TWD,9.03
201212,AA1,26273336,日盛MIT主流基金,,TWD,9.9
201212,AA1,48948481,日盛首選基金,,TWD,9.1
201212,AA1,73988876,日盛小而美基金,,TWD,13.08
201212,AA1,81584975,日盛上選基金,,TWD,17.98
201212,AA1,94991068,日盛新台商基金,,TWD,22.61
201212,AA1,20094820,柏瑞巨人基金,,TWD,8.04
201212,AA1,17608487,復華數位經濟基金,,TWD,17.91
201212,AA1,18488279,復華中小精選基金,,TWD,23.91
201212,AA1,21759676,復華全方位基金,,TWD,11.02
201212,AA1,73998086,復華高成長基金,,TWD,23.76
201212,AA1,81587889,復華復華基金,,TWD,8.45
201212,AA1,13998344,永豐中小基金,,TWD,30.57
201212,AA1,17152509,永豐高科技基金,,TWD,10.4
201212,AA1,73992013,永豐領航科技基金,,TWD,12.6
201212,AA1,81594690,永豐永豐基金,,TWD,26.6
201212,AA1,17141187,富鼎半導體科技基金,,TWD,7.82
201212,AA1,48809501,富鼎台灣優勢基金,,TWD,8.55
201212,AA1,48893417,富鼎台灣活力基金,,TWD,5.56
201212,AA1,17144889,宏利台灣動力基金,,TWD,13.96
201212,AA1,73982057,宏利臺灣高股息基金,,TWD,15.02
201212,AA1,18031960,安多利高科技基金,,TWD,5.27
201212,AA1,19330712,貝萊德寶利基金,,TWD,10.31
201212,AA1,00968493,安泰ING鴻運基金,,TWD,11.14
201212,AA1,00988316,安泰ING台灣運籌基金,,TWD,15.91
201212,AA1,01031564,安泰ING積極成長基金,,TWD,6.81
201212,AA1,17146752,安泰ING成長基金,,TWD,16.3
201212,AA1,17600534,安泰ING高科技基金,,TWD,5.28
201212,AA1,18037937,安泰INGｅ科技基金,,TWD,10.65
201212,AA1,18488469,安泰ING中小基金,,TWD,22.81
201212,AA1,19330754,安泰ING優質基金,,TWD,18.69
201212,AA1,99973878,安泰ING台灣高股息基金,,TWD,13.47
201212,AA1,14693572,聯邦台灣創新基金,,TWD,11.83
201212,AA1,17597236,聯邦精選科技基金,,TWD,7.08
201212,AA1,18496290,聯邦中國龍基金,,TWD,12.08
201212,AA1,10341251,未來資產台灣新趨勢基金,,TWD,12.1
201212,AA1,17597600,未來資產阿波羅基金,,TWD,7.16
201212,AA1,17604124,德盛台灣大壩基金,,TWD,10.53
201212,AA1,18480065,德盛科技大壩基金,,TWD,17.63
201212,AA1,26309025,德盛安聯台灣好息富基金,,TWD,9.24
201212,AA1,48997911,德盛安聯台灣智慧趨勢基金,,TWD,11.37
201212,AA1,01031874,國泰小龍基金,,TWD,11.33
201212,AA1,14705562,國泰科技生化基金,,TWD,22.97
201212,AA1,17612497,國泰國泰基金,,TWD,13.12
201212,AA1,18043059,國泰中小成長基金,,TWD,29.76
201212,AA1,19291128,國泰大中華基金,,TWD,18.05
201212,AA1,31837449,國泰價值卓越基金,,TWD,10.9
201212,AA1,48948623,國泰台灣計量基金,,TWD,9.26
201212,AA1,13984165,富達台灣成長基金,,TWD,18.67
201212,AA1,14545897,德銀遠東DWS科技基金,,TWD,13.36
201212,AA1,18499732,德銀遠東DWS台灣旗艦基金,,TWD,14.99
201212,AA1,13539952,凱基開創基金,,TWD,14.48
201212,AA1,25612029,凱基台灣精五門基金,,TWD,13.87
201212,AA1,25601923,施羅德台灣主動基金,,TWD,12.07
201212,AA1,48948834,施羅德樂活中小基金,,TWD,10.19
201212,AA1,14694495,華頓台灣基金,,TWD,16.86
201212,AA1,48731589,華頓典範科技基金,,TWD,7.97
201212,AA1,80892778,華頓中小型基金,,TWD,18.37
201212,AA1,10337833,惠理康和台灣紅不讓基金,,TWD,13.07
201212,AA1,15733973,富蘭克林華美第一富基金,,TWD,21.66
201212,AA1,26310297,富蘭克林華美台股傘型基金之高科技基金,,TWD,8.93
201212,AA1,26310310,富蘭克林華美台股傘型基金之傳產基金,,TWD,9.41
201212,AA1,17602821,台新2000高科技基金,,TWD,14.81
201212,AA1,48858663,台新主流基金,,TWD,10.44
201212,AA1,80894446,台新中國通基金,,TWD,18.75
201212,AA1,81588536,台新大眾基金,,TWD,15.26
201212,AA1,26320632,合庫巴黎台灣領航基金,,TWD,9.38
201306,AA1,00965469,兆豐國際第一基金,,TWD,10.04
201306,AA1,01050148,兆豐國際國民基金,,TWD,21.62
201306,AA1,10341837,兆豐國際豐台灣基金,,TWD,23.68
201306,AA1,73991751,兆豐國際電子基金,,TWD,16.91
201306,AA1,81584996,兆豐國際中小基金,,TWD,10.71
201306,AA1,92003790,兆豐國際精選二十基金,,TWD,10.66
201306,AA1,00968521,第一金福元基金,,TWD,7.13
201306,AA1,01032803,第一金萬得福基金,,TWD,10.2
201306,AA1,15739619,第一金大中華基金,,TWD,16.05
201306,AA1,19341318,第一金電子基金,,TWD,18.73
201306,AA1,20092528,第一金店頭市場基金,,TWD,6.61
201306,AA1,26202396,第一金創新趨勢基金,,TWD,11.31
201306,AA1,48929409,第一金台灣成長基金,,TWD,6.77
201306,AA1,73989002,第一金小型精選基金,,TWD,19.26
201306,AA1,97980043,第一金福王基金,,TWD,10.41
201306,AA1,01031298,匯豐龍鳳基金,,TWD,35.18
201306,AA1,73987671,匯豐台灣精典基金,,TWD,16.69
201306,AA1,76941376,匯豐成功基金,,TWD,30
201306,AA1,92017794,匯豐龍騰電子基金,,TWD,22.79
201306,AA1,97995664,匯豐中小基金,,TWD,7.53
201306,AA1,00974066,元大寶來2001基金,,TWD,34.67
201306,AA1,01032058,元大寶來多福基金,,TWD,39.94
201306,AA1,14542287,元大寶來精準中小基金,,TWD,14.16
201306,AA1,17139204,元大寶來新主流基金,,TWD,16.47
201306,AA1,17145070,元大寶來矽谷基金,,TWD,10.08
201306,AA1,18036281,元大寶來巴菲特基金,,TWD,17.37
201306,AA1,20080023,元大寶來店頭基金,,TWD,6.29
201306,AA1,77537509,元大寶來多元基金,,TWD,10.72
201306,AA1,81584335,元大寶來高科技基金,,TWD,11.18
201306,AA1,83863951,元大寶來經貿基金,,TWD,23.02
201306,AA1,92001765,元大寶來多多基金,,TWD,14.46
201306,AA1,92004566,元大寶來績效基金,,TWD,26.09
201306,AA1,92026219,元大寶來卓越基金,,TWD,33.33
201306,AA1,15588302,景順台灣精選成長基金,,TWD,21.75
201306,AA1,17140568,景順主流基金,,TWD,13.48
201306,AA1,73989256,景順台灣科技基金,,TWD,22.44
201306,AA1,92019786,景順潛力基金,,TWD,25.24
201306,AA1,17603899,瀚亞電通網基金,,TWD,9.01
201306,AA1,81595924,瀚亞中小型股基金,,TWD,12.1
201306,AA1,92003102,瀚亞高科技基金,,TWD,37.87
201306,AA1,92012572,瀚亞外銷基金,,TWD,26.32
201306,AA1,97978102,瀚亞掌櫃基金,,TWD,11.37
201306,AA1,97990696,瀚亞菁華基金,,TWD,15.27
201306,AA1,01032183,保德信高成長基金,,TWD,65.6
201306,AA1,13528977,保德信台商全方位基金,,TWD,24.5
201306,AA1,17602625,保德信新世紀基金,,TWD,8.18
201306,AA1,20097447,保德信第一基金,,TWD,19.1
201306,AA1,73990649,保德信科技島基金,,TWD,16.63
201306,AA1,83866508,保德信中小型股基金,,TWD,32.12
201306,AA1,92013967,保德信金滿意基金,,TWD,30.16
201306,AA1,97988636,保德信店頭市場基金,,TWD,26.35
201306,AA1,01031699,統一全天候基金,,TWD,50.82
201306,AA1,17605622,統一大滿貫基金,,TWD,20.06
201306,AA1,48934304,統一台灣動力基金,,TWD,9.16
201306,AA1,73990253,統一奔騰基金,,TWD,32.17
201306,AA1,77537493,統一統信基金,,TWD,19.65
201306,AA1,81581724,統一經建基金,,TWD,22.82
201306,AA1,92002244,統一黑馬基金,,TWD,31.09
201306,AA1,92012762,統一龍馬基金,,TWD,37.7
201306,AA1,97977878,統一中小基金,,TWD,13.12
201306,AA1,00974018,富邦富邦基金,,TWD,8.72
201306,AA1,10388939,富邦台灣企業社會責任基金-A類型,,TWD,12.48
201306,AA1,10388939,富邦台灣企業社會責任基金-B類型,,TWD,10.31
201306,AA1,17148301,富邦台灣心基金,,TWD,13.37
201306,AA1,17153795,富邦價值基金,,TWD,15.14
201306,AA1,20089755,富邦精銳中小基金,,TWD,9.29
201306,AA1,81585475,富邦高成長基金,,TWD,15.49
201306,AA1,83864683,富邦科技基金,,TWD,17.24
201306,AA1,92002384,富邦精準基金,,TWD,39.65
201306,AA1,92010477,富邦長紅基金,,TWD,42.9
201306,AA1,92010770,富邦台灣鳳凰基金,,TWD,540.31
201306,AA1,97974078,富邦冠軍基金,,TWD,21.76
201306,AA1,00974039,摩根台灣基金,,TWD,9.2
201306,AA1,01032162,摩根台灣增長基金,,TWD,34.7
201306,AA1,17144945,摩根價值成長基金,,TWD,13.39
201306,AA1,25636367,摩根台灣金磚基金,,TWD,12.26
201306,AA1,73989501,摩根中小基金,,TWD,16.44
201306,AA1,92012025,摩根新興科技基金,,TWD,33.22
201306,AA1,99354335,摩根台灣微型基金,,TWD,15.14
201306,AA1,00973762,華南永昌永昌基金,,TWD,10.87
201306,AA1,10300929,華南永昌台灣精選基金,,TWD,7.85
201306,AA1,26279964,華南永昌中小型基金,,TWD,8.17
201306,AA1,48929007,華南永昌愛台灣基金,,TWD,6.62
201306,AA1,92016839,華南永昌前瞻科技基金,,TWD,10.55
201306,AA1,00974241,新光台灣富貴基金,,TWD,16.18
201306,AA1,13986924,新光大三通基金,,TWD,13.89
201306,AA1,26307407,新光傳產優勢基金,,TWD,9.12
201306,AA1,26334214,新光增長收益基金,,TWD,9.83
201306,AA1,31825252,新光靈活增益100基金,,TWD,9.44
201306,AA1,73998071,新光店頭基金,,TWD,17.93
201306,AA1,81580149,新光國家建設基金,,TWD,17.51
201306,AA1,81585242,新光創新科技基金,,TWD,10.38
201306,AA1,19339782,群益創新科技基金,,TWD,20.84
201306,AA1,20081352,群益店頭市場基金,,TWD,50.68
201306,AA1,48675778,群益奧斯卡基金,,TWD,18.01
201306,AA1,48749899,群益葛萊美基金,,TWD,14.06
201306,AA1,81591434,群益長安基金,,TWD,16.87
201306,AA1,92028997,群益中小型股基金,,TWD,30.48
201306,AA1,97984293,群益馬拉松基金,,TWD,71.14
201306,AA1,18033138,德信數位時代基金,,TWD,16.31
201306,AA1,26288534,德信台灣主流中小基金,,TWD,10.75
201306,AA1,97972846,德信大發基金,,TWD,19.28
201306,AA1,97997635,聯博大利基金,,TWD,24.51
201306,AA1,17147078,日盛精選五虎基金,,TWD,23.29
201306,AA1,17607591,日盛高科技基金,,TWD,8.45
201306,AA1,20084317,日盛日盛基金,,TWD,9.57
201306,AA1,26273336,日盛MIT主流基金,,TWD,9.57
201306,AA1,48948481,日盛首選基金,,TWD,8.95
201306,AA1,73988876,日盛小而美基金,,TWD,13.4
201306,AA1,81584975,日盛上選基金,,TWD,18.09
201306,AA1,94991068,日盛新台商基金,,TWD,22.64
201306,AA1,20094820,柏瑞巨人基金,,TWD,8.58
201306,AA1,17608487,復華數位經濟基金,,TWD,20.49
201306,AA1,18488279,復華中小精選基金,,TWD,27.95
201306,AA1,21759676,復華全方位基金,,TWD,13.02
201306,AA1,73998086,復華高成長基金,,TWD,28.64
201306,AA1,81587889,復華復華基金,,TWD,9.74
201306,AA1,13998344,永豐中小基金,,TWD,33.4
201306,AA1,17152509,永豐高科技基金,,TWD,11.82
201306,AA1,73992013,永豐領航科技基金,,TWD,14.88
201306,AA1,81594690,永豐永豐基金,,TWD,27.89
201306,AA1,17141187,中國信託半導體科技基金,,TWD,8.74
201306,AA1,48809501,中國信託台灣優勢基金,,TWD,9.55
201306,AA1,48893417,中國信託台灣活力基金,,TWD,6.32
201306,AA1,17144889,宏利台灣動力基金,,TWD,15.43
201306,AA1,73982057,宏利臺灣高股息基金,,TWD,16.68
201306,AA1,18031960,安多利高科技基金,,TWD,5.8
201306,AA1,19330712,貝萊德寶利基金,,TWD,11.62
201306,AA1,00968493,安泰ING鴻運基金,,TWD,13.38
201306,AA1,00988316,安泰ING台灣運籌基金,,TWD,18.84
201306,AA1,01031564,安泰ING積極成長基金,,TWD,7.8
201306,AA1,17146752,安泰ING成長基金,,TWD,18.67
201306,AA1,17600534,安泰ING高科技基金,,TWD,5.65
201306,AA1,18037937,安泰INGｅ科技基金,,TWD,11.39
201306,AA1,18488469,安泰ING中小基金,,TWD,27.66
201306,AA1,19330754,安泰ING優質基金,,TWD,21.92
201306,AA1,99973878,安泰ING台灣高股息基金,,TWD,14.48
201306,AA1,17597236,聯邦精選科技基金,,TWD,7.19
201306,AA1,18496290,聯邦中國龍基金,,TWD,13.01
201306,AA1,10341251,未來資產台灣新趨勢基金,,TWD,12.57
201306,AA1,17597600,未來資產阿波羅基金,,TWD,7.51
201306,AA1,17604124,德盛台灣大壩基金,,TWD,11.84
201306,AA1,18480065,德盛科技大壩基金,,TWD,17.7
201306,AA1,26309025,德盛安聯台灣好息富基金,,TWD,9.84
201306,AA1,48997911,德盛安聯台灣智慧趨勢基金,,TWD,12.62
201306,AA1,01031874,國泰小龍基金,,TWD,11.68
201306,AA1,14705562,國泰科技生化基金,,TWD,24.23
201306,AA1,17612497,國泰國泰基金,,TWD,14.34
201306,AA1,18043059,國泰中小成長基金,,TWD,31.16
201306,AA1,19291128,國泰大中華基金,,TWD,18.51
201306,AA1,31837449,國泰價值卓越基金,,TWD,11.29
201306,AA1,48948623,國泰台灣計量基金,,TWD,9.77
201306,AA1,13984165,富達台灣成長基金,,TWD,20.06
201306,AA1,14545897,德銀遠東DWS科技基金,,TWD,13.83
201306,AA1,18499732,德銀遠東DWS台灣旗艦基金,,TWD,15.58
201306,AA1,13539952,凱基開創基金,,TWD,16.21
201306,AA1,25612029,凱基台灣精五門基金,,TWD,15.09
201306,AA1,25601923,施羅德台灣主動基金,,TWD,12.91
201306,AA1,48948834,施羅德樂活中小基金,,TWD,11.35
201306,AA1,14694495,華頓台灣基金,,TWD,16.49
201306,AA1,48731589,華頓典範科技基金,,TWD,7.82
201306,AA1,80892778,華頓中小型基金,,TWD,18.89
201306,AA1,10337833,惠理康和台灣紅不讓基金,,TWD,13.13
201306,AA1,15733973,富蘭克林華美第一富基金,,TWD,23.39
201306,AA1,26310297,富蘭克林華美台股傘型基金之高科技基金,,TWD,9.76
201306,AA1,26310310,富蘭克林華美台股傘型基金之傳產基金,,TWD,10.78
201306,AA1,17602821,台新2000高科技基金,,TWD,17.98
201306,AA1,48858663,台新主流基金,,TWD,11.69
201306,AA1,80894446,台新中國通基金,,TWD,21.12
201306,AA1,81588536,台新大眾基金,,TWD,17.27
201306,AA1,26320632,合庫巴黎台灣領航基金,,TWD,9.48
201309,AA1,00965469,兆豐國際第一基金,,TWD,10.46
201309,AA1,01050148,兆豐國際國民基金,,TWD,22.19
201309,AA1,10341837,兆豐國際豐台灣基金,,TWD,26.11
201309,AA1,73991751,兆豐國際電子基金,,TWD,17.3
201309,AA1,81584996,兆豐國際中小基金,,TWD,11.22
201309,AA1,92003790,兆豐國際精選二十基金,,TWD,10.79
201309,AA1,00968521,第一金福元基金,,TWD,7.73
201309,AA1,01032803,第一金萬得福基金,,TWD,10.83
201309,AA1,15739619,第一金大中華基金,,TWD,16.39
201309,AA1,19341318,第一金電子基金,,TWD,22.06
201309,AA1,20092528,第一金店頭市場基金,,TWD,7.1
201309,AA1,26202396,第一金創新趨勢基金,,TWD,11.4
201309,AA1,48929409,第一金台灣成長基金,,TWD,7.2
201309,AA1,73989002,第一金小型精選基金,,TWD,20.3
201309,AA1,97980043,第一金福王基金,,TWD,11.19
201309,AA1,01031298,匯豐龍鳳基金,,TWD,36.06
201309,AA1,73987671,匯豐台灣精典基金,,TWD,17.07
201309,AA1,76941376,匯豐成功基金,,TWD,32.14
201309,AA1,92017794,匯豐龍騰電子基金,,TWD,22.51
201309,AA1,97995664,匯豐中小基金,,TWD,7.65
201309,AA1,00974066,元大寶來2001基金,,TWD,37.26
201309,AA1,01032058,元大寶來多福基金,,TWD,41.91
201309,AA1,14542287,元大寶來精準中小基金,,TWD,15.27
201309,AA1,17139204,元大寶來新主流基金,,TWD,15.94
201309,AA1,17145070,元大寶來矽谷基金,,TWD,10.28
201309,AA1,18036281,元大寶來巴菲特基金,,TWD,18.16
201309,AA1,20080023,元大寶來店頭基金,,TWD,6.44
201309,AA1,77537509,元大寶來多元基金,,TWD,11.38
201309,AA1,81584335,元大寶來高科技基金,,TWD,10.52
201309,AA1,83863951,元大寶來經貿基金,,TWD,23.31
201309,AA1,92001765,元大寶來多多基金,,TWD,13.81
201309,AA1,92004566,元大寶來績效基金,,TWD,28.07
201309,AA1,92026219,元大寶來卓越基金,,TWD,33.01
201309,AA1,15588302,景順台灣精選成長基金,,TWD,23.91
201309,AA1,17140568,景順主流基金,,TWD,14.85
201309,AA1,73989256,景順台灣科技基金,,TWD,22.45
201309,AA1,92019786,景順潛力基金,,TWD,27.53
201309,AA1,17603899,瀚亞電通網基金,,TWD,9.34
201309,AA1,81595924,瀚亞中小型股基金,,TWD,12.44
201309,AA1,92003102,瀚亞高科技基金,,TWD,37.97
201309,AA1,92012572,瀚亞外銷基金,,TWD,26.9
201309,AA1,97990696,瀚亞菁華基金,,TWD,15.66
201309,AA1,01032183,保德信高成長基金,,TWD,66.03
201309,AA1,13528977,保德信台商全方位基金,,TWD,24.38
201309,AA1,17602625,保德信新世紀基金,,TWD,8.81
201309,AA1,20097447,保德信第一基金,,TWD,18.99
201309,AA1,73990649,保德信科技島基金,,TWD,16.01
201309,AA1,83866508,保德信中小型股基金,,TWD,32.09
201309,AA1,92013967,保德信金滿意基金,,TWD,30.49
201309,AA1,97988636,保德信店頭市場基金,,TWD,26.07
201309,AA1,01031699,統一全天候基金,,TWD,53.72
201309,AA1,17605622,統一大滿貫基金,,TWD,20.9
201309,AA1,48934304,統一台灣動力基金,,TWD,9.13
201309,AA1,73990253,統一奔騰基金,,TWD,32.98
201309,AA1,77537493,統一統信基金,,TWD,20.1
201309,AA1,81581724,統一經建基金,,TWD,23.15
201309,AA1,92002244,統一黑馬基金,,TWD,31.91
201309,AA1,92012762,統一龍馬基金,,TWD,38.03
201309,AA1,97977878,統一中小基金,,TWD,13.59
201309,AA1,00974018,富邦富邦基金,,TWD,8.95
201309,AA1,10388939,富邦台灣企業社會責任基金-A類型,,TWD,12.56
201309,AA1,10388939,富邦台灣企業社會責任基金-B類型,,TWD,10.38
201309,AA1,17148301,富邦台灣心基金,,TWD,13.98
201309,AA1,17153795,富邦價值基金,,TWD,16.1
201309,AA1,20089755,富邦精銳中小基金,,TWD,9.53
201309,AA1,81585475,富邦高成長基金,,TWD,16.38
201309,AA1,83864683,富邦科技基金,,TWD,16.55
201309,AA1,92002384,富邦精準基金,,TWD,37.85
201309,AA1,92010477,富邦長紅基金,,TWD,44.44
201309,AA1,92010770,富邦台灣鳳凰基金,,TWD,578.41
201309,AA1,97974078,富邦冠軍基金,,TWD,22.86
201309,AA1,00974039,摩根台灣基金,,TWD,9.63
201309,AA1,01032162,摩根台灣增長基金,,TWD,36.22
201309,AA1,17144945,摩根價值成長基金,,TWD,14.01
201309,AA1,25636367,摩根台灣金磚基金,,TWD,13.21
201309,AA1,73989501,摩根中小基金,,TWD,16.66
201309,AA1,92012025,摩根新興科技基金,,TWD,33.27
201309,AA1,99354335,摩根台灣微型基金,,TWD,15.28
201309,AA1,00973762,華南永昌永昌基金,,TWD,11.69
201309,AA1,10300929,華南永昌台灣精選基金,,TWD,8.61
201309,AA1,26279964,華南永昌中小型基金,,TWD,8.53
201309,AA1,48929007,華南永昌愛台灣基金,,TWD,7.33
201309,AA1,92016839,華南永昌前瞻科技基金,,TWD,11.37
201309,AA1,00974241,新光台灣富貴基金,,TWD,16.51
201309,AA1,13986924,新光大三通基金,,TWD,14.02
201309,AA1,26307407,新光傳產優勢基金,,TWD,9.8
201309,AA1,26334214,新光增長收益基金,,TWD,9.73
201309,AA1,31825252,新光靈活增益100基金,,TWD,9.36
201309,AA1,73998071,新光店頭基金,,TWD,17.96
201309,AA1,81580149,新光國家建設基金,,TWD,17.35
201309,AA1,81585242,新光創新科技基金,,TWD,10.47
201309,AA1,19339782,群益創新科技基金,,TWD,20.53
201309,AA1,20081352,群益店頭市場基金,,TWD,52.83
201309,AA1,48675778,群益奧斯卡基金,,TWD,18.6
201309,AA1,48749899,群益葛萊美基金,,TWD,14.36
201309,AA1,81591434,群益長安基金,,TWD,17.72
201309,AA1,92028997,群益中小型股基金,,TWD,31.76
201309,AA1,97984293,群益馬拉松基金,,TWD,72.4
201309,AA1,18033138,德信數位時代基金,,TWD,18.32
201309,AA1,26288534,德信台灣主流中小基金,,TWD,11.91
201309,AA1,97972846,德信大發基金,,TWD,21.01
201309,AA1,97997635,聯博大利基金,,TWD,25.04
201309,AA1,17147078,日盛精選五虎基金,,TWD,25.01
201309,AA1,17607591,日盛高科技基金,,TWD,8.72
201309,AA1,20084317,日盛日盛基金,,TWD,9.34
201309,AA1,26273336,日盛MIT主流基金,,TWD,9.83
201309,AA1,48948481,日盛首選基金,,TWD,9.45
201309,AA1,73988876,日盛小而美基金,,TWD,13.86
201309,AA1,81584975,日盛上選基金,,TWD,18.94
201309,AA1,94991068,日盛新台商基金,,TWD,25.06
201309,AA1,20094820,柏瑞巨人基金,,TWD,8.91
201309,AA1,17608487,復華數位經濟基金,,TWD,21.9
201309,AA1,18488279,復華中小精選基金,,TWD,29.65
201309,AA1,21759676,復華全方位基金,,TWD,14.7
201309,AA1,73998086,復華高成長基金,,TWD,31.35
201309,AA1,81587889,復華復華基金,,TWD,10.27
201309,AA1,13998344,永豐中小基金,,TWD,33.58
201309,AA1,17152509,永豐高科技基金,,TWD,12.85
201309,AA1,73992013,永豐領航科技基金,,TWD,15.43
201309,AA1,81594690,永豐永豐基金,,TWD,29.3
201309,AA1,17141187,中國信託半導體科技基金,,TWD,8.96
201309,AA1,48809501,中國信託台灣優勢基金,,TWD,10.38
201309,AA1,48893417,中國信託台灣活力基金,,TWD,7.03
201309,AA1,17144889,宏利台灣動力基金,,TWD,16.11
201309,AA1,73982057,宏利臺灣高股息基金,,TWD,17.71
201309,AA1,18031960,安多利高科技基金,,TWD,6.78
201309,AA1,19330712,貝萊德寶利基金,,TWD,12.49
201309,AA1,00968493,安泰ING鴻運基金,,TWD,13.66
201309,AA1,00988316,安泰ING台灣運籌基金,,TWD,19.85
201309,AA1,01031564,安泰ING積極成長基金,,TWD,8.19
201309,AA1,17146752,安泰ING成長基金,,TWD,19.62
201309,AA1,17600534,安泰ING高科技基金,,TWD,5.96
201309,AA1,18037937,安泰INGｅ科技基金,,TWD,12.01
201309,AA1,18488469,安泰ING中小基金,,TWD,28.12
201309,AA1,19330754,安泰ING優質基金,,TWD,22.82
201309,AA1,99973878,安泰ING台灣高股息基金,,TWD,16.28
201309,AA1,17597236,聯邦精選科技基金,,TWD,8.07
201309,AA1,18496290,聯邦中國龍基金,,TWD,15.13
201309,AA1,10341251,未來資產台灣新趨勢基金,,TWD,12.46
201309,AA1,17597600,未來資產阿波羅基金,,TWD,7.57
201309,AA1,17604124,德盛台灣大壩基金,,TWD,12.26
201309,AA1,18480065,德盛科技大壩基金,,TWD,17.81
201309,AA1,26309025,德盛安聯台灣好息富基金,,TWD,10.38
201309,AA1,48997911,德盛安聯台灣智慧趨勢基金,,TWD,13.54
201309,AA1,01031874,國泰小龍基金,,TWD,11.95
201309,AA1,14705562,國泰科技生化基金,,TWD,24.28
201309,AA1,17612497,國泰國泰基金,,TWD,14.46
201309,AA1,18043059,國泰中小成長基金,,TWD,32.47
201309,AA1,19291128,國泰大中華基金,,TWD,19.12
201309,AA1,31837449,國泰價值卓越基金,,TWD,12.63
201309,AA1,48948623,國泰台灣計量基金,,TWD,10.12
201309,AA1,13984165,富達台灣成長基金,,TWD,20.54
201309,AA1,14545897,德銀遠東DWS科技基金,,TWD,14.29
201309,AA1,18499732,德銀遠東DWS台灣旗艦基金,,TWD,16.36
201309,AA1,13539952,凱基開創基金,,TWD,16.99
201309,AA1,25612029,凱基台灣精五門基金,,TWD,16.38
201309,AA1,25601923,施羅德台灣主動基金,,TWD,12.96
201309,AA1,48948834,施羅德樂活中小基金,,TWD,11.49
201309,AA1,14694495,華頓台灣基金,,TWD,18.22
201309,AA1,48731589,華頓典範科技基金,,TWD,8.16
201309,AA1,80892778,華頓中小型基金,,TWD,21.02
201309,AA1,10337833,惠理康和台灣紅不讓基金,,TWD,14.08
201309,AA1,15733973,富蘭克林華美第一富基金,,TWD,24.47
201309,AA1,26310297,富蘭克林華美台股傘型基金之高科技基金,,TWD,10.43
201309,AA1,26310310,富蘭克林華美台股傘型基金之傳產基金,,TWD,11.84
201309,AA1,17602821,台新2000高科技基金,,TWD,18.52
201309,AA1,48858663,台新主流基金,,TWD,13.47
201309,AA1,80894446,台新中國通基金,,TWD,22.22
201309,AA1,81588536,台新大眾基金,,TWD,18.46
201309,AA1,26320632,合庫巴黎台灣領航基金,,TWD,9.95
201312,AA1,00965469,兆豐國際第一基金,,TWD,10.88
201312,AA1,01050148,兆豐國際國民基金,,TWD,23.49
201312,AA1,10341837,兆豐國際豐台灣基金,,TWD,27.74
201312,AA1,73991751,兆豐國際電子基金,,TWD,18.22
201312,AA1,81584996,兆豐國際中小基金,,TWD,11.71
201312,AA1,92003790,兆豐國際精選二十基金,,TWD,11.24
201312,AA1,00968521,第一金福元基金,,TWD,8.04
201312,AA1,01032803,第一金萬得福基金,,TWD,11.98
201312,AA1,15739619,第一金大中華基金,,TWD,17.62
201312,AA1,19341318,第一金電子基金,,TWD,23.53
201312,AA1,20092528,第一金店頭市場基金,,TWD,7.03
201312,AA1,26202396,第一金創新趨勢基金,,TWD,12.59
201312,AA1,48929409,第一金台灣成長基金,,TWD,8.16
201312,AA1,73989002,第一金小型精選基金,,TWD,22.11
201312,AA1,97980043,第一金福王基金,,TWD,12.46
201312,AA1,01031298,匯豐龍鳳基金,,TWD,38.04
201312,AA1,73987671,匯豐台灣精典基金,,TWD,18.01
201312,AA1,76941376,匯豐成功基金,,TWD,33.62
201312,AA1,92017794,匯豐龍騰電子基金,,TWD,23.36
201312,AA1,97995664,匯豐中小基金,,TWD,8.04
201312,AA1,00974066,元大寶來2001基金,,TWD,42.57
201312,AA1,01032058,元大寶來多福基金,,TWD,45.88
201312,AA1,14542287,元大寶來精準中小基金,,TWD,16.68
201312,AA1,17139204,元大寶來新主流基金,,TWD,16.34
201312,AA1,17145070,元大寶來矽谷基金,,TWD,11.25
201312,AA1,18036281,元大寶來巴菲特基金,,TWD,20.43
201312,AA1,20080023,元大寶來店頭基金,,TWD,6.86
201312,AA1,77537509,元大寶來多元基金,,TWD,11.83
201312,AA1,81584335,元大寶來高科技基金,,TWD,11
201312,AA1,83863951,元大寶來經貿基金,,TWD,25.25
201312,AA1,92001765,元大寶來多多基金,,TWD,14.81
201312,AA1,92004566,元大寶來績效基金,,TWD,30.83
201312,AA1,92026219,元大寶來卓越基金,,TWD,34.84
201312,AA1,15588302,景順台灣精選成長基金,,TWD,27.04
201312,AA1,17140568,景順主流基金,,TWD,15.77
201312,AA1,73989256,景順台灣科技基金,,TWD,23.42
201312,AA1,92019786,景順潛力基金,,TWD,29.29
201312,AA1,17603899,瀚亞電通網基金,,TWD,10.2
201312,AA1,81595924,瀚亞中小型股基金,,TWD,13.29
201312,AA1,92003102,瀚亞高科技基金,,TWD,41.6
201312,AA1,92012572,瀚亞外銷基金,,TWD,28.13
201312,AA1,97990696,瀚亞菁華基金,,TWD,16.45
201312,AA1,01032183,保德信高成長基金,,TWD,71.05
201312,AA1,13528977,保德信台商全方位基金,,TWD,25.24
201312,AA1,17602625,保德信新世紀基金,,TWD,9.32
201312,AA1,20097447,保德信第一基金,,TWD,19.65
201312,AA1,73990649,保德信科技島基金,,TWD,17.07
201312,AA1,83866508,保德信中小型股基金,,TWD,34.9
201312,AA1,92013967,保德信金滿意基金,,TWD,32.06
201312,AA1,97988636,保德信店頭市場基金,,TWD,27.68
201312,AA1,01031699,統一全天候基金,,TWD,59.34
201312,AA1,17605622,統一大滿貫基金,,TWD,22.59
201312,AA1,48934304,統一台灣動力基金,,TWD,10.6
201312,AA1,73990253,統一奔騰基金,,TWD,35.14
201312,AA1,77537493,統一統信基金,,TWD,22.14
201312,AA1,81581724,統一經建基金,,TWD,25.59
201312,AA1,92002244,統一黑馬基金,,TWD,34.31
201312,AA1,92012762,統一龍馬基金,,TWD,41.08
201312,AA1,97977878,統一中小基金,,TWD,15.62
201312,AA1,00974018,富邦基金,,TWD,9.46
201312,AA1,10388939,富邦台灣企業社會責任基金-A類型,,TWD,13.47
201312,AA1,10388939,富邦台灣企業社會責任基金-B類型,,TWD,11.13
201312,AA1,17148301,富邦台灣心基金,,TWD,15.63
201312,AA1,17153795,富邦價值基金,,TWD,17.04
201312,AA1,20089755,富邦精銳中小基金,,TWD,10.37
201312,AA1,81585475,富邦高成長基金,,TWD,17.55
201312,AA1,83864683,富邦科技基金,,TWD,18.05
201312,AA1,92002384,富邦精準基金,,TWD,40.81
201312,AA1,92010477,富邦長紅基金,,TWD,47.61
201312,AA1,92010770,富邦台灣鳳凰基金,,TWD,623.28
201312,AA1,97974078,富邦冠軍基金,,TWD,23.28
201312,AA1,00974039,摩根台灣基金,,TWD,10.29
201312,AA1,01032162,摩根台灣增長基金,,TWD,38.37
201312,AA1,17144945,摩根價值成長基金,,TWD,14.93
201312,AA1,25636367,摩根台灣金磚基金,,TWD,14.52
201312,AA1,73989501,摩根中小基金,,TWD,18.16
201312,AA1,92012025,摩根新興科技基金,,TWD,35.25
201312,AA1,99354335,摩根台灣微型基金,,TWD,16.65
201312,AA1,00973762,華南永昌永昌基金,,TWD,12.5
201312,AA1,10300929,華南永昌台灣精選基金,,TWD,9.51
201312,AA1,26279964,華南永昌中小型基金,,TWD,9.12
201312,AA1,48929007,華南永昌愛台灣基金,,TWD,7.77
201312,AA1,92016839,華南永昌前瞻科技基金,,TWD,12.54
201312,AA1,00974241,新光台灣富貴基金,,TWD,17.08
201312,AA1,13986924,新光大三通基金,,TWD,15.26
201312,AA1,26307407,新光傳產優勢基金,,TWD,10.66
201312,AA1,26334214,新光增長收益基金,,TWD,9.98
201312,AA1,73998071,新光店頭基金,,TWD,19.16
201312,AA1,81580149,新光國家建設基金,,TWD,18.43
201312,AA1,81585242,新光創新科技基金,,TWD,11.35
201312,AA1,19339782,群益創新科技基金,,TWD,22.4
201312,AA1,20081352,群益店頭市場基金,,TWD,55.49
201312,AA1,48675778,群益奧斯卡基金,,TWD,19.42
201312,AA1,48749899,群益葛萊美基金,,TWD,15.73
201312,AA1,81591434,群益長安基金,,TWD,18.64
201312,AA1,92028997,群益中小型股基金,,TWD,34.5
201312,AA1,97984293,群益馬拉松基金,,TWD,78.92
201312,AA1,18033138,德信數位時代基金,,TWD,20.03
201312,AA1,26288534,德信台灣主流中小基金,,TWD,12.79
201312,AA1,97972846,德信大發基金,,TWD,22.94
201312,AA1,97997635,聯博大利基金,,TWD,26.36
201312,AA1,17147078,日盛精選五虎基金,,TWD,27.04
201312,AA1,17607591,日盛高科技基金,,TWD,9.34
201312,AA1,20084317,日盛日盛基金,,TWD,9.54
201312,AA1,26273336,日盛MIT主流基金,,TWD,10.71
201312,AA1,48948481,日盛首選基金,,TWD,9.99
201312,AA1,73988876,日盛小而美基金,,TWD,14.66
201312,AA1,81584975,日盛上選基金,,TWD,19.7
201312,AA1,94991068,日盛新台商基金,,TWD,25.97
201312,AA1,20094820,柏瑞巨人基金,,TWD,9.97
201312,AA1,17608487,復華數位經濟基金,,TWD,26.33
201312,AA1,18488279,復華中小精選基金,,TWD,35.1
201312,AA1,21759676,復華全方位基金,,TWD,16.59
201312,AA1,73998086,復華高成長基金,,TWD,35.38
201312,AA1,81587889,復華復華基金,,TWD,12.41
201312,AA1,13998344,永豐中小基金,,TWD,35.4
201312,AA1,17152509,永豐高科技基金,,TWD,13.72
201312,AA1,73992013,永豐領航科技基金,,TWD,17.65
201312,AA1,81594690,永豐永豐基金,,TWD,30.35
201312,AA1,48809501,中國信託台灣優勢基金,,TWD,10.95
201312,AA1,48893417,中國信託台灣活力基金,,TWD,8.02
201312,AA1,17144889,宏利台灣動力基金,,TWD,17.26
201312,AA1,73982057,宏利臺灣高股息基金,,TWD,18.86
201312,AA1,18031960,安多利高科技基金,,TWD,7.86
201312,AA1,19330712,貝萊德寶利基金,,TWD,13.87
201312,AA1,00968493,安泰ING鴻運基金,,TWD,14.82
201312,AA1,00988316,安泰ING台灣運籌基金,,TWD,22.06
201312,AA1,01031564,安泰ING積極成長基金,,TWD,8.92
201312,AA1,17146752,安泰ING成長基金,,TWD,21.35
201312,AA1,17600534,安泰ING高科技基金,,TWD,6.26
201312,AA1,18037937,安泰INGｅ科技基金,,TWD,12.62
201312,AA1,18488469,安泰ING中小基金,,TWD,30.19
201312,AA1,19330754,安泰ING優質基金,,TWD,24.45
201312,AA1,99973878,安泰ING台灣高股息基金,,TWD,16.87
201312,AA1,17597236,聯邦精選科技基金,,TWD,9.05
201312,AA1,18496290,聯邦中國龍基金,,TWD,16.52
201312,AA1,10341251,未來資產台灣新趨勢基金,,TWD,12.78
201312,AA1,17597600,未來資產阿波羅基金,,TWD,7.86
201312,AA1,17604124,德盛台灣大壩基金,,TWD,13.42
201312,AA1,18480065,德盛科技大壩基金,,TWD,19.33
201312,AA1,26309025,德盛安聯台灣好息富基金,,TWD,11.22
201312,AA1,48997911,德盛安聯台灣智慧趨勢基金,,TWD,15.03
201312,AA1,01031874,國泰小龍基金,,TWD,12.34
201312,AA1,14705562,國泰科技生化基金,,TWD,25.26
201312,AA1,17612497,國泰國泰基金,,TWD,14.79
201312,AA1,18043059,國泰中小成長基金,,TWD,33.74
201312,AA1,19291128,國泰大中華基金,,TWD,19.68
201312,AA1,31837449,國泰價值卓越基金,,TWD,13.53
201312,AA1,48948623,國泰台灣計量基金,,TWD,10.91
201312,AA1,13984165,富達台灣成長基金,,TWD,22.02
201312,AA1,14545897,德銀遠東DWS科技基金,,TWD,14.94
201312,AA1,18499732,德銀遠東DWS台灣旗艦基金,,TWD,16.99
201312,AA1,13539952,凱基開創基金,,TWD,18.42
201312,AA1,25612029,凱基台灣精五門基金,,TWD,18.27
201312,AA1,48948834,施羅德樂活中小基金,,TWD,12.98
201312,AA1,14694495,華頓台灣基金,,TWD,19.13
201312,AA1,48731589,華頓典範科技基金,,TWD,8.76
201312,AA1,80892778,華頓中小型基金,,TWD,22.58
201312,AA1,10337833,惠理康和台灣紅不讓基金,,TWD,14.8
201312,AA1,15733973,富蘭克林華美第一富基金,,TWD,26.19
201312,AA1,26310297,富蘭克林華美台股傘型基金之高科技基金,,TWD,11.92
201312,AA1,26310310,富蘭克林華美台股傘型基金之傳產基金,,TWD,13
201312,AA1,17602821,台新2000高科技基金,,TWD,20.36
201312,AA1,48858663,台新主流基金,,TWD,15
201312,AA1,80894446,台新中國通基金,,TWD,24.1
201312,AA1,81588536,台新大眾基金,,TWD,20.18
201312,AA1,26320632,合庫巴黎台灣領航基金,,TWD,10.57
201403,AA1,00965469,兆豐國際第一基金,,TWD,11.98
201403,AA1,01050148,兆豐國際國民基金,,TWD,22.74
201403,AA1,10341837,兆豐國際豐台灣基金,,TWD,27.58
201403,AA1,73991751,兆豐國際電子基金,,TWD,19.98
201403,AA1,81584996,兆豐國際中小基金,,TWD,12.74
201403,AA1,00968521,第一金福元基金,,TWD,8.75
201403,AA1,01032803,第一金萬得福基金,,TWD,12.5
201403,AA1,15739619,第一金大中華基金,,TWD,19.01
201403,AA1,19341318,第一金電子基金,,TWD,26.51
201403,AA1,20092528,第一金店頭市場基金,,TWD,7.6
201403,AA1,26202396,第一金創新趨勢基金,,TWD,13.62
201403,AA1,48929409,第一金台灣成長基金,,TWD,8.38
201403,AA1,73989002,第一金小型精選基金,,TWD,23.91
201403,AA1,97980043,第一金福王基金,,TWD,11.87
201403,AA1,01031298,匯豐龍鳳基金,,TWD,38.64
201403,AA1,73987671,匯豐台灣精典基金,,TWD,18.33
201403,AA1,76941376,匯豐成功基金,,TWD,33.2
201403,AA1,92017794,匯豐龍騰電子基金,,TWD,25.51
201403,AA1,97995664,匯豐中小基金,,TWD,8.5
201403,AA1,00974066,元大寶來2001基金,,TWD,47.03
201403,AA1,01032058,元大寶來多福基金,,TWD,49.14
201403,AA1,14542287,元大寶來精準中小基金,,TWD,18.29
201403,AA1,17139204,元大寶來新主流基金,,TWD,18.15
201403,AA1,17145070,元大寶來矽谷基金,,TWD,11.97
201403,AA1,18036281,元大寶來巴菲特基金,,TWD,22.16
201403,AA1,20080023,元大寶來店頭基金,,TWD,7.57
201403,AA1,77537509,元大寶來多元基金,,TWD,10.73
201403,AA1,81584335,元大寶來高科技基金,,TWD,11.81
201403,AA1,83863951,元大寶來經貿基金,,TWD,27.85
201403,AA1,92001765,元大寶來多多基金,,TWD,16.06
201403,AA1,92004566,元大寶來績效基金,,TWD,33.37
201403,AA1,92026219,元大寶來卓越基金,,TWD,37.34
201403,AA1,17140568,景順主流基金,,TWD,16.01
201403,AA1,73989256,景順台灣科技基金,,TWD,25.41
201403,AA1,92019786,景順潛力基金,,TWD,29.96
201403,AA1,17603899,瀚亞電通網基金,,TWD,11.67
201403,AA1,81595924,瀚亞中小型股基金,,TWD,14.65
201403,AA1,92003102,瀚亞高科技基金,,TWD,47.38
201403,AA1,92012572,瀚亞外銷基金,,TWD,28.95
201403,AA1,97990696,瀚亞菁華基金,,TWD,16.83
201403,AA1,01032183,保德信高成長基金,,TWD,71.69
201403,AA1,13528977,保德信台商全方位基金,,TWD,25.93
201403,AA1,17602625,保德信新世紀基金,,TWD,8.99
201403,AA1,20097447,保德信第一基金,,TWD,21.05
201403,AA1,73990649,保德信科技島基金,,TWD,17.88
201403,AA1,83866508,保德信中小型股基金,,TWD,35.41
201403,AA1,92013967,保德信金滿意基金,,TWD,33.02
201403,AA1,97988636,保德信店頭市場基金,,TWD,28.65
201403,AA1,01031699,統一全天候基金,,TWD,65.41
201403,AA1,17605622,統一大滿貫基金,,TWD,24.38
201403,AA1,48934304,統一台灣動力基金,,TWD,11.77
201403,AA1,73990253,統一奔騰基金,,TWD,39.01
201403,AA1,77537493,統一統信基金,,TWD,24.19
201403,AA1,81581724,統一經建基金,,TWD,27.99
201403,AA1,92002244,統一黑馬基金,,TWD,39.35
201403,AA1,92012762,統一龍馬基金,,TWD,45.85
201403,AA1,97977878,統一中小基金,,TWD,16.92
201403,AA1,00974018,富邦基金,,TWD,9.76
201403,AA1,10388939,富邦台灣企業社會責任基金-A類型,,TWD,13.85
201403,AA1,10388939,富邦台灣企業社會責任基金-B類型,,TWD,11.45
201403,AA1,17148301,富邦台灣心基金,,TWD,16.69
201403,AA1,17153795,富邦價值基金,,TWD,17.61
201403,AA1,20089755,富邦精銳中小基金,,TWD,10.63
201403,AA1,81585475,富邦高成長基金,,TWD,18.81
201403,AA1,83864683,富邦科技基金,,TWD,18.93
201403,AA1,92002384,富邦精準基金,,TWD,41.88
201403,AA1,92010477,富邦長紅基金,,TWD,50.2
201403,AA1,92010770,富邦台灣鳳凰基金,,TWD,666.76
201403,AA1,97974078,富邦冠軍基金,,TWD,24.65
201403,AA1,00974039,摩根台灣基金,,TWD,10.47
201403,AA1,01032162,摩根台灣增長基金,,TWD,39.9
201403,AA1,17144945,摩根價值成長基金,,TWD,15.64
201403,AA1,25636367,摩根台灣金磚基金,,TWD,16.12
201403,AA1,73989501,摩根中小基金,,TWD,20.31
201403,AA1,92012025,摩根新興科技基金,,TWD,38.68
201403,AA1,99354335,摩根台灣微型基金,,TWD,18.68
201403,AA1,00973762,華南永昌永昌基金,,TWD,13.48
201403,AA1,10300929,華南永昌台灣精選基金,,TWD,10.06
201403,AA1,26279964,華南永昌中小型基金,,TWD,9.79
201403,AA1,48929007,華南永昌愛台灣基金,,TWD,8.17
201403,AA1,92016839,華南永昌前瞻科技基金,,TWD,13.32
201403,AA1,00974241,新光台灣富貴基金,,TWD,17.19
201403,AA1,13986924,新光大三通基金,,TWD,15.79
201403,AA1,26307407,新光傳產優勢基金,,TWD,10.64
201403,AA1,26334214,新光增長收益基金,,TWD,10.28
201403,AA1,73998071,新光店頭基金,,TWD,20.53
201403,AA1,81580149,新光國家建設基金,,TWD,19.37
201403,AA1,81585242,新光創新科技基金,,TWD,12.5
201403,AA1,19339782,群益創新科技基金,,TWD,23.14
201403,AA1,20081352,群益店頭市場基金,,TWD,60.19
201403,AA1,48675778,群益奧斯卡基金,,TWD,20.15
201403,AA1,48749899,群益葛萊美基金,,TWD,16.65
201403,AA1,81591434,群益長安基金,,TWD,19.63
201403,AA1,92028997,群益中小型股基金,,TWD,34.06
201403,AA1,97984293,群益馬拉松基金,,TWD,84.11
201403,AA1,18033138,德信數位時代基金,,TWD,22.6
201403,AA1,26288534,德信台灣主流中小基金,,TWD,14.14
201403,AA1,97972846,德信大發基金,,TWD,24.54
201403,AA1,97997635,聯博大利基金,,TWD,27.32
201403,AA1,17147078,日盛精選五虎基金,,TWD,28.1
201403,AA1,17607591,日盛高科技基金,,TWD,10.5
201403,AA1,20084317,日盛日盛基金,,TWD,10.2
201403,AA1,26273336,日盛MIT主流基金,,TWD,11.45
201403,AA1,48948481,日盛首選基金,,TWD,10.66
201403,AA1,73988876,日盛小而美基金,,TWD,16.94
201403,AA1,81584975,日盛上選基金,,TWD,20.92
201403,AA1,94991068,日盛新台商基金,,TWD,25.37
201403,AA1,20094820,柏瑞巨人基金,,TWD,9.99
201403,AA1,17608487,復華數位經濟基金,,TWD,29.11
201403,AA1,18488279,復華中小精選基金,,TWD,38.64
201403,AA1,21759676,復華全方位基金,,TWD,17.4
201403,AA1,73998086,復華高成長基金,,TWD,38.67
201403,AA1,81587889,復華復華基金,,TWD,13.69
201403,AA1,13998344,永豐中小基金,,TWD,37.4
201403,AA1,17152509,永豐高科技基金,,TWD,15.25
201403,AA1,73992013,永豐領航科技基金,,TWD,19.48
201403,AA1,81594690,永豐永豐基金,,TWD,30.19
201403,AA1,48809501,中國信託台灣優勢基金,,TWD,12.03
201403,AA1,48893417,中國信託台灣活力基金,,TWD,8.85
201403,AA1,17144889,宏利台灣動力基金,,TWD,18.82
201403,AA1,73982057,宏利臺灣高股息基金,,TWD,20.34
201403,AA1,19330712,貝萊德寶利基金,,TWD,15.21
201403,AA1,00968493,安泰ING鴻運基金,,TWD,15.74
201403,AA1,00988316,安泰ING台灣運籌基金,,TWD,23.01
201403,AA1,01031564,安泰ING積極成長基金,,TWD,9.44
201403,AA1,17146752,安泰ING成長基金,,TWD,22.65
201403,AA1,17600534,安泰ING高科技基金,,TWD,6.6
201403,AA1,18037937,安泰INGｅ科技基金,,TWD,13.32
201403,AA1,18488469,安泰ING中小基金,,TWD,31.63
201403,AA1,19330754,安泰ING優質基金,,TWD,26.13
201403,AA1,99973878,安泰ING台灣高股息基金,,TWD,18.84
201403,AA1,17597236,聯邦精選科技基金,,TWD,9.91
201403,AA1,18496290,聯邦中國龍基金,,TWD,18.32
201403,AA1,10341251,未來資產台灣新趨勢基金,,TWD,12.86
201403,AA1,17597600,未來資產阿波羅基金,,TWD,7.92
201403,AA1,17604124,德盛台灣大壩基金,,TWD,14.35
201403,AA1,18480065,德盛科技大壩基金,,TWD,21.06
201403,AA1,26309025,德盛安聯台灣好息富基金,,TWD,12.3
201403,AA1,48997911,德盛安聯台灣智慧趨勢基金,,TWD,16.38
201403,AA1,01031874,國泰小龍基金,,TWD,12.77
201403,AA1,14705562,國泰科技生化基金,,TWD,27.1
201403,AA1,17612497,國泰國泰基金,,TWD,15.87
201403,AA1,18031960,安多利高科技基金,,TWD,8.52
201403,AA1,18043059,國泰中小成長基金,,TWD,35.88
201403,AA1,19291128,國泰大中華基金,,TWD,19.24
201403,AA1,31837449,國泰價值卓越基金,,TWD,12.95
201403,AA1,48948623,國泰台灣計量基金,,TWD,11.5
201403,AA1,13984165,富達台灣成長基金,,TWD,23.15
201403,AA1,14545897,德銀遠東DWS科技基金,,TWD,16.24
201403,AA1,18499732,德銀遠東DWS台灣旗艦基金,,TWD,17.61
201403,AA1,13539952,凱基開創基金,,TWD,18.68
201403,AA1,25612029,凱基台灣精五門基金,,TWD,19.04
201403,AA1,48948834,施羅德樂活中小基金,,TWD,13.46
201403,AA1,14694495,華頓台灣基金,,TWD,19.34
201403,AA1,48731589,華頓典範科技基金,,TWD,8.76
201403,AA1,80892778,華頓中小型基金,,TWD,22.69
201403,AA1,10337833,惠理康和台灣紅不讓基金,,TWD,15.7
201403,AA1,15733973,富蘭克林華美第一富基金,,TWD,28.23
201403,AA1,26310297,富蘭克林華美台股傘型基金之高科技基金,,TWD,13.1
201403,AA1,26310310,富蘭克林華美台股傘型基金之傳產基金,,TWD,14.29
201403,AA1,17602821,台新2000高科技基金,,TWD,22.58
201403,AA1,48858663,台新主流基金,,TWD,16.86
201403,AA1,80894446,台新中國通基金,,TWD,25.19
201403,AA1,81588536,台新大眾基金,,TWD,21.41
201403,AA1,26320632,合庫巴黎台灣領航基金,,TWD,11.14
200909,AA1,00965469,兆豐國際第一基金,,TWD,12.26
200909,AA1,01050148,兆豐國際國民基金,,TWD,23.87
200909,AA1,10341837,兆豐國際豐台灣基金,,TWD,17.26
200909,AA1,73991751,兆豐國際電子基金,,TWD,20.05
200909,AA1,81584996,兆豐國際中小基金,,TWD,12.7
200909,AA1,92003790,兆豐國際精選二十基金,,TWD,11.04
200909,AA1,00968521,第一金福元基金,,TWD,8.6
200909,AA1,01032803,第一金萬得福基金,,TWD,12.7
200909,AA1,10300195,第一金金鑽基金,,TWD,8.96
200909,AA1,15739619,第一金大中華基金,,TWD,18.63
200909,AA1,19341318,第一金電子基金,,TWD,16.99
200909,AA1,20092528,第一金店頭市場基金,,TWD,7.98
200909,AA1,48929409,第一金台灣成長基金,,TWD,6.8
200909,AA1,73989002,第一金小型精選基金,,TWD,18.14
200909,AA1,97980043,第一金福王基金,,TWD,14.19
200909,AA1,00989005,匯豐匯豐基金,,TWD,128.3
200909,AA1,01031298,匯豐龍鳳基金,,TWD,29.56
200909,AA1,01050013,匯豐成長基金,,TWD,19.3
200909,AA1,73987671,匯豐台灣精典基金,,TWD,15.12
200909,AA1,76941376,匯豐成功基金,,TWD,20.87
200909,AA1,92017794,匯豐龍騰電子基金,,TWD,24.48
200909,AA1,97995664,匯豐中小基金,,TWD,6.77
200909,AA1,01032058,元大多福基金,,TWD,40.26
200909,AA1,17139204,元大新主流基金,,TWD,16.54
200909,AA1,18036281,元大巴菲特基金,,TWD,17.58
200909,AA1,20080023,元大店頭基金,,TWD,8.21
200909,AA1,77537509,元大多元基金,,TWD,11.61
200909,AA1,81584335,元大高科技基金,,TWD,14.73
200909,AA1,83863951,元大經貿基金,,TWD,25.06
200909,AA1,92001765,元大多多基金,,TWD,17.68
200909,AA1,92026219,元大卓越基金,,TWD,35.06
200909,AA1,15588302,景順台灣精選成長基金,,TWD,18.43
200909,AA1,17140568,景順主流基金,,TWD,11.63
200909,AA1,73989256,景順台灣科技基金,,TWD,17.59
200909,AA1,92019786,景順潛力基金,,TWD,20.76
200909,AA1,17603899,保誠電通網基金,,TWD,10.37
200909,AA1,81595924,保誠中小型股基金,,TWD,13.94
200909,AA1,92003102,保誠高科技基金,,TWD,40.49
200909,AA1,92012572,保誠外銷基金,,TWD,26.38
200909,AA1,97978102,保誠掌櫃基金,,TWD,14.34
200909,AA1,97990696,保誠菁華基金,,TWD,16.82
200909,AA1,01032183,保德信高成長基金,,TWD,59.66
200909,AA1,13528977,保德信台商全方位基金,,TWD,22.27
200909,AA1,17602625,保德信新世紀基金,,TWD,6.71
200909,AA1,20097447,保德信第一基金,,TWD,16.64
200909,AA1,73990649,保德信科技島基金,,TWD,16.34
200909,AA1,83866508,保德信中小型股基金,,TWD,30.52
200909,AA1,92013967,保德信金滿意基金,,TWD,28.68
200909,AA1,97988636,保德信店頭市場基金,,TWD,25.19
200909,AA1,01031699,統一全天候基金,,TWD,38.77
200909,AA1,17605622,統一大滿貫基金,,TWD,14.35
200909,AA1,48934304,統一台灣動力基金,,TWD,7.73
200909,AA1,73990253,統一奔騰基金,,TWD,26.73
200909,AA1,77537493,統一統信基金,,TWD,17.9
200909,AA1,81581724,統一經建基金,,TWD,17.82
200909,AA1,92002244,統一黑馬基金,,TWD,24.17
200909,AA1,92012762,統一龍馬基金,,TWD,31.4
200909,AA1,97977878,統一中小基金,,TWD,12.67
200909,AA1,00974018,富邦富邦基金,,TWD,8.18
200909,AA1,10388939,富邦台灣企業社會責任基金,,TWD,12.7
200909,AA1,17148301,富邦台灣心基金,,TWD,11.26
200909,AA1,17153795,富邦價值基金,,TWD,13.53
200909,AA1,17608445,富邦網路基金,,TWD,8.39
200909,AA1,20089755,富邦精銳中小基金,,TWD,6.91
200909,AA1,81585475,富邦高成長基金,,TWD,12.53
200909,AA1,83864683,富邦科技基金,,TWD,20.08
200909,AA1,92002384,富邦精準基金,,TWD,42.72
200909,AA1,92010477,富邦長紅基金,,TWD,38.13
200909,AA1,92010770,富邦台灣鳳凰基金,,TWD,575.88
200909,AA1,97974078,富邦冠軍基金,,TWD,22.44
200909,AA1,00974039,摩根富林明JF台灣基金,,TWD,9.18
200909,AA1,01032162,摩根富林明JF台灣增長基金,,TWD,32.88
200909,AA1,17144945,摩根富林明JF價值成長基金,,TWD,11.7
200909,AA1,73989501,摩根富林明JF中小基金,,TWD,18.33
200909,AA1,92012025,摩根富林明JF新興科技基金,,TWD,36.21
200909,AA1,99354335,摩根富林明JF台灣微型基金,,TWD,17.59
200909,AA1,00973762,華南永昌永昌基金,,TWD,8.96
200909,AA1,10300929,華南永昌台灣精選基金,,TWD,6.9
200909,AA1,48929007,華南永昌愛台灣基金,,TWD,7.39
200909,AA1,92016839,華南永昌前瞻科技基金,,TWD,10.81
200909,AA1,00974066,寶來2001基金,,TWD,37.12
200909,AA1,14542287,寶來精準中小基金,,TWD,17.91
200909,AA1,17145070,寶來矽谷基金,,TWD,12.02
200909,AA1,25614244,寶來寶來(A)基金,,TWD,10.04
200909,AA1,25614244,寶來寶來(B)基金,,TWD,10.04
200909,AA1,92004566,寶來績效基金,,TWD,25.59
200909,AA1,00974241,新光台灣富貴基金,,TWD,18.11
200909,AA1,13986924,新光大三通基金,,TWD,17.15
200909,AA1,48961688,新光多重計量基金,,TWD,8.91
200909,AA1,73998071,新光店頭基金,,TWD,20.52
200909,AA1,81580149,新光國家建設基金,,TWD,18.4
200909,AA1,81585242,新光創新科技基金,,TWD,10.22
200909,AA1,92000533,新光台灣永發基金,,TWD,11.85
200909,AA1,19339782,群益創新科技基金,,TWD,19.1
200909,AA1,20081352,群益店頭市場基金,,TWD,42.38
200909,AA1,48675778,群益奧斯卡基金,,TWD,14.14
200909,AA1,48749899,群益葛萊美基金,,TWD,10.58
200909,AA1,81591434,群益長安基金,,TWD,13.93
200909,AA1,92028997,群益中小型股基金,,TWD,26.13
200909,AA1,97984293,群益馬拉松基金,,TWD,65.19
200909,AA1,18033138,德信數位時代基金,,TWD,13.78
200909,AA1,73988171,德信全方位基金,,TWD,11.08
200909,AA1,97972846,德信大發基金,,TWD,15.77
200909,AA1,20094672,金鼎寶櫃基金,,TWD,9.74
200909,AA1,73999260,金鼎行動基金,,TWD,13.35
200909,AA1,97982984,金鼎概念型基金,,TWD,24.42
200909,AA1,97997635,金鼎大利基金,,TWD,26.92
200909,AA1,17147078,日盛精選五虎基金,,TWD,16.86
200909,AA1,17607591,日盛高科技基金,,TWD,9.52
200909,AA1,20084317,日盛日盛基金,,TWD,11.07
200909,AA1,48948481,日盛首選基金,,TWD,8.74
200909,AA1,73988876,日盛小而美基金,,TWD,12.45
200909,AA1,81584975,日盛上選基金,,TWD,23.78
200909,AA1,94991068,日盛新台商基金,,TWD,25.73
200909,AA1,20094820,友邦巨人基金,,TWD,7.64
200909,AA1,17608487,復華數位經濟基金,,TWD,17.23
200909,AA1,18488279,復華中小精選基金,,TWD,25.43
200909,AA1,21759676,復華全方位基金,,TWD,11.34
200909,AA1,73998086,復華高成長基金,,TWD,25.19
200909,AA1,81587889,復華復華基金,,TWD,7.28
200909,AA1,17602821,台灣工銀2000高科技基金,,TWD,15.41
200909,AA1,48801228,台灣工銀新台灣基金,,TWD,12.58
200909,AA1,80894446,台灣工銀中國通基金,,TWD,17.02
200909,AA1,81588536,台灣工銀大眾基金,,TWD,17.8
200909,AA1,13998344,永豐中小基金,,TWD,40.12
200909,AA1,17152509,永豐高科技基金,,TWD,13.41
200909,AA1,73992013,永豐領航科技基金,,TWD,16.33
200909,AA1,81594690,永豐永豐基金,,TWD,23.98
200909,AA1,17141187,富鼎半導體科技基金,,TWD,10.44
200909,AA1,48809501,富鼎台灣優勢基金,,TWD,8.47
200909,AA1,48893417,富鼎台灣活力基金,,TWD,5.68
200909,AA1,17144889,宏利雙響炮基金,,TWD,11.57
200909,AA1,73982057,宏利宏利基金,,TWD,12.22
200909,AA1,18031960,安多利高科技基金,,TWD,7.98
200909,AA1,18040665,犇華高科技基金,,TWD,15.49
200909,AA1,19330712,犇華寶利基金,,TWD,9.1
200909,AA1,00968493,安泰ING鴻運基金,,TWD,10.02
200909,AA1,00988316,安泰ING台灣運籌基金,,TWD,15.95
200909,AA1,01031564,安泰ING積極成長基金,,TWD,5.97
200909,AA1,17146752,安泰ING成長基金,,TWD,13.87
200909,AA1,17600534,安泰ING高科技基金,,TWD,5.63
200909,AA1,18037937,安泰INGｅ科技基金,,TWD,11.37
200909,AA1,18488469,安泰ING中小基金,,TWD,20.2
200909,AA1,19330754,安泰ING優質基金,,TWD,19.11
200909,AA1,99973878,安泰ING台灣高股息基金,,TWD,15.38
200909,AA1,14693572,聯邦台灣創新基金,,TWD,12.13
200909,AA1,17597236,聯邦精選科技基金,,TWD,6.85
200909,AA1,18496290,聯邦中國龍基金,,TWD,13.5
200909,AA1,10341251,台壽保台灣新趨勢基金,,TWD,12.43
200909,AA1,17597600,台壽保阿波羅基金,,TWD,8.68
200909,AA1,17604124,德盛台灣大壩基金,,TWD,7.93
200909,AA1,18480065,德盛科技大壩基金,,TWD,15.95
200909,AA1,48997911,德盛安聯台灣智慧趨勢基金,,TWD,9.46
200909,AA1,01031874,國泰小龍基金,,TWD,10.46
200909,AA1,14705562,國泰科技生化基金,,TWD,24.8
200909,AA1,17612497,國泰國泰基金,,TWD,13.8
200909,AA1,18043059,國泰中小成長基金,,TWD,30.48
200909,AA1,19291128,國泰大中華基金,,TWD,18.98
200909,AA1,48948623,國泰台灣計量基金,,TWD,8.93
200909,AA1,13984165,富達台灣成長基金,,TWD,19.87
200909,AA1,10342250,德銀遠東DWS台灣精選主題,,TWD,12.06
200909,AA1,14545897,德銀遠東DWS科技基金,,TWD,13.51
200909,AA1,18499732,德銀遠東DWS台灣旗艦基金,,TWD,14.52
200909,AA1,13539952,凱基開創基金,,TWD,15.26
200909,AA1,25612029,凱基台灣精五門基金,,TWD,10.19
200909,AA1,48944204,凱基台灣電利基金,,TWD,6.47
200909,AA1,25601923,施羅德台灣主動基金,,TWD,10.44
200909,AA1,48948834,施羅德樂活中小基金,,TWD,8.68
200909,AA1,14694495,華頓台灣基金,,TWD,18.11
200909,AA1,48731589,華頓典範科技基金,,TWD,10.87
200909,AA1,80892778,華頓中小型基金,,TWD,26.01
200909,AA1,10337833,康和比聯台灣紅不讓基金,,TWD,11.99
200909,AA1,15733973,第一富蘭克林第一富基金,,TWD,22.2
200909,AA1,29222213,台新台新基金,,TWD,7.83
200909,AA1,48858663,台新主流基金,,TWD,8.72
201303,AA1,00965469,兆豐國際第一基金,,TWD,10.04
201303,AA1,01050148,兆豐國際國民基金,,TWD,22.02
201303,AA1,10341837,兆豐國際豐台灣基金,,TWD,23.42
201303,AA1,73991751,兆豐國際電子基金,,TWD,17.17
201303,AA1,81584996,兆豐國際中小基金,,TWD,11.27
201303,AA1,92003790,兆豐國際精選二十基金,,TWD,10.81
201303,AA1,00968521,第一金福元基金,,TWD,7.33
201303,AA1,01032803,第一金萬得福基金,,TWD,10.12
201303,AA1,15739619,第一金大中華基金,,TWD,15.57
201303,AA1,19341318,第一金電子基金,,TWD,18.55
201303,AA1,20092528,第一金店頭市場基金,,TWD,6.66
201303,AA1,26202396,第一金創新趨勢基金,,TWD,11.04
201303,AA1,48929409,第一金台灣成長基金,,TWD,6.84
201303,AA1,73989002,第一金小型精選基金,,TWD,18.94
201303,AA1,97980043,第一金福王基金,,TWD,10.46
201303,AA1,01031298,匯豐龍鳳基金,,TWD,35.35
201303,AA1,73987671,匯豐台灣精典基金,,TWD,16.9
201303,AA1,76941376,匯豐成功基金,,TWD,28.89
201303,AA1,92017794,匯豐龍騰電子基金,,TWD,22.89
201303,AA1,97995664,匯豐中小基金,,TWD,7.36
201303,AA1,00974066,元大寶來2001基金,,TWD,33.56
201303,AA1,01032058,元大寶來多福基金,,TWD,39.47
201303,AA1,14542287,元大寶來精準中小基金,,TWD,14.14
201303,AA1,17139204,元大寶來新主流基金,,TWD,16.53
201303,AA1,17145070,元大寶來矽谷基金,,TWD,10.05
201303,AA1,18036281,元大寶來巴菲特基金,,TWD,17.05
201303,AA1,20080023,元大寶來店頭基金,,TWD,6.11
201303,AA1,77537509,元大寶來多元基金,,TWD,10.33
201303,AA1,81584335,元大寶來高科技基金,,TWD,11.49
201303,AA1,83863951,元大寶來經貿基金,,TWD,22.55
201303,AA1,92001765,元大寶來多多基金,,TWD,13.68
201303,AA1,92004566,元大寶來績效基金,,TWD,25.6
201303,AA1,92026219,元大寶來卓越基金,,TWD,33.41
201303,AA1,15588302,景順台灣精選成長基金,,TWD,20.47
201303,AA1,17140568,景順主流基金,,TWD,13.29
201303,AA1,73989256,景順台灣科技基金,,TWD,22.82
201303,AA1,92019786,景順潛力基金,,TWD,25.31
201303,AA1,17603899,瀚亞電通網基金,,TWD,9.08
201303,AA1,81595924,瀚亞中小型股基金,,TWD,11.98
201303,AA1,92003102,瀚亞高科技基金,,TWD,38.05
201303,AA1,92012572,瀚亞外銷基金,,TWD,27.19
201303,AA1,97978102,瀚亞掌櫃基金,,TWD,11.64
201303,AA1,97990696,瀚亞菁華基金,,TWD,15.56
201303,AA1,01032183,保德信高成長基金,,TWD,64.83
201303,AA1,13528977,保德信台商全方位基金,,TWD,23.85
201303,AA1,17602625,保德信新世紀基金,,TWD,8
201303,AA1,20097447,保德信第一基金,,TWD,18.62
201303,AA1,73990649,保德信科技島基金,,TWD,15.78
201303,AA1,83866508,保德信中小型股基金,,TWD,30.56
201303,AA1,92013967,保德信金滿意基金,,TWD,29.74
201303,AA1,97988636,保德信店頭市場基金,,TWD,24.47
201303,AA1,01031699,統一全天候基金,,TWD,48.44
201303,AA1,17605622,統一大滿貫基金,,TWD,20.21
201303,AA1,48934304,統一台灣動力基金,,TWD,8.6
201303,AA1,73990253,統一奔騰基金,,TWD,30.63
201303,AA1,77537493,統一統信基金,,TWD,19.03
201303,AA1,81581724,統一經建基金,,TWD,21.5
201303,AA1,92002244,統一黑馬基金,,TWD,29.19
201303,AA1,92012762,統一龍馬基金,,TWD,36.22
201303,AA1,97977878,統一中小基金,,TWD,12.3
201303,AA1,00974018,富邦富邦基金,,TWD,8.78
201303,AA1,10388939,富邦台灣企業社會責任基金-A類型,,TWD,12.15
201303,AA1,10388939,富邦台灣企業社會責任基金-B類型,,TWD,10.04
201303,AA1,17148301,富邦台灣心基金,,TWD,13.15
201303,AA1,17153795,富邦價值基金,,TWD,15.13
201303,AA1,20089755,富邦精銳中小基金,,TWD,9.2
201303,AA1,81585475,富邦高成長基金,,TWD,15.91
201303,AA1,83864683,富邦科技基金,,TWD,16.99
201303,AA1,92002384,富邦精準基金,,TWD,39.29
201303,AA1,92010477,富邦長紅基金,,TWD,42.97
201303,AA1,92010770,富邦台灣鳳凰基金,,TWD,550.91
201303,AA1,97974078,富邦冠軍基金,,TWD,21.03
201303,AA1,00974039,摩根台灣基金,,TWD,8.92
201303,AA1,01032162,摩根台灣增長基金,,TWD,33.79
201303,AA1,17144945,摩根價值成長基金,,TWD,12.99
201303,AA1,25636367,摩根台灣金磚基金,,TWD,11.34
201303,AA1,73989501,摩根中小基金,,TWD,17.28
201303,AA1,92012025,摩根新興科技基金,,TWD,32.01
201303,AA1,99354335,摩根台灣微型基金,,TWD,15.94
201303,AA1,00973762,華南永昌永昌基金,,TWD,10.61
201303,AA1,10300929,華南永昌台灣精選基金,,TWD,7.41
201303,AA1,26279964,華南永昌中小型基金,,TWD,7.98
201303,AA1,48929007,華南永昌愛台灣基金,,TWD,6.52
201303,AA1,92016839,華南永昌前瞻科技基金,,TWD,10.13
201303,AA1,00974241,新光台灣富貴基金,,TWD,15.85
201303,AA1,13986924,新光大三通基金,,TWD,13.94
201303,AA1,26307407,新光傳產優勢基金,,TWD,8.93
201303,AA1,26334214,新光增長收益基金,,TWD,9.85
201303,AA1,31825252,新光靈活增益100基金,,TWD,9.36
201303,AA1,73998071,新光店頭基金,,TWD,16.68
201303,AA1,81580149,新光國家建設基金,,TWD,17.41
201303,AA1,81585242,新光創新科技基金,,TWD,10.43
201303,AA1,19339782,群益創新科技基金,,TWD,20.48
201303,AA1,20081352,群益店頭市場基金,,TWD,47.85
201303,AA1,48675778,群益奧斯卡基金,,TWD,17.46
201303,AA1,48749899,群益葛萊美基金,,TWD,13.78
201303,AA1,81591434,群益長安基金,,TWD,16.57
201303,AA1,92028997,群益中小型股基金,,TWD,28.66
201303,AA1,97984293,群益馬拉松基金,,TWD,69.12
201303,AA1,18033138,德信數位時代基金,,TWD,15.42
201303,AA1,26288534,德信台灣主流中小基金,,TWD,10.17
201303,AA1,97972846,德信大發基金,,TWD,18.45
201303,AA1,97982984,聯博概念型基金,,TWD,16.2
201303,AA1,97997635,聯博大利基金,,TWD,24.76
201303,AA1,17147078,日盛精選五虎基金,,TWD,22.53
201303,AA1,17607591,日盛高科技基金,,TWD,8.67
201303,AA1,20084317,日盛日盛基金,,TWD,9.63
201303,AA1,26273336,日盛MIT主流基金,,TWD,10.26
201303,AA1,48948481,日盛首選基金,,TWD,9.45
201303,AA1,73988876,日盛小而美基金,,TWD,13.61
201303,AA1,81584975,日盛上選基金,,TWD,18.77
201303,AA1,94991068,日盛新台商基金,,TWD,23.69
201303,AA1,20094820,柏瑞巨人基金,,TWD,8.32
201303,AA1,17608487,復華數位經濟基金,,TWD,19.48
201303,AA1,18488279,復華中小精選基金,,TWD,26.13
201303,AA1,21759676,復華全方位基金,,TWD,12.23
201303,AA1,73998086,復華高成長基金,,TWD,26.88
201303,AA1,81587889,復華復華基金,,TWD,9.08
201303,AA1,13998344,永豐中小基金,,TWD,33.14
201303,AA1,17152509,永豐高科技基金,,TWD,11.34
201303,AA1,73992013,永豐領航科技基金,,TWD,13.89
201303,AA1,81594690,永豐永豐基金,,TWD,28.13
201303,AA1,17141187,富鼎半導體科技基金,,TWD,8.26
201303,AA1,48809501,富鼎台灣優勢基金,,TWD,9.22
201303,AA1,48893417,富鼎台灣活力基金,,TWD,5.96
201303,AA1,17144889,宏利台灣動力基金,,TWD,15.22
201303,AA1,73982057,宏利臺灣高股息基金,,TWD,16.46
201303,AA1,18031960,安多利高科技基金,,TWD,5.69
201303,AA1,19330712,貝萊德寶利基金,,TWD,11.21
201303,AA1,00968493,安泰ING鴻運基金,,TWD,12.49
201303,AA1,00988316,安泰ING台灣運籌基金,,TWD,17.45
201303,AA1,01031564,安泰ING積極成長基金,,TWD,7.39
201303,AA1,17146752,安泰ING成長基金,,TWD,17.7
201303,AA1,17600534,安泰ING高科技基金,,TWD,5.46
201303,AA1,18037937,安泰INGｅ科技基金,,TWD,10.99
201303,AA1,18488469,安泰ING中小基金,,TWD,25.77
201303,AA1,19330754,安泰ING優質基金,,TWD,20.62
201303,AA1,99973878,安泰ING台灣高股息基金,,TWD,13.96
201303,AA1,17597236,聯邦精選科技基金,,TWD,7.02
201303,AA1,18496290,聯邦中國龍基金,,TWD,12.78
201303,AA1,10341251,未來資產台灣新趨勢基金,,TWD,13.01
201303,AA1,17597600,未來資產阿波羅基金,,TWD,7.75
201303,AA1,17604124,德盛台灣大壩基金,,TWD,11.52
201303,AA1,18480065,德盛科技大壩基金,,TWD,18.26
201303,AA1,26309025,德盛安聯台灣好息富基金,,TWD,9.81
201303,AA1,48997911,德盛安聯台灣智慧趨勢基金,,TWD,12.57
201303,AA1,01031874,國泰小龍基金,,TWD,11.81
201303,AA1,14705562,國泰科技生化基金,,TWD,23.88
201303,AA1,17612497,國泰國泰基金,,TWD,13.92
201303,AA1,18043059,國泰中小成長基金,,TWD,31.27
201303,AA1,19291128,國泰大中華基金,,TWD,18.61
201303,AA1,31837449,國泰價值卓越基金,,TWD,11.13
201303,AA1,48948623,國泰台灣計量基金,,TWD,9.67
201303,AA1,13984165,富達台灣成長基金,,TWD,19.69
201303,AA1,14545897,德銀遠東DWS科技基金,,TWD,14.16
201303,AA1,18499732,德銀遠東DWS台灣旗艦基金,,TWD,15.87
201303,AA1,13539952,凱基開創基金,,TWD,15.73
201303,AA1,25612029,凱基台灣精五門基金,,TWD,14.86
201303,AA1,25601923,施羅德台灣主動基金,,TWD,12.8
201303,AA1,48948834,施羅德樂活中小基金,,TWD,11.06
201303,AA1,14694495,華頓台灣基金,,TWD,17.13
201303,AA1,48731589,華頓典範科技基金,,TWD,8.27
201303,AA1,80892778,華頓中小型基金,,TWD,19.5
201303,AA1,10337833,惠理康和台灣紅不讓基金,,TWD,13.59
201303,AA1,15733973,富蘭克林華美第一富基金,,TWD,22.67
201303,AA1,26310297,富蘭克林華美台股傘型基金之高科技基金,,TWD,9.48
201303,AA1,26310310,富蘭克林華美台股傘型基金之傳產基金,,TWD,10.15
201303,AA1,17602821,台新2000高科技基金,,TWD,16.33
201303,AA1,48858663,台新主流基金,,TWD,11.37
201303,AA1,80894446,台新中國通基金,,TWD,20.1
201303,AA1,81588536,台新大眾基金,,TWD,16.19
201303,AA1,26320632,合庫巴黎台灣領航基金,,TWD,9.92
201406,AA1,00965469,兆豐國際第一基金,,TWD,12.82
201406,AA1,01050148,兆豐國際國民基金,,TWD,23.24
201406,AA1,10341837,兆豐國際豐台灣基金,,TWD,28.22
201406,AA1,73991751,兆豐國際電子基金,,TWD,21.4
201406,AA1,81584996,兆豐國際中小基金,,TWD,13.09
201406,AA1,15739619,第一金大中華基金,,TWD,20.69
201406,AA1,19341318,第一金電子基金,,TWD,27.05
201406,AA1,20092528,第一金店頭市場基金,,TWD,8.48
201406,AA1,26202396,第一金創新趨勢基金,,TWD,14.66
201406,AA1,73989002,第一金小型精選基金,,TWD,26.3
201406,AA1,01031298,匯豐龍鳳基金,,TWD,41.22
201406,AA1,73987671,匯豐台灣精典基金,,TWD,19.57
201406,AA1,76941376,匯豐成功基金,,TWD,32.7
201406,AA1,92017794,匯豐龍騰電子基金,,TWD,28.48
201406,AA1,97995664,匯豐中小基金,,TWD,8.87
201406,AA1,00974066,元大寶來2001基金,,TWD,51.78
201406,AA1,01032058,元大寶來多福基金,,TWD,53.55
201406,AA1,14542287,元大寶來精準中小基金,,TWD,19.37
201406,AA1,17139204,元大寶來新主流基金,,TWD,19.9
201406,AA1,17145070,元大寶來矽谷基金,,TWD,13.24
201406,AA1,18036281,元大寶來巴菲特基金,,TWD,22.56
201406,AA1,20080023,元大寶來店頭基金,,TWD,7.95
201406,AA1,77537509,元大寶來多元基金,,TWD,11.25
201406,AA1,81584335,元大寶來高科技基金,,TWD,12.43
201406,AA1,83863951,元大寶來經貿基金,,TWD,29.16
201406,AA1,92001765,元大寶來多多基金,,TWD,17.09
201406,AA1,92004566,元大寶來績效基金,,TWD,36.65
201406,AA1,92026219,元大寶來卓越基金,,TWD,40.52
201406,AA1,17140568,景順主流基金,,TWD,16.81
201406,AA1,73989256,景順台灣科技基金,,TWD,28.02
201406,AA1,92019786,景順潛力基金,,TWD,31.73
201406,AA1,17603899,瀚亞電通網基金,,TWD,12.81
201406,AA1,81595924,瀚亞中小型股基金,,TWD,15.73
201406,AA1,92003102,瀚亞高科技基金,,TWD,52
201406,AA1,92012572,瀚亞外銷基金,,TWD,31.26
201406,AA1,97990696,瀚亞菁華基金,,TWD,17.83
201406,AA1,01032183,保德信高成長基金,,TWD,76.1
201406,AA1,13528977,保德信台商全方位基金,,TWD,28.03
201406,AA1,17602625,保德信新世紀基金,,TWD,9.06
201406,AA1,20097447,保德信第一基金,,TWD,23.02
201406,AA1,73990649,保德信科技島基金,,TWD,19.09
201406,AA1,83866508,保德信中小型股基金,,TWD,37.27
201406,AA1,92013967,保德信金滿意基金,,TWD,36.22
201406,AA1,97988636,保德信店頭市場基金,,TWD,28.87
201406,AA1,01031699,統一全天候基金,,TWD,71.79
201406,AA1,17605622,統一大滿貫基金,,TWD,24.85
201406,AA1,48934304,統一台灣動力基金,,TWD,13
201406,AA1,73990253,統一奔騰基金,,TWD,42.59
201406,AA1,77537493,統一統信基金,,TWD,26.38
201406,AA1,81581724,統一經建基金,,TWD,30.72
201406,AA1,92002244,統一黑馬基金,,TWD,42.39
201406,AA1,92012762,統一龍馬基金,,TWD,49.8
201406,AA1,97977878,統一中小基金,,TWD,18.73
201406,AA1,00974018,富邦基金,,TWD,10.31
201406,AA1,10388939,富邦台灣企業社會責任基金-A類型,,TWD,14.52
201406,AA1,10388939,富邦台灣企業社會責任基金-B類型,,TWD,11.99
201406,AA1,17148301,富邦台灣心基金,,TWD,17.52
201406,AA1,20089755,富邦精銳中小基金,,TWD,10.99
201406,AA1,81585475,富邦高成長基金,,TWD,19.38
201406,AA1,83864683,富邦科技基金,,TWD,19.65
201406,AA1,92002384,富邦精準基金,,TWD,44
201406,AA1,92010477,富邦長紅基金,,TWD,51.76
201406,AA1,92010770,富邦台灣鳳凰基金,,TWD,683.11
201406,AA1,00974039,摩根台灣基金,,TWD,10.82
201406,AA1,01032162,摩根台灣增長基金,,TWD,42.62
201406,AA1,17144945,摩根價值成長基金,,TWD,16.13
201406,AA1,25636367,摩根台灣金磚基金,,TWD,16.96
201406,AA1,73989501,摩根中小基金,,TWD,21
201406,AA1,92012025,摩根新興科技基金,,TWD,41.11
201406,AA1,99354335,摩根台灣微型基金,,TWD,19.38
201406,AA1,00973762,華南永昌永昌基金,,TWD,14.32
201406,AA1,10300929,華南永昌台灣精選基金,,TWD,10.71
201406,AA1,26279964,華南永昌中小型基金,,TWD,10.57
201406,AA1,48929007,華南永昌愛台灣基金,,TWD,8.37
201406,AA1,92016839,華南永昌前瞻科技基金,,TWD,14.3
201406,AA1,00974241,新光台灣富貴基金,,TWD,19.29
201406,AA1,13986924,新光大三通基金,,TWD,17.77
201406,AA1,26307407,新光傳產優勢基金,,TWD,11.47
201406,AA1,26334214,新光增長收益基金,,TWD,11.51
201406,AA1,73998071,新光店頭基金,,TWD,22.47
201406,AA1,81580149,新光國家建設基金,,TWD,21.18
201406,AA1,81585242,新光創新科技基金,,TWD,14.11
201406,AA1,19339782,群益創新科技基金,,TWD,25.13
201406,AA1,20081352,群益店頭市場基金,,TWD,67.91
201406,AA1,48675778,群益奧斯卡基金,,TWD,22.19
201406,AA1,48749899,群益葛萊美基金,,TWD,18.2
201406,AA1,81591434,群益長安基金,,TWD,20.24
201406,AA1,92028997,群益中小型股基金,,TWD,37.71
201406,AA1,97984293,群益馬拉松基金,,TWD,91.58
201406,AA1,18033138,德信數位時代基金,,TWD,22.91
201406,AA1,26288534,德信台灣主流中小基金,,TWD,14.51
201406,AA1,97972846,德信大發基金,,TWD,26.6
201406,AA1,97997635,聯博大利基金,,TWD,29.77
201406,AA1,17147078,日盛精選五虎基金,,TWD,29.93
201406,AA1,17607591,日盛高科技基金,,TWD,11.45
201406,AA1,20084317,日盛日盛基金,,TWD,10.91
201406,AA1,26273336,日盛MIT主流基金,,TWD,13.13
201406,AA1,48948481,日盛首選基金,,TWD,12.13
201406,AA1,73988876,日盛小而美基金,,TWD,18.87
201406,AA1,81584975,日盛上選基金,,TWD,23.68
201406,AA1,94991068,日盛新台商基金,,TWD,27.42
201406,AA1,20094820,柏瑞巨人基金,,TWD,11.35
201406,AA1,17608487,復華數位經濟基金,,TWD,32.9
201406,AA1,18488279,復華中小精選基金,,TWD,41.25
201406,AA1,21759676,復華全方位基金,,TWD,19.4
201406,AA1,73998086,復華高成長基金,,TWD,42.35
201406,AA1,81587889,復華復華基金,,TWD,15.34
201406,AA1,13998344,永豐中小基金,,TWD,38.54
201406,AA1,17152509,永豐高科技基金,,TWD,16.91
201406,AA1,73992013,永豐領航科技基金,,TWD,22.37
201406,AA1,81594690,永豐永豐基金,,TWD,32.12
201406,AA1,48809501,中國信託台灣優勢基金,,TWD,12.83
201406,AA1,48893417,中國信託台灣活力基金,,TWD,9.43
201406,AA1,17144889,宏利台灣動力基金,,TWD,19.55
201406,AA1,73982057,宏利臺灣高股息基金,,TWD,21.21
201406,AA1,19330712,貝萊德寶利基金,,TWD,16.16
201406,AA1,00968493,安泰ING鴻運基金,,TWD,16.95
201406,AA1,00988316,安泰ING台灣運籌基金,,TWD,25.3
201406,AA1,01031564,安泰ING積極成長基金,,TWD,9.78
201406,AA1,17146752,安泰ING成長基金,,TWD,23.43
201406,AA1,17600534,安泰ING高科技基金,,TWD,7.81
201406,AA1,18037937,安泰INGｅ科技基金,,TWD,15.73
201406,AA1,18488469,安泰ING中小基金,,TWD,34.04
201406,AA1,19330754,安泰ING優質基金,,TWD,28.48
201406,AA1,99973878,安泰ING台灣高股息基金,,TWD,19.94
201406,AA1,17597236,聯邦精選科技基金,,TWD,10.45
201406,AA1,18496290,聯邦中國龍基金,,TWD,19.99
201406,AA1,10341251,未來資產台灣新趨勢基金,,TWD,13.83
201406,AA1,17597600,未來資產阿波羅基金,,TWD,8.46
201406,AA1,17604124,德盛台灣大壩基金,,TWD,16.18
201406,AA1,18480065,德盛科技大壩基金,,TWD,22.3
201406,AA1,48997911,德盛安聯台灣智慧趨勢基金,,TWD,18.12
201406,AA1,01031874,國泰小龍基金,,TWD,14.18
201406,AA1,14705562,國泰科技生化基金,,TWD,31.15
201406,AA1,17612497,國泰國泰基金,,TWD,18.35
201406,AA1,18031960,國泰高科技基金,,TWD,9.43
201406,AA1,18043059,國泰中小成長基金,,TWD,39.82
201406,AA1,19291128,國泰大中華基金,,TWD,19.24
201406,AA1,31837449,國泰價值卓越基金,,TWD,12.78
201406,AA1,48948623,國泰台灣計量基金,,TWD,12.2
201406,AA1,13984165,富達台灣成長基金,,TWD,25.35
201406,AA1,14545897,德銀遠東DWS科技基金,,TWD,17.21
201406,AA1,18499732,德銀遠東DWS台灣旗艦基金,,TWD,18.3
201406,AA1,13539952,凱基開創基金,,TWD,19.11
201406,AA1,25612029,凱基台灣精五門基金,,TWD,19.3
201406,AA1,48948834,施羅德樂活中小基金-A類型,,TWD,14.92
201406,AA1,48948834,施羅德樂活中小基金-I類型,,TWD,14.92
201406,AA1,14694495,華頓台灣基金,,TWD,20.16
201406,AA1,48731589,華頓典範科技基金,,TWD,9.47
201406,AA1,80892778,華頓中小型基金,,TWD,23.44
201406,AA1,10337833,惠理康和台灣紅不讓基金,,TWD,16.27
201406,AA1,15733973,富蘭克林華美第一富基金,,TWD,30.42
201406,AA1,26310297,富蘭克林華美台股傘型基金之高科技基金,,TWD,13.92
201406,AA1,26310310,富蘭克林華美台股傘型基金之傳產基金,,TWD,14.41
201406,AA1,17602821,台新2000高科技基金,,TWD,26.14
201406,AA1,48858663,台新主流基金,,TWD,17.22
201406,AA1,80894446,台新中國通基金,,TWD,26.77
201406,AA1,81588536,台新大眾基金,,TWD,23.35
201406,AA1,26320632,合庫台灣基金,,TWD,11.2
201409,AA1,00965469,兆豐國際第一基金,,TWD,12.34
201409,AA1,01050148,兆豐國際國民基金,,TWD,23.03
201409,AA1,10341837,兆豐國際豐台灣基金,,TWD,28.2
201409,AA1,73991751,兆豐國際電子基金,,TWD,20.2
201409,AA1,81584996,兆豐國際中小基金,,TWD,12.54
201409,AA1,15739619,第一金大中華基金,,TWD,19.45
201409,AA1,19341318,第一金電子基金,,TWD,25.22
201409,AA1,20092528,第一金店頭市場基金,,TWD,7.5
201409,AA1,26202396,第一金創新趨勢基金,,TWD,13.55
201409,AA1,73989002,第一金小型精選基金,,TWD,24.31
201409,AA1,01031298,匯豐龍鳳基金,,TWD,40.5
201409,AA1,73987671,匯豐台灣精典基金,,TWD,19.19
201409,AA1,76941376,匯豐成功基金,,TWD,31.71
201409,AA1,92017794,匯豐龍騰電子基金,,TWD,27.1
201409,AA1,97995664,匯豐中小基金,,TWD,8.25
201409,AA1,00974066,元大寶來2001基金,,TWD,48.2
201409,AA1,01032058,元大寶來多福基金,,TWD,49.62
201409,AA1,14542287,元大寶來精準中小基金,,TWD,17.23
201409,AA1,17139204,元大寶來新主流基金,,TWD,18.52
201409,AA1,18036281,元大寶來巴菲特基金,,TWD,21.13
201409,AA1,20080023,元大寶來店頭基金,,TWD,7.26
201409,AA1,77537509,元大寶來多元基金,,TWD,10.62
201409,AA1,81584335,元大寶來高科技基金,,TWD,11.73
201409,AA1,83863951,元大寶來經貿基金,,TWD,27.63
201409,AA1,92001765,元大寶來多多基金,,TWD,15.44
201409,AA1,92004566,元大寶來績效基金,,TWD,34.27
201409,AA1,92026219,元大寶來卓越基金,,TWD,38.21
201409,AA1,17140568,景順主流基金,,TWD,16.08
201409,AA1,73989256,景順台灣科技基金,,TWD,25.97
201409,AA1,92019786,景順潛力基金,,TWD,29.93
201409,AA1,17603899,瀚亞電通網基金,,TWD,11.78
201409,AA1,81595924,瀚亞中小型股基金,,TWD,14.77
201409,AA1,92003102,瀚亞高科技基金,,TWD,47.98
201409,AA1,92012572,瀚亞外銷基金,,TWD,30.65
201409,AA1,97990696,瀚亞菁華基金,,TWD,17.04
201409,AA1,01032183,保德信高成長基金,,TWD,73.61
201409,AA1,13528977,保德信台商全方位基金,,TWD,26.31
201409,AA1,17602625,保德信新世紀基金,,TWD,8.95
201409,AA1,20097447,保德信第一基金,,TWD,21.42
201409,AA1,73990649,保德信科技島基金,,TWD,18.02
201409,AA1,83866508,保德信中小型股基金,,TWD,34.83
201409,AA1,92013967,保德信金滿意基金,,TWD,35.25
201409,AA1,97988636,保德信店頭市場基金,,TWD,26.73
201409,AA1,01031699,統一全天候基金,,TWD,67.51
201409,AA1,17605622,統一大滿貫基金,,TWD,23.98
201409,AA1,48934304,統一台灣動力基金,,TWD,12.24
201409,AA1,73990253,統一奔騰基金,,TWD,40.01
201409,AA1,77537493,統一統信基金,,TWD,23.88
201409,AA1,81581724,統一經建基金,,TWD,28.57
201409,AA1,92002244,統一黑馬基金,,TWD,39.7
201409,AA1,92012762,統一龍馬基金,,TWD,46.91
201409,AA1,97977878,統一中小基金,,TWD,16.92
201409,AA1,00974018,富邦基金,,TWD,9.5
201409,AA1,10388939,富邦台灣企業社會責任基金-A類型,,TWD,13.46
201409,AA1,10388939,富邦台灣企業社會責任基金-B類型,,TWD,11.12
201409,AA1,17148301,富邦台灣心基金,,TWD,15.92
201409,AA1,20089755,富邦精銳中小基金,,TWD,9.97
201409,AA1,81585475,富邦高成長基金,,TWD,17.94
201409,AA1,83864683,富邦科技基金,,TWD,18.11
201409,AA1,92002384,富邦精準基金,,TWD,40.59
201409,AA1,92010477,富邦長紅基金,,TWD,47.48
201409,AA1,92010770,富邦台灣鳳凰基金,,TWD,625.71
201409,AA1,00974039,摩根台灣基金,,TWD,10.3
201409,AA1,01032162,摩根台灣增長基金,,TWD,40.82
201409,AA1,17144945,摩根價值成長基金,,TWD,15.36
201409,AA1,25636367,摩根台灣金磚基金,,TWD,15.42
201409,AA1,73989501,摩根中小基金,,TWD,19.13
201409,AA1,92012025,摩根新興科技基金,,TWD,38.95
201409,AA1,99354335,摩根台灣微型基金,,TWD,17.67
201409,AA1,00973762,華南永昌永昌基金,,TWD,13.88
201409,AA1,26279964,華南永昌中小型基金,,TWD,9.85
201409,AA1,48929007,華南永昌愛台灣基金,,TWD,8
201409,AA1,92016839,華南永昌前瞻科技基金,,TWD,13.24
201409,AA1,00974241,新光台灣富貴基金,,TWD,17.87
201409,AA1,13986924,新光大三通基金,,TWD,16.82
201409,AA1,26307407,新光傳產優勢基金,,TWD,10.67
201409,AA1,73998071,新光店頭基金,,TWD,20.12
201409,AA1,81580149,新光國家建設基金,,TWD,20.25
201409,AA1,81585242,新光創新科技基金,,TWD,13.17
201409,AA1,19339782,群益創新科技基金,,TWD,23
201409,AA1,20081352,群益店頭市場基金,,TWD,62.6
201409,AA1,48675778,群益奧斯卡基金,,TWD,20.05
201409,AA1,48749899,群益葛萊美基金,,TWD,16.68
201409,AA1,81591434,群益長安基金,,TWD,19.8
201409,AA1,92028997,群益中小型股基金,,TWD,34.88
201409,AA1,97984293,群益馬拉松基金,,TWD,89.2
201409,AA1,18033138,德信數位時代基金,,TWD,22.25
201409,AA1,26288534,德信台灣主流中小基金,,TWD,14.22
201409,AA1,97972846,德信大發基金,,TWD,25.63
201409,AA1,97997635,聯博大利基金,,TWD,29.1
201409,AA1,17147078,日盛精選五虎基金,,TWD,27.8
201409,AA1,17607591,日盛高科技基金,,TWD,10.7
201409,AA1,20084317,日盛日盛基金,,TWD,10.17
201409,AA1,26273336,日盛MIT主流基金,,TWD,11.46
201409,AA1,48948481,日盛首選基金,,TWD,10.82
201409,AA1,73988876,日盛小而美基金,,TWD,16.39
201409,AA1,81584975,日盛上選基金,,TWD,20.82
201409,AA1,94991068,日盛新台商基金,,TWD,24.89
201409,AA1,20094820,柏瑞巨人基金,,TWD,10.11
201409,AA1,17608487,復華數位經濟基金,,TWD,31.1
201409,AA1,18488279,復華中小精選基金,,TWD,38.46
201409,AA1,21759676,復華全方位基金,,TWD,18.11
201409,AA1,73998086,復華高成長基金,,TWD,39.86
201409,AA1,81587889,復華復華基金,,TWD,13.7
201409,AA1,13998344,永豐中小基金,,TWD,36.95
201409,AA1,17152509,永豐高科技基金,,TWD,16.01
201409,AA1,73992013,永豐領航科技基金,,TWD,21.12
201409,AA1,81594690,永豐永豐基金,,TWD,31.57
201409,AA1,48809501,中國信託台灣優勢基金,,TWD,12.2
201409,AA1,48893417,中國信託台灣活力基金,,TWD,8.55
201409,AA1,17144889,宏利台灣動力基金,,TWD,18.26
201409,AA1,73982057,宏利臺灣高股息基金,,TWD,19.98
201409,AA1,19330712,貝萊德寶利基金,,TWD,15.79
201409,AA1,00968493,安泰ING鴻運基金,,TWD,15.89
201409,AA1,00988316,安泰ING台灣運籌基金,,TWD,23.88
201409,AA1,01031564,安泰ING積極成長基金,,TWD,9.57
201409,AA1,17146752,安泰ING成長基金,,TWD,22.91
201409,AA1,17600534,安泰ING高科技基金,,TWD,6.92
201409,AA1,18037937,安泰INGｅ科技基金,,TWD,13.94
201409,AA1,18488469,安泰ING中小基金,,TWD,31.11
201409,AA1,19330754,安泰ING優質基金,,TWD,26.95
201409,AA1,99973878,安泰ING台灣高股息基金,,TWD,19.08
201409,AA1,17597236,聯邦精選科技基金,,TWD,9.37
201409,AA1,18496290,聯邦中國龍基金,,TWD,18.66
201409,AA1,10341251,未來資產台灣新趨勢基金,,TWD,12.77
201409,AA1,17597600,未來資產阿波羅基金,,TWD,7.88
201409,AA1,17604124,德盛台灣大壩基金,,TWD,15.11
201409,AA1,18480065,德盛科技大壩基金,,TWD,20.38
201409,AA1,48997911,德盛安聯台灣智慧趨勢基金,,TWD,16.48
201409,AA1,01031874,國泰小龍基金,,TWD,13.47
201409,AA1,14705562,國泰科技生化基金,,TWD,28.92
201409,AA1,17612497,國泰國泰基金,,TWD,17.61
201409,AA1,18031960,國泰高科技基金,,TWD,8.81
201409,AA1,18043059,國泰中小成長基金,,TWD,37.46
201409,AA1,19291128,國泰大中華基金,,TWD,18.37
201409,AA1,31837449,國泰價值卓越基金,,TWD,12.3
201409,AA1,48948623,國泰台灣計量基金,,TWD,11.87
201409,AA1,13984165,富達台灣成長基金,,TWD,24.23
201409,AA1,14545897,德銀遠東DWS科技基金,,TWD,15.92
201409,AA1,18499732,德銀遠東DWS台灣旗艦基金,,TWD,17.24
201409,AA1,13539952,凱基開創基金,,TWD,17.98
201409,AA1,25612029,凱基台灣精五門基金,,TWD,18.51
201409,AA1,48948834,施羅德樂活中小基金-A類型,,TWD,13.49
201409,AA1,48948834,施羅德樂活中小基金-I類型,,TWD,2891.74
201409,AA1,14694495,華頓台灣基金,,TWD,18.54
201409,AA1,48731589,華頓典範科技基金,,TWD,8.44
201409,AA1,80892778,華頓中小型基金,,TWD,21.28
201409,AA1,10337833,惠理康和台灣紅不讓基金,,TWD,15.35
201409,AA1,15733973,富蘭克林華美第一富基金,,TWD,28.05
201409,AA1,26310297,富蘭克林華美台股傘型基金之高科技基金,,TWD,13.38
201409,AA1,26310310,富蘭克林華美台股傘型基金之傳產基金,,TWD,14.22
201409,AA1,17602821,台新2000高科技基金,,TWD,24.54
201409,AA1,48858663,台新主流基金,,TWD,15.56
201409,AA1,80894446,台新中國通基金,,TWD,25.73
201409,AA1,81588536,台新大眾基金,,TWD,22.77
201409,AA1,26320632,合庫台灣基金,,TWD,10.88
201412,AA1,00965469,兆豐國際第一基金,,TWD,12.36
201412,AA1,01050148,兆豐國際國民基金,,TWD,22.75
201412,AA1,10341837,兆豐國際豐台灣基金,,TWD,27.5
201412,AA1,73991751,兆豐國際電子基金,,TWD,20.4
201412,AA1,81584996,兆豐國際中小基金,,TWD,12.52
201412,AA1,15739619,第一金大中華基金,,TWD,19.36
201412,AA1,19341318,第一金電子基金,,TWD,25.9
201412,AA1,20092528,第一金店頭市場基金,,TWD,7.62
201412,AA1,26202396,第一金創新趨勢基金,,TWD,13.73
201412,AA1,73989002,第一金小型精選基金,,TWD,24.42
201412,AA1,01031298,匯豐龍鳳基金,,TWD,41.44
201412,AA1,73987671,匯豐台灣精典基金,,TWD,19.63
201412,AA1,76941376,匯豐成功基金,,TWD,31.93
201412,AA1,92017794,匯豐龍騰電子基金,,TWD,28.03
201412,AA1,97995664,匯豐中小基金,,TWD,8.44
201412,AA1,00974066,元大寶來2001基金,,TWD,49.07
201412,AA1,01032058,元大寶來多福基金,,TWD,50.43
201412,AA1,14542287,元大寶來精準中小基金,,TWD,17.24
201412,AA1,17139204,元大寶來新主流基金,,TWD,18.5
201412,AA1,18036281,元大寶來巴菲特基金,,TWD,21.05
201412,AA1,20080023,元大寶來店頭基金,,TWD,7.24
201412,AA1,77537509,元大寶來多元基金,,TWD,10.82
201412,AA1,81584335,元大寶來高科技基金,,TWD,12.06
201412,AA1,83863951,元大寶來經貿基金,,TWD,28.01
201412,AA1,92001765,元大寶來多多基金,,TWD,15.37
201412,AA1,92004566,元大寶來績效基金,,TWD,34.75
201412,AA1,92026219,元大寶來卓越基金,,TWD,39.3
201412,AA1,17140568,景順主流基金,,TWD,16.16
201412,AA1,73989256,景順台灣科技基金,,TWD,26.64
201412,AA1,92019786,景順潛力基金,,TWD,30.18
201412,AA1,17603899,瀚亞電通網基金,,TWD,11.42
201412,AA1,81595924,瀚亞中小型股基金,,TWD,14.81
201412,AA1,92003102,瀚亞高科技基金,,TWD,46.61
201412,AA1,92012572,瀚亞外銷基金,,TWD,30.77
201412,AA1,97990696,瀚亞菁華基金,,TWD,17.19
201412,AA1,01032183,保德信高成長基金,,TWD,73.98
201412,AA1,13528977,保德信台商全方位基金,,TWD,26.55
201412,AA1,17602625,保德信新世紀基金,,TWD,9.1
201412,AA1,20097447,保德信第一基金,,TWD,21.94
201412,AA1,73990649,保德信科技島基金,,TWD,18.28
201412,AA1,83866508,保德信中小型股基金,,TWD,34.46
201412,AA1,92013967,保德信金滿意基金,,TWD,36.47
201412,AA1,97988636,保德信店頭市場基金,,TWD,27.02
201412,AA1,01031699,統一全天候基金,,TWD,66.77
201412,AA1,17605622,統一大滿貫基金,,TWD,24.15
201412,AA1,48934304,統一台灣動力基金,,TWD,12.23
201412,AA1,73990253,統一奔騰基金,,TWD,40.02
201412,AA1,77537493,統一統信基金,,TWD,23.71
201412,AA1,81581724,統一經建基金,,TWD,28.99
201412,AA1,92002244,統一黑馬基金,,TWD,39.3
201412,AA1,92012762,統一龍馬基金,,TWD,46.49
201412,AA1,97977878,統一中小基金,,TWD,16.67
201412,AA1,00974018,富邦基金,,TWD,9.47
201412,AA1,10388939,富邦台灣企業社會責任基金-A類型,,TWD,13.39
201412,AA1,10388939,富邦台灣企業社會責任基金-B類型,,TWD,11.06
201412,AA1,17148301,富邦台灣心基金,,TWD,15.78
201412,AA1,20089755,富邦精銳中小基金,,TWD,9.82
201412,AA1,81585475,富邦高成長基金,,TWD,17.78
201412,AA1,83864683,富邦科技基金,,TWD,17.82
201412,AA1,92002384,富邦精準基金,,TWD,40.35
201412,AA1,92010477,富邦長紅基金,,TWD,46.76
201412,AA1,92010770,富邦台灣鳳凰基金,,TWD,618.67
201412,AA1,00974039,摩根台灣基金,,TWD,10.55
201412,AA1,01032162,摩根台灣增長基金,,TWD,41.91
201412,AA1,17144945,摩根價值成長基金,,TWD,15.73
201412,AA1,25636367,摩根台灣金磚基金,,TWD,15.23
201412,AA1,73989501,摩根中小基金,,TWD,18.9
201412,AA1,92012025,摩根新興科技基金,,TWD,40.11
201412,AA1,99354335,摩根台灣微型基金,,TWD,17.45
201412,AA1,00973762,華南永昌永昌基金,,TWD,13.85
201412,AA1,92016839,華南永昌前瞻科技基金,,TWD,13.23
201412,AA1,00974241,新光台灣富貴基金,,TWD,18.06
201412,AA1,13986924,新光大三通基金,,TWD,16.96
201412,AA1,73998071,新光店頭基金,,TWD,20.25
201412,AA1,81580149,新光國家建設基金,,TWD,20.62
201412,AA1,81585242,新光創新科技基金,,TWD,13.23
201412,AA1,19339782,群益創新科技基金,,TWD,23.02
201412,AA1,20081352,群益店頭市場基金,,TWD,61.95
201412,AA1,48675778,群益奧斯卡基金,,TWD,19.91
201412,AA1,48749899,群益葛萊美基金,,TWD,16.8
201412,AA1,81591434,群益長安基金,,TWD,20.23
201412,AA1,92028997,群益中小型股基金,,TWD,34.82
201412,AA1,97984293,群益馬拉松基金,,TWD,93.14
201412,AA1,18033138,德信數位時代基金,,TWD,21.57
201412,AA1,26288534,德信台灣主流中小基金,,TWD,14.14
201412,AA1,97972846,德信大發基金,,TWD,25.24
201412,AA1,97997635,聯博大利基金,,TWD,29.77
201412,AA1,17147078,日盛精選五虎基金,,TWD,27.49
201412,AA1,17607591,日盛高科技基金,,TWD,10.9
201412,AA1,20084317,日盛日盛基金,,TWD,10.09
201412,AA1,26273336,日盛MIT主流基金,,TWD,11.6
201412,AA1,48948481,日盛首選基金,,TWD,10.61
201412,AA1,73988876,日盛小而美基金,,TWD,15.37
201412,AA1,81584975,日盛上選基金,,TWD,21.05
201412,AA1,94991068,日盛新台商基金,,TWD,24.51
201412,AA1,20094820,柏瑞巨人基金,,TWD,9.96
201412,AA1,17608487,復華數位經濟基金,,TWD,31.83
201412,AA1,18488279,復華中小精選基金,,TWD,39.02
201412,AA1,21759676,復華全方位基金,,TWD,18.28
201412,AA1,73998086,復華高成長基金,,TWD,40.53
201412,AA1,81587889,復華復華基金,,TWD,13.56
201412,AA1,13998344,永豐中小基金,,TWD,36.77
201412,AA1,17152509,永豐高科技基金,,TWD,16.23
201412,AA1,73992013,永豐領航科技基金,,TWD,21.6
201412,AA1,81594690,永豐永豐基金,,TWD,32.6
201412,AA1,48809501,中國信託台灣優勢基金,,TWD,12.93
201412,AA1,48893417,中國信託台灣活力基金,,TWD,8.51
201412,AA1,17144889,宏利台灣動力基金,,TWD,18.96
201412,AA1,73982057,宏利臺灣高股息基金,,TWD,20.36
201412,AA1,19330712,貝萊德寶利基金,,TWD,16.3
201412,AA1,00968493,野村鴻運基金,,TWD,15.97
201412,AA1,00988316,野村台灣運籌基金,,TWD,24.84
201412,AA1,01031564,野村積極成長基金,,TWD,9.8
201412,AA1,17146752,野村成長基金,,TWD,23.68
201412,AA1,17600534,野村高科技基金,,TWD,6.93
201412,AA1,18037937,野村ｅ科技基金,,TWD,13.85
201412,AA1,18488469,野村中小基金,,TWD,31.51
201412,AA1,19330754,野村優質基金,,TWD,27.43
201412,AA1,99973878,野村台灣高股息基金,,TWD,18.93
201412,AA1,17597236,聯邦精選科技基金,,TWD,9.18
201412,AA1,18496290,聯邦中國龍基金,,TWD,19
201412,AA1,10341251,未來資產台灣新趨勢基金,,TWD,12.81
201412,AA1,17597600,未來資產阿波羅基金,,TWD,7.9
201412,AA1,17604124,德盛台灣大壩基金,,TWD,15.38
201412,AA1,18480065,德盛科技大壩基金,,TWD,21.07
201412,AA1,48997911,德盛安聯台灣智慧趨勢基金,,TWD,16.94
201412,AA1,01031874,國泰小龍基金,,TWD,13.49
201412,AA1,14705562,國泰科技生化基金,,TWD,28.93
201412,AA1,17612497,國泰國泰基金,,TWD,17.66
201412,AA1,18031960,國泰高科技基金,,TWD,9
201412,AA1,18043059,國泰中小成長基金,,TWD,37.14
201412,AA1,19291128,國泰大中華基金,,TWD,18.44
201412,AA1,31837449,國泰價值卓越基金,,TWD,12.32
201412,AA1,48948623,國泰台灣計量基金,,TWD,12.12
201412,AA1,13984165,富達台灣成長基金,,TWD,24.58
201412,AA1,14545897,德銀遠東DWS科技基金,,TWD,16.21
201412,AA1,18499732,德銀遠東DWS台灣旗艦基金,,TWD,17.95
201412,AA1,13539952,凱基開創基金,,TWD,18.06
201412,AA1,25612029,凱基台灣精五門基金,,TWD,18.62
201412,AA1,48948834,施羅德樂活中小基金-A類型,,TWD,13.75
201412,AA1,48948834,施羅德樂活中小基金-I類型,,TWD,2957.89
201412,AA1,14694495,華頓台灣基金,,TWD,18.26
201412,AA1,48731589,華頓典範科技基金,,TWD,8.7
201412,AA1,80892778,華頓中小型基金,,TWD,20.63
201412,AA1,10337833,惠理康和台灣紅不讓基金,,TWD,15.61
201412,AA1,15733973,富蘭克林華美第一富基金,,TWD,28.01
201412,AA1,26310297,富蘭克林華美台股傘型基金之高科技基金,,TWD,13.24
201412,AA1,26310310,富蘭克林華美台股傘型基金之傳產基金,,TWD,14.29
201412,AA1,17602821,台新2000高科技基金,,TWD,24.69
201412,AA1,48858663,台新主流基金,,TWD,15.97
201412,AA1,80894446,台新中國通基金,,TWD,26.48
201412,AA1,81588536,台新台灣中小基金,,TWD,22.89
201412,AA1,26320632,合庫台灣基金,,TWD,10.82
201503,AA1,00965469,兆豐國際第一基金,,TWD,12.79
201503,AA1,01050148,兆豐國際國民基金,,TWD,22.55
201503,AA1,10341837,兆豐國際豐台灣基金,,TWD,28.16
201503,AA1,73991751,兆豐國際電子基金,,TWD,21.3
201503,AA1,81584996,兆豐國際中小基金,,TWD,13.02
201503,AA1,15739619,第一金大中華基金,,TWD,20.73
201503,AA1,19341318,第一金電子基金,,TWD,26.65
201503,AA1,20092528,第一金店頭市場基金,,TWD,8.04
201503,AA1,26202396,第一金創新趨勢基金,,TWD,15.13
201503,AA1,73989002,第一金小型精選基金,,TWD,26.6
201503,AA1,01031298,匯豐龍鳳基金,,TWD,42.28
201503,AA1,73987671,匯豐台灣精典基金,,TWD,19.98
201503,AA1,76941376,匯豐成功基金,,TWD,34.05
201503,AA1,92017794,匯豐龍騰電子基金,,TWD,28.64
201503,AA1,97995664,匯豐中小基金,,TWD,9.02
201503,AA1,00974066,元大寶來2001基金,,TWD,52.69
201503,AA1,01032058,元大寶來多福基金,,TWD,52.5
201503,AA1,14542287,元大寶來精準中小基金,,TWD,18.27
201503,AA1,17139204,元大寶來新主流基金,,TWD,19.77
201503,AA1,18036281,元大寶來巴菲特基金,,TWD,22.92
201503,AA1,20080023,元大寶來店頭基金,,TWD,7.67
201503,AA1,77537509,元大寶來多元基金,,TWD,11.5
201503,AA1,81584335,元大寶來高科技基金,,TWD,12.64
201503,AA1,83863951,元大寶來經貿基金,,TWD,29.08
201503,AA1,92001765,元大寶來多多基金,,TWD,16.54
201503,AA1,92004566,元大寶來績效基金,,TWD,37.25
201503,AA1,92026219,元大寶來卓越基金,,TWD,42.83
201503,AA1,17140568,景順主流基金,,TWD,17.06
201503,AA1,73989256,景順台灣科技基金,,TWD,27.79
201503,AA1,92019786,景順潛力基金,,TWD,31.77
201503,AA1,17603899,瀚亞電通網基金,,TWD,11.97
201503,AA1,81595924,瀚亞中小型股基金,,TWD,16.15
201503,AA1,92003102,瀚亞高科技基金,,TWD,48.87
201503,AA1,92012572,瀚亞外銷基金,,TWD,31.75
201503,AA1,97990696,瀚亞菁華基金,,TWD,17.46
201503,AA1,01032183,保德信高成長基金,,TWD,76.99
201503,AA1,13528977,保德信台商全方位基金,,TWD,28.61
201503,AA1,17602625,保德信新世紀基金,,TWD,9.39
201503,AA1,20097447,保德信第一基金,,TWD,22.79
201503,AA1,73990649,保德信科技島基金,,TWD,19.14
201503,AA1,83866508,保德信中小型股基金,,TWD,38.27
201503,AA1,92013967,保德信金滿意基金,,TWD,37.57
201503,AA1,97988636,保德信店頭市場基金,,TWD,29.59
201503,AA1,01031699,統一全天候基金,,TWD,70.63
201503,AA1,17605622,統一大滿貫基金,,TWD,24.83
201503,AA1,48934304,統一台灣動力基金,,TWD,12.32
201503,AA1,73990253,統一奔騰基金,,TWD,40.29
201503,AA1,77537493,統一統信基金,,TWD,24.74
201503,AA1,81581724,統一經建基金,,TWD,30.63
201503,AA1,92002244,統一黑馬基金,,TWD,39.9
201503,AA1,92012762,統一龍馬基金,,TWD,47.89
201503,AA1,97977878,統一中小基金,,TWD,17.38
201503,AA1,00974018,富邦基金,,TWD,9.71
201503,AA1,10388939,富邦台灣企業社會責任基金-A類型,,TWD,13.68
201503,AA1,10388939,富邦台灣企業社會責任基金-B類型,,TWD,11.31
201503,AA1,17148301,富邦台灣心基金,,TWD,16.26
201503,AA1,20089755,富邦精銳中小基金,,TWD,10.46
201503,AA1,81585475,富邦高成長基金,,TWD,18.88
201503,AA1,83864683,富邦科技基金,,TWD,18.37
201503,AA1,92002384,富邦精準基金,,TWD,42.47
201503,AA1,92010477,富邦長紅基金,,TWD,48.31
201503,AA1,92010770,富邦台灣鳳凰基金,,TWD,635.76
201503,AA1,00974039,摩根台灣基金,,TWD,10.42
201503,AA1,01032162,摩根台灣增長基金,,TWD,43.65
201503,AA1,17144945,摩根價值成長基金,,TWD,16.38
201503,AA1,25636367,摩根台灣金磚基金,,TWD,16.38
201503,AA1,73989501,摩根中小基金,,TWD,20.55
201503,AA1,92012025,摩根新興科技基金,,TWD,42.42
201503,AA1,00973762,華南永昌永昌基金,,TWD,14.58
201503,AA1,92016839,華南永昌前瞻科技基金,,TWD,13.95
201503,AA1,00974241,新光台灣富貴基金,,TWD,19.71
201503,AA1,13986924,新光大三通基金,,TWD,17.73
201503,AA1,73998071,新光店頭基金,,TWD,21.56
201503,AA1,81580149,新光國家建設基金,,TWD,22.08
201503,AA1,81585242,新光創新科技基金,,TWD,14.14
201503,AA1,19339782,群益創新科技基金,,TWD,25.15
201503,AA1,20081352,群益店頭市場基金,,TWD,68.21
201503,AA1,48675778,群益奧斯卡基金,,TWD,21.38
201503,AA1,48749899,群益葛萊美基金,,TWD,17.74
201503,AA1,81591434,群益長安基金,,TWD,20.92
201503,AA1,92028997,群益中小型股基金,,TWD,35.25
201503,AA1,97984293,群益馬拉松基金,,TWD,97.03
201503,AA1,18033138,德信數位時代基金,,TWD,23
201503,AA1,26288534,德信台灣主流中小基金,,TWD,15.05
201503,AA1,97972846,德信大發基金,,TWD,26.86
201503,AA1,97997635,聯博大利基金,,TWD,31.28
201503,AA1,17147078,日盛精選五虎基金,,TWD,29.46
201503,AA1,17607591,日盛高科技基金,,TWD,10.97
201503,AA1,20084317,日盛日盛基金,,TWD,10.34
201503,AA1,26273336,日盛MIT主流基金,,TWD,12.34
201503,AA1,48948481,日盛首選基金,,TWD,11.03
201503,AA1,73988876,日盛小而美基金,,TWD,16.08
201503,AA1,81584975,日盛上選基金,,TWD,21.68
201503,AA1,94991068,日盛新台商基金,,TWD,25.42
201503,AA1,20094820,柏瑞巨人基金,,TWD,10.84
201503,AA1,17608487,復華數位經濟基金,,TWD,34.11
201503,AA1,18488279,復華中小精選基金,,TWD,41.41
201503,AA1,21759676,復華全方位基金,,TWD,19.3
201503,AA1,73998086,復華高成長基金,,TWD,42.89
201503,AA1,81587889,復華復華基金,,TWD,14.22
201503,AA1,13998344,永豐中小基金,,TWD,38.01
201503,AA1,17152509,永豐高科技基金,,TWD,16.75
201503,AA1,73992013,永豐領航科技基金,,TWD,23.1
201503,AA1,81594690,永豐永豐基金,,TWD,34.02
201503,AA1,48809501,中國信託台灣優勢基金,,TWD,13.5
201503,AA1,48893417,中國信託台灣活力基金,,TWD,9.07
201503,AA1,17144889,宏利台灣動力基金,,TWD,20.48
201503,AA1,73982057,宏利臺灣高股息基金,,TWD,21.72
201503,AA1,19330712,貝萊德寶利基金,,TWD,17.47
201503,AA1,00968493,野村鴻運基金,,TWD,17.24
201503,AA1,00988316,野村台灣運籌基金,,TWD,27.06
201503,AA1,01031564,野村積極成長基金,,TWD,10.54
201503,AA1,17146752,野村成長基金,,TWD,25.49
201503,AA1,17600534,野村高科技基金,,TWD,7.33
201503,AA1,18037937,野村ｅ科技基金,,TWD,14.6
201503,AA1,18488469,野村中小基金,,TWD,34.51
201503,AA1,19330754,野村優質基金,,TWD,30.51
201503,AA1,99973878,野村台灣高股息基金,,TWD,20.11
201503,AA1,17597236,聯邦精選科技基金,,TWD,9.06
201503,AA1,18496290,聯邦中國龍基金,,TWD,18.13
201503,AA1,10341251,未來資產台灣新趨勢基金,,TWD,13.41
201503,AA1,17597600,未來資產阿波羅基金,,TWD,8.15
201503,AA1,17604124,德盛台灣大壩基金,,TWD,16.07
201503,AA1,18480065,德盛科技大壩基金,,TWD,22.11
201503,AA1,48997911,德盛安聯台灣智慧趨勢基金,,TWD,17.86
201503,AA1,01031874,國泰小龍基金,,TWD,14.13
201503,AA1,14705562,國泰科技生化基金,,TWD,29.64
201503,AA1,17612497,國泰國泰基金,,TWD,18.24
201503,AA1,18031960,國泰高科技基金,,TWD,9.34
201503,AA1,18043059,國泰中小成長基金,,TWD,39.08
201503,AA1,19291128,國泰大中華基金,,TWD,18.79
201503,AA1,31837449,國泰價值卓越基金,,TWD,12.59
201503,AA1,48948623,國泰台灣計量基金,,TWD,12.67
201503,AA1,13984165,富達台灣成長基金,,TWD,25.74
201503,AA1,14545897,德銀遠東DWS科技基金,,TWD,16.33
201503,AA1,18499732,德銀遠東DWS台灣旗艦基金,,TWD,18.41
201503,AA1,13539952,凱基開創基金,,TWD,18.76
201503,AA1,25612029,凱基台灣精五門基金,,TWD,19.52
201503,AA1,48948834,施羅德樂活中小基金-A類型,,TWD,15.28
201503,AA1,48948834,施羅德樂活中小基金-I類型,,TWD,3300.36
201503,AA1,14694495,華頓台灣基金,,TWD,18.56
201503,AA1,80892778,華頓中小型基金,,TWD,21.41
201503,AA1,10337833,惠理康和台灣紅不讓基金,,TWD,15.97
201503,AA1,15733973,富蘭克林華美第一富基金,,TWD,29.88
201503,AA1,26310297,富蘭克林華美台股傘型基金之高科技基金,,TWD,14.59
201503,AA1,26310310,富蘭克林華美台股傘型基金之傳產基金,,TWD,16.23
201503,AA1,17602821,台新2000高科技基金,,TWD,25.84
201503,AA1,48858663,台新主流基金,,TWD,16.84
201503,AA1,80894446,台新中國通基金,,TWD,29.23
201503,AA1,81588536,台新台灣中小基金,,TWD,24.4
201503,AA1,26320632,合庫台灣基金,,TWD,11.61
201506,AA1,00965469,兆豐國際第一基金,,TWD,12.86
201506,AA1,01050148,兆豐國際國民基金,,TWD,22.17
201506,AA1,10341837,兆豐國際豐台灣基金,,TWD,27.69
201506,AA1,73991751,兆豐國際電子基金,,TWD,21.24
201506,AA1,81584996,兆豐國際中小基金,,TWD,13
201506,AA1,15739619,第一金大中華基金,,TWD,20.56
201506,AA1,19341318,第一金電子基金,,TWD,25.15
201506,AA1,20092528,第一金店頭市場基金,,TWD,8.71
201506,AA1,26202396,第一金創新趨勢基金,,TWD,16.9
201506,AA1,73989002,第一金小型精選基金,,TWD,28.18
201506,AA1,01031298,匯豐龍鳳基金,,TWD,41.84
201506,AA1,73987671,匯豐台灣精典基金,,TWD,19.76
201506,AA1,76941376,匯豐成功基金,,TWD,33.43
201506,AA1,92017794,匯豐龍騰電子基金,,TWD,28.44
201506,AA1,97995664,匯豐中小基金,,TWD,9.5
201506,AA1,00974066,元大寶來2001基金,,TWD,57.55
201506,AA1,01032058,元大寶來多福基金,,TWD,53.7
201506,AA1,14542287,元大寶來精準中小基金,,TWD,20
201506,AA1,17139204,元大寶來新主流基金,,TWD,21.05
201506,AA1,18036281,元大寶來巴菲特基金,,TWD,23.08
201506,AA1,20080023,元大寶來店頭基金,,TWD,7.6
201506,AA1,77537509,元大寶來多元基金,,TWD,11.82
201506,AA1,81584335,元大寶來高科技基金,,TWD,12.91
201506,AA1,83863951,元大寶來經貿基金,,TWD,30
201506,AA1,92001765,元大寶來多多基金,,TWD,16.99
201506,AA1,92004566,元大寶來績效基金,,TWD,39.69
201506,AA1,92026219,元大寶來卓越基金,,TWD,42.83
201506,AA1,17140568,景順主流基金,,TWD,17.64
201506,AA1,73989256,景順台灣科技基金,,TWD,28.29
201506,AA1,92019786,景順潛力基金,,TWD,32.74
201506,AA1,17603899,瀚亞電通網基金,,TWD,12.03
201506,AA1,81595924,瀚亞中小型股基金,,TWD,16.85
201506,AA1,92003102,瀚亞高科技基金,,TWD,49.06
201506,AA1,92012572,瀚亞外銷基金,,TWD,31.36
201506,AA1,97990696,瀚亞菁華基金,,TWD,17.16
201506,AA1,01032183,保德信高成長基金,,TWD,76.03
201506,AA1,13528977,保德信台商全方位基金,,TWD,28.64
201506,AA1,17602625,保德信新世紀基金,,TWD,9.36
201506,AA1,20097447,保德信第一基金,,TWD,22.94
201506,AA1,73990649,保德信科技島基金,,TWD,19.14
201506,AA1,83866508,保德信中小型股基金,,TWD,36.72
201506,AA1,92013967,保德信金滿意基金,,TWD,37.08
201506,AA1,97988636,保德信店頭市場基金,,TWD,29.4
201506,AA1,01031699,統一全天候基金,,TWD,78.76
201506,AA1,17605622,統一大滿貫基金,,TWD,25.24
201506,AA1,48934304,統一台灣動力基金,,TWD,14.05
201506,AA1,73990253,統一奔騰基金,,TWD,45.72
201506,AA1,77537493,統一統信基金,,TWD,26.53
201506,AA1,81581724,統一經建基金,,TWD,35.07
201506,AA1,92002244,統一黑馬基金,,TWD,45.19
201506,AA1,92012762,統一龍馬基金,,TWD,54.65
201506,AA1,97977878,統一中小基金,,TWD,20.21
201506,AA1,00974018,富邦基金,,TWD,10.15
201506,AA1,10388939,富邦台灣企業社會責任基金-A類型,,TWD,14.29
201506,AA1,10388939,富邦台灣企業社會責任基金-B類型,,TWD,11.81
201506,AA1,17148301,富邦台灣心基金,,TWD,16.83
201506,AA1,20089755,富邦精銳中小基金,,TWD,11.19
201506,AA1,81585475,富邦高成長基金,,TWD,20.1
201506,AA1,83864683,富邦科技基金,,TWD,19.75
201506,AA1,92002384,富邦精準基金,,TWD,44.81
201506,AA1,92010477,富邦長紅基金,,TWD,49.98
201506,AA1,92010770,富邦台灣鳳凰基金,,TWD,653.14
201506,AA1,00974039,摩根台灣基金,,TWD,10.68
201506,AA1,01032162,摩根台灣增長基金,,TWD,43.92
201506,AA1,17144945,摩根價值成長基金,,TWD,16.77
201506,AA1,25636367,摩根台灣金磚基金,,TWD,17.18
201506,AA1,73989501,摩根中小基金,,TWD,22.01
201506,AA1,92012025,摩根新興科技基金,,TWD,43.65
201506,AA1,00973762,華南永昌永昌基金,,TWD,14.16
201506,AA1,42298518,華南永昌物聯網精選基金,,TWD,9.96
201506,AA1,92016839,華南永昌前瞻科技基金,,TWD,13.7
201506,AA1,00974241,新光台灣富貴基金,,TWD,21.84
201506,AA1,13986924,新光大三通基金,,TWD,18.52
201506,AA1,73998071,新光店頭基金,,TWD,21.95
201506,AA1,81580149,新光國家建設基金,,TWD,23.62
201506,AA1,81585242,新光創新科技基金,,TWD,15.06
201506,AA1,19339782,群益創新科技基金,,TWD,26.15
201506,AA1,20081352,群益店頭市場基金,,TWD,72
201506,AA1,48675778,群益奧斯卡基金,,TWD,21.55
201506,AA1,48749899,群益葛萊美基金,,TWD,18.7
201506,AA1,81591434,群益長安基金,,TWD,21.18
201506,AA1,92028997,群益中小型股基金,,TWD,34.19
201506,AA1,97984293,群益馬拉松基金,,TWD,97.79
201506,AA1,18033138,德信數位時代基金,,TWD,22.96
201506,AA1,26288534,德信台灣主流中小基金,,TWD,15.04
201506,AA1,97972846,德信大發基金,,TWD,26.47
201506,AA1,97997635,聯博大利基金,,TWD,32.35
201506,AA1,17147078,日盛精選五虎基金,,TWD,30.44
201506,AA1,17607591,日盛高科技基金,,TWD,11.3
201506,AA1,20084317,日盛日盛基金,,TWD,10.65
201506,AA1,26273336,日盛MIT主流基金,,TWD,12.4
201506,AA1,48948481,日盛首選基金,,TWD,11.42
201506,AA1,73988876,日盛小而美基金,,TWD,15.66
201506,AA1,81584975,日盛上選基金,,TWD,22.35
201506,AA1,94991068,日盛新台商基金,,TWD,26.16
201506,AA1,20094820,柏瑞巨人基金,,TWD,11.06
201506,AA1,17608487,復華數位經濟基金,,TWD,35.62
201506,AA1,18488279,復華中小精選基金,,TWD,42.21
201506,AA1,21759676,復華全方位基金,,TWD,19.59
201506,AA1,73998086,復華高成長基金,,TWD,44.79
201506,AA1,81587889,復華復華基金,,TWD,14.75
201506,AA1,13998344,永豐中小基金,,TWD,36.66
201506,AA1,17152509,永豐高科技基金,,TWD,16.09
201506,AA1,73992013,永豐領航科技基金,,TWD,23.43
201506,AA1,81594690,永豐永豐基金,,TWD,32
201506,AA1,48809501,中國信託台灣優勢基金,,TWD,14.18
201506,AA1,48893417,中國信託台灣活力基金,,TWD,9.74
201506,AA1,17144889,宏利台灣動力基金,,TWD,21.76
201506,AA1,73982057,宏利臺灣高股息基金,,TWD,21.42
201506,AA1,19330712,貝萊德寶利基金,,TWD,18.24
201506,AA1,00968493,野村鴻運基金,,TWD,18.62
201506,AA1,00988316,野村台灣運籌基金,,TWD,28.43
201506,AA1,01031564,野村積極成長基金,,TWD,10.9
201506,AA1,17146752,野村成長基金,,TWD,26.17
201506,AA1,17600534,野村高科技基金,,TWD,8.12
201506,AA1,18037937,野村ｅ科技基金,,TWD,16.14
201506,AA1,18488469,野村中小基金,,TWD,37.73
201506,AA1,19330754,野村優質基金,,TWD,32.58
201506,AA1,99973878,野村台灣高股息基金,,TWD,19.63
201506,AA1,17597236,聯邦精選科技基金,,TWD,9.18
201506,AA1,18496290,聯邦中國龍基金,,TWD,18.42
201506,AA1,10341251,未來資產台灣新趨勢基金,,TWD,14.3
201506,AA1,17597600,未來資產阿波羅基金,,TWD,8.89
201506,AA1,17604124,德盛台灣大壩基金,,TWD,17.04
201506,AA1,18480065,德盛科技大壩基金,,TWD,22.8
201506,AA1,48997911,德盛安聯台灣智慧趨勢基金,,TWD,19.15
201506,AA1,01031874,國泰小龍基金,,TWD,14.56
201506,AA1,14705562,國泰科技生化基金,,TWD,30.86
201506,AA1,17612497,國泰國泰基金,,TWD,20.15
201506,AA1,18031960,國泰高科技基金,,TWD,9.81
201506,AA1,18043059,國泰中小成長基金,,TWD,41.03
201506,AA1,19291128,國泰大中華基金,,TWD,18.29
201506,AA1,31837449,國泰價值卓越基金,,TWD,12.08
201506,AA1,48948623,國泰台灣計量基金,,TWD,12.55
201506,AA1,13984165,富達台灣成長基金,,TWD,25.86
201506,AA1,14545897,德銀遠東DWS科技基金,,TWD,15.86
201506,AA1,18499732,德銀遠東DWS台灣旗艦基金,,TWD,18.44
201506,AA1,13539952,凱基開創基金,,TWD,18.89
201506,AA1,25612029,凱基台灣精五門基金,,TWD,19.37
201506,AA1,48948834,施羅德樂活中小基金-A類型,,TWD,16.27
201506,AA1,48948834,施羅德樂活中小基金-I類型,,TWD,3528.75
201506,AA1,14694495,華頓台灣基金,,TWD,18.53
201506,AA1,80892778,華頓中小型基金,,TWD,21.13
201506,AA1,10337833,惠理康和台灣紅不讓基金,,TWD,16.25
201506,AA1,15733973,富蘭克林華美第一富基金,,TWD,30.95
201506,AA1,26310297,富蘭克林華美台股傘型基金之高科技基金,,TWD,15.26
201506,AA1,26310310,富蘭克林華美台股傘型基金之傳產基金,,TWD,16.87
201506,AA1,17602821,台新2000高科技基金,,TWD,25.81
201506,AA1,48858663,台新主流基金,,TWD,17.22
201506,AA1,80894446,台新中國通基金,,TWD,29.68
201506,AA1,81588536,台新台灣中小基金,,TWD,24.12
201506,AA1,26320632,合庫台灣基金,,TWD,12.08
201509,AA1,00965469,兆豐國際第一基金,,TWD,11.56
201509,AA1,01050148,兆豐國際國民基金,,TWD,20.56
201509,AA1,10341837,兆豐國際豐台灣基金,,TWD,26.27
201509,AA1,73991751,兆豐國際電子基金,,TWD,19.08
201509,AA1,81584996,兆豐國際中小基金,,TWD,12.08
201509,AA1,15739619,第一金大中華基金,,TWD,18.65
201509,AA1,19341318,第一金電子基金,,TWD,21.42
201509,AA1,20092528,第一金店頭市場基金,,TWD,7.34
201509,AA1,26202396,第一金創新趨勢基金,,TWD,14.76
201509,AA1,73989002,第一金小型精選基金,,TWD,25.51
201509,AA1,01031298,匯豐龍鳳基金,,TWD,38.11
201509,AA1,73987671,匯豐台灣精典基金,,TWD,17.98
201509,AA1,76941376,匯豐成功基金,,TWD,31.64
201509,AA1,92017794,匯豐龍騰電子基金,,TWD,25.51
201509,AA1,97995664,匯豐中小基金,,TWD,8.69
201509,AA1,00974066,元大寶來2001基金,,TWD,50.88
201509,AA1,01032058,元大寶來多福基金,,TWD,48.72
201509,AA1,14542287,元大寶來精準中小基金,,TWD,17.64
201509,AA1,17139204,元大寶來新主流基金,,TWD,18.59
201509,AA1,18036281,元大寶來巴菲特基金,,TWD,21.19
201509,AA1,20080023,元大寶來店頭基金,,TWD,6.59
201509,AA1,77537509,元大寶來多元基金,,TWD,10.63
201509,AA1,81584335,元大寶來高科技基金,,TWD,11.88
201509,AA1,83863951,元大寶來經貿基金,,TWD,27.55
201509,AA1,92001765,元大寶來多多基金,,TWD,15.22
201509,AA1,92004566,元大寶來績效基金,,TWD,35.51
201509,AA1,92026219,元大寶來卓越基金,,TWD,38.14
201509,AA1,17140568,景順主流基金,,TWD,16.07
201509,AA1,73989256,景順台灣科技基金,,TWD,24.94
201509,AA1,92019786,景順潛力基金,,TWD,29.72
201509,AA1,17603899,瀚亞電通網基金,,TWD,10.43
201509,AA1,81595924,瀚亞中小型股基金,,TWD,14.62
201509,AA1,92003102,瀚亞高科技基金,,TWD,42.67
201509,AA1,92012572,瀚亞外銷基金,,TWD,28.57
201509,AA1,97990696,瀚亞菁華基金,,TWD,15.47
201509,AA1,01032183,保德信高成長基金,,TWD,68.4
201509,AA1,13528977,保德信台商全方位基金,,TWD,26.51
201509,AA1,17602625,保德信新世紀基金,,TWD,8.57
201509,AA1,20097447,保德信第一基金,,TWD,19.67
201509,AA1,73990649,保德信科技島基金,,TWD,17.06
201509,AA1,83866508,保德信中小型股基金,,TWD,33.09
201509,AA1,92013967,保德信金滿意基金,,TWD,33.31
201509,AA1,97988636,保德信店頭市場基金,,TWD,25.26
201509,AA1,01031699,統一全天候基金,,TWD,70.43
201509,AA1,17605622,統一大滿貫基金,,TWD,22.29
201509,AA1,48934304,統一台灣動力基金,,TWD,11.93
201509,AA1,73990253,統一奔騰基金,,TWD,39.02
201509,AA1,77537493,統一統信基金,,TWD,23.62
201509,AA1,81581724,統一經建基金,,TWD,30.48
201509,AA1,92002244,統一黑馬基金,,TWD,38.92
201509,AA1,92012762,統一龍馬基金,,TWD,46.65
201509,AA1,97977878,統一中小基金,,TWD,17.52
201509,AA1,00974018,富邦基金,,TWD,9.18
201509,AA1,17148301,富邦台灣心基金,,TWD,15.34
201509,AA1,20089755,富邦精銳中小基金,,TWD,9.71
201509,AA1,81585475,富邦高成長基金,,TWD,17.53
201509,AA1,83864683,富邦科技基金,,TWD,16.92
201509,AA1,92002384,富邦精準基金,,TWD,38.36
201509,AA1,92010477,富邦長紅基金,,TWD,45.71
201509,AA1,92010770,富邦台灣鳳凰基金,,TWD,597.8
201509,AA1,00974039,摩根台灣基金,,TWD,9.87
201509,AA1,01032162,摩根台灣增長基金,,TWD,39.92
201509,AA1,17144945,摩根價值成長基金,,TWD,15.5
201509,AA1,25636367,摩根台灣金磚基金,,TWD,16.08
201509,AA1,73989501,摩根中小基金,,TWD,20.81
201509,AA1,92012025,摩根新興科技基金,,TWD,38.93
201509,AA1,00973762,華南永昌永昌基金,,TWD,12.78
201509,AA1,42298518,華南永昌物聯網精選基金,,TWD,9.2
201509,AA1,92016839,華南永昌前瞻科技基金,,TWD,12.44
201509,AA1,00974241,新光台灣富貴基金,,TWD,19.05
201509,AA1,13986924,新光大三通基金,,TWD,16.42
201509,AA1,73998071,新光店頭基金,,TWD,20.01
201509,AA1,81580149,新光國家建設基金,,TWD,21.17
201509,AA1,81585242,新光創新科技基金,,TWD,13.68
201509,AA1,19339782,群益創新科技基金,,TWD,22.65
201509,AA1,20081352,群益店頭市場基金,,TWD,61.88
201509,AA1,48675778,群益奧斯卡基金,,TWD,18.59
201509,AA1,48749899,群益葛萊美基金,,TWD,16.76
201509,AA1,81591434,群益長安基金,,TWD,18.62
201509,AA1,92028997,群益中小型股基金,,TWD,29.49
201509,AA1,97984293,群益馬拉松基金,,TWD,85.98
201509,AA1,18033138,德信數位時代基金,,TWD,22.17
201509,AA1,26288534,德信台灣主流中小基金,,TWD,13.54
201509,AA1,97972846,德信大發基金,,TWD,23.63
201509,AA1,97997635,聯博大利基金,,TWD,29.1
201509,AA1,17147078,日盛精選五虎基金,,TWD,27.55
201509,AA1,17607591,日盛高科技基金,,TWD,10.06
201509,AA1,20084317,日盛日盛基金,,TWD,9.62
201509,AA1,26273336,日盛MIT主流基金,,TWD,11.24
201509,AA1,48948481,日盛首選基金,,TWD,10.43
201509,AA1,73988876,日盛小而美基金,,TWD,14.65
201509,AA1,81584975,日盛上選基金,,TWD,19.23
201509,AA1,94991068,日盛新台商基金,,TWD,23.98
201509,AA1,20094820,柏瑞巨人基金,,TWD,9.89
201509,AA1,17608487,復華數位經濟基金,,TWD,31.36
201509,AA1,18488279,復華中小精選基金,,TWD,37.54
201509,AA1,21759676,復華全方位基金,,TWD,17.06
201509,AA1,73998086,復華高成長基金,,TWD,38.13
201509,AA1,81587889,復華復華基金,,TWD,12.62
201509,AA1,13998344,永豐中小基金,,TWD,34.01
201509,AA1,17152509,永豐高科技基金,,TWD,14.56
201509,AA1,73992013,永豐領航科技基金,,TWD,21.44
201509,AA1,81594690,永豐永豐基金,,TWD,27.63
201509,AA1,48809501,中國信託台灣優勢基金,,TWD,12.92
201509,AA1,48893417,中國信託台灣活力基金,,TWD,8.78
201509,AA1,17144889,宏利台灣動力基金,,TWD,20.44
201509,AA1,73982057,宏利臺灣高股息基金,,TWD,20.26
201509,AA1,19330712,貝萊德寶利基金,,TWD,16.19
201509,AA1,00968493,野村鴻運基金,,TWD,16.07
201509,AA1,00988316,野村台灣運籌基金,,TWD,25.07
201509,AA1,01031564,野村積極成長基金,,TWD,9.79
201509,AA1,17146752,野村成長基金,,TWD,23.33
201509,AA1,17600534,野村高科技基金,,TWD,7
201509,AA1,18037937,野村ｅ科技基金,,TWD,13.7
201509,AA1,18488469,野村中小基金,,TWD,33.15
201509,AA1,19330754,野村優質基金,,TWD,27.96
201509,AA1,99973878,野村台灣高股息基金,,TWD,16.35
201509,AA1,17597236,聯邦精選科技基金,,TWD,7.94
201509,AA1,18496290,聯邦中國龍基金,,TWD,16.69
201509,AA1,10341251,未來資產台灣新趨勢基金,,TWD,12.82
201509,AA1,17597600,未來資產阿波羅基金,,TWD,7.8
201509,AA1,17604124,德盛台灣大壩基金,,TWD,15.5
201509,AA1,18480065,德盛科技大壩基金,,TWD,20.5
201509,AA1,48997911,德盛安聯台灣智慧趨勢基金,,TWD,17.04
201509,AA1,01031874,國泰小龍基金,,TWD,13.01
201509,AA1,14705562,國泰科技生化基金,,TWD,26.53
201509,AA1,17612497,國泰國泰基金,,TWD,17.54
201509,AA1,18031960,國泰高科技基金,,TWD,8.77
201509,AA1,18043059,國泰中小成長基金,,TWD,37.06
201509,AA1,19291128,國泰大中華基金,,TWD,16.88
201509,AA1,31837449,國泰價值卓越基金,,TWD,11.27
201509,AA1,48948623,國泰台灣計量基金,,TWD,11.51
201509,AA1,13984165,富達台灣成長基金,,TWD,22.84
201509,AA1,14545897,德銀遠東DWS科技基金,,TWD,13.95
201509,AA1,18499732,德銀遠東DWS台灣旗艦基金,,TWD,16.07
201509,AA1,13539952,凱基開創基金,,TWD,17.66
201509,AA1,25612029,凱基台灣精五門基金,,TWD,18.47
201509,AA1,48948834,施羅德樂活中小基金-A類型,,TWD,15.23
201509,AA1,48948834,施羅德樂活中小基金-I類型,,TWD,3316.06
201509,AA1,14694495,華頓台灣基金,,TWD,16.53
201509,AA1,80892778,華頓中小型基金,,TWD,18.84
201509,AA1,15733973,富蘭克林華美第一富基金,,TWD,27.28
201509,AA1,26310297,富蘭克林華美台股傘型基金之高科技基金,,TWD,14.28
201509,AA1,26310310,富蘭克林華美台股傘型基金之傳產基金,,TWD,15.94
201509,AA1,17602821,台新2000高科技基金,,TWD,22.52
201509,AA1,48858663,台新主流基金,,TWD,15.57
201509,AA1,80894446,台新中國通基金,,TWD,27.86
201509,AA1,81588536,台新台灣中小基金,,TWD,23.31
201509,AA1,26320632,合庫台灣基金,,TWD,10.48
201512,AA1,00965469,兆豐國際第一基金,,TWD,11.71
201512,AA1,01050148,兆豐國際國民基金,,TWD,20.64
201512,AA1,10341837,兆豐國際豐台灣基金,,TWD,26.56
201512,AA1,73991751,兆豐國際電子基金,,TWD,20.03
201512,AA1,81584996,兆豐國際中小基金,,TWD,12.29
201512,AA1,15739619,第一金大中華基金,,TWD,18.74
201512,AA1,19341318,第一金電子基金,,TWD,21.55
201512,AA1,20092528,第一金店頭市場基金,,TWD,7.96
201512,AA1,26202396,第一金創新趨勢基金,,TWD,15.12
201512,AA1,73989002,第一金小型精選基金,,TWD,26.16
201512,AA1,01031298,匯豐龍鳳基金,,TWD,37.61
201512,AA1,73987671,匯豐台灣精典基金,,TWD,17.72
201512,AA1,76941376,匯豐成功基金,,TWD,31.22
201512,AA1,92017794,匯豐龍騰電子基金,,TWD,25.82
201512,AA1,97995664,匯豐中小基金,,TWD,8.69
201512,AA1,00974066,元大2001基金,,TWD,51.21
201512,AA1,01032058,元大多福基金,,TWD,49.95
201512,AA1,14542287,元大精準中小基金,,TWD,17.39
201512,AA1,17139204,元大新主流基金,,TWD,18.64
201512,AA1,18036281,元大巴菲特基金,,TWD,21.78
201512,AA1,20080023,元大店頭基金,,TWD,6.92
201512,AA1,81584335,元大高科技基金,,TWD,11.93
201512,AA1,83863951,元大經貿基金,,TWD,27.51
201512,AA1,92001765,元大多多基金,,TWD,15.29
201512,AA1,92004566,元大績效基金,,TWD,35.7
201512,AA1,92026219,元大卓越基金,,TWD,38.43
201512,AA1,17140568,景順主流基金,,TWD,15.77
201512,AA1,73989256,景順台灣科技基金,,TWD,25.16
201512,AA1,92019786,景順潛力基金,,TWD,29.15
201512,AA1,17603899,瀚亞電通網基金,,TWD,11.14
201512,AA1,81595924,瀚亞中小型股基金,,TWD,15.24
201512,AA1,92003102,瀚亞高科技基金,,TWD,45.53
201512,AA1,92012572,瀚亞外銷基金,,TWD,28.76
201512,AA1,97990696,瀚亞菁華基金,,TWD,15.36
201512,AA1,01032183,保德信高成長基金,,TWD,69.06
201512,AA1,13528977,保德信台商全方位基金,,TWD,27.37
201512,AA1,17602625,保德信新世紀基金,,TWD,8.38
201512,AA1,20097447,保德信第一基金,,TWD,19.71
201512,AA1,73990649,保德信科技島基金,,TWD,17.67
201512,AA1,83866508,保德信中小型股基金,,TWD,34.76
201512,AA1,92013967,保德信金滿意基金,,TWD,32.97
201512,AA1,97988636,保德信店頭市場基金,,TWD,26.29
201512,AA1,01031699,統一全天候基金,,TWD,71.99
201512,AA1,17605622,統一大滿貫基金,,TWD,22.83
201512,AA1,48934304,統一台灣動力基金,,TWD,12.07
201512,AA1,73990253,統一奔騰基金,,TWD,40.68
201512,AA1,77537493,統一統信基金,,TWD,24.01
201512,AA1,81581724,統一經建基金,,TWD,31.5
201512,AA1,92002244,統一黑馬基金,,TWD,40.77
201512,AA1,92012762,統一龍馬基金,,TWD,47.93
201512,AA1,97977878,統一中小基金,,TWD,18.02
201512,AA1,00974018,富邦基金,,TWD,9.24
201512,AA1,17148301,富邦台灣心基金,,TWD,15.36
201512,AA1,20089755,富邦精銳中小基金,,TWD,9.54
201512,AA1,81585475,富邦高成長基金,,TWD,17.38
201512,AA1,83864683,富邦科技基金,,TWD,17.16
201512,AA1,92002384,富邦精準基金,,TWD,37.59
201512,AA1,92010477,富邦長紅基金,,TWD,46.25
201512,AA1,92010770,富邦台灣鳳凰基金,,TWD,601.24
201512,AA1,00974039,摩根台灣基金,,TWD,9.85
201512,AA1,01032162,摩根台灣增長基金,,TWD,39.94
201512,AA1,17144945,摩根價值成長基金,,TWD,15.55
201512,AA1,25636367,摩根台灣金磚基金,,TWD,16.25
201512,AA1,73989501,摩根中小基金,,TWD,20.93
201512,AA1,92012025,摩根新興科技基金,,TWD,41.34
201512,AA1,00973762,華南永昌永昌基金,,TWD,12.54
201512,AA1,42298518,華南永昌物聯網精選基金,,TWD,8.76
201512,AA1,92016839,華南永昌前瞻科技基金,,TWD,12.17
201512,AA1,00974241,新光台灣富貴基金,,TWD,19.21
201512,AA1,13986924,新光大三通基金,,TWD,16.8
201512,AA1,73998071,新光店頭基金,,TWD,20.65
201512,AA1,81580149,新光國家建設基金,,TWD,21.77
201512,AA1,81585242,新光創新科技基金,,TWD,14.17
201512,AA1,19339782,群益創新科技基金,,TWD,23.25
201512,AA1,20081352,群益店頭市場基金,,TWD,64.55
201512,AA1,48675778,群益奧斯卡基金,,TWD,19.74
201512,AA1,48749899,群益葛萊美基金,,TWD,17.2
201512,AA1,81591434,群益長安基金,,TWD,18.63
201512,AA1,92028997,群益中小型股基金,,TWD,31.25
201512,AA1,97984293,群益馬拉松基金,,TWD,84.85
201512,AA1,18033138,德信數位時代基金,,TWD,23.84
201512,AA1,26288534,德信台灣主流中小基金,,TWD,14.86
201512,AA1,97972846,德信大發基金,,TWD,24.8
201512,AA1,97997635,聯博大利基金,,TWD,28.61
201512,AA1,17147078,日盛精選五虎基金,,TWD,28.1
201512,AA1,17607591,日盛高科技基金,,TWD,10.74
201512,AA1,20084317,日盛日盛基金,,TWD,9.71
201512,AA1,26273336,日盛MIT主流基金,,TWD,11.64
201512,AA1,48948481,日盛首選基金,,TWD,10.91
201512,AA1,73988876,日盛小而美基金,,TWD,15.77
201512,AA1,81584975,日盛上選基金,,TWD,20.03
201512,AA1,94991068,日盛新台商基金,,TWD,25.14
201512,AA1,20094820,柏瑞巨人基金,,TWD,9.76
201512,AA1,17608487,復華數位經濟基金,,TWD,31.55
201512,AA1,18488279,復華中小精選基金,,TWD,38.75
201512,AA1,21759676,復華全方位基金,,TWD,17.64
201512,AA1,73998086,復華高成長基金,,TWD,38.87
201512,AA1,81587889,復華復華基金,,TWD,13.1
201512,AA1,13998344,永豐中小基金,,TWD,36.23
201512,AA1,17152509,永豐高科技基金,,TWD,15.1
201512,AA1,73992013,永豐領航科技基金,,TWD,23.41
201512,AA1,81594690,永豐永豐基金,,TWD,27.79
201512,AA1,48809501,中國信託台灣優勢基金,,TWD,13.32
201512,AA1,48893417,中國信託台灣活力基金,,TWD,9.24
201512,AA1,17144889,宏利台灣動力基金,,TWD,21.32
201512,AA1,73982057,宏利臺灣高股息基金,,TWD,20.13
201512,AA1,19330712,貝萊德寶利基金,,TWD,16.8
201512,AA1,00968493,野村鴻運基金,,TWD,16.03
201512,AA1,00988316,野村台灣運籌基金,,TWD,25.11
201512,AA1,01031564,野村積極成長基金,,TWD,9.93
201512,AA1,17146752,野村成長基金,,TWD,23.66
201512,AA1,17600534,野村高科技基金,,TWD,7.08
201512,AA1,18037937,野村ｅ科技基金,,TWD,13.88
201512,AA1,18488469,野村中小基金,,TWD,33.94
201512,AA1,19330754,野村優質基金,,TWD,27.38
201512,AA1,99973878,野村台灣高股息基金,,TWD,17.86
201512,AA1,17597236,聯邦精選科技基金,,TWD,7.84
201512,AA1,18496290,聯邦中國龍基金,,TWD,17.82
201512,AA1,10341251,未來資產台灣新趨勢基金,,TWD,13.01
201512,AA1,17597600,未來資產阿波羅基金,,TWD,7.76
201512,AA1,17604124,安聯台灣大壩基金,,TWD,15.71
201512,AA1,18480065,安聯台灣科技基金,,TWD,22.88
201512,AA1,48997911,安聯台灣智慧基金,,TWD,17.86
201512,AA1,01031874,國泰小龍基金,,TWD,12.76
201512,AA1,14705562,國泰科技生化基金,,TWD,26.72
201512,AA1,17612497,國泰國泰基金,,TWD,17.76
201512,AA1,18031960,國泰高科技基金,,TWD,9.33
201512,AA1,18043059,國泰中小成長基金,,TWD,36.7
201512,AA1,19291128,國泰大中華基金,,TWD,16.72
201512,AA1,31837449,國泰價值卓越基金,,TWD,11.25
201512,AA1,48948623,國泰台灣計量基金,,TWD,11.34
201512,AA1,13984165,富達台灣成長基金,,TWD,23.28
201512,AA1,14545897,德銀遠東DWS科技基金,,TWD,13.78
201512,AA1,18499732,德銀遠東DWS台灣旗艦基金,,TWD,15.93
201512,AA1,13539952,凱基開創基金,,TWD,17.98
201512,AA1,25612029,凱基台灣精五門基金,,TWD,18.55
201512,AA1,48948834,施羅德樂活中小基金-A類型,,TWD,15.17
201512,AA1,48948834,施羅德樂活中小基金-I類型,,TWD,3316.29
201512,AA1,14694495,華頓台灣基金,,TWD,16.83
201512,AA1,80892778,華頓中小型基金,,TWD,18.43
201512,AA1,15733973,富蘭克林華美第一富基金,,TWD,28.36
201512,AA1,26310297,富蘭克林華美台股傘型基金之高科技基金,,TWD,14.74
201512,AA1,26310310,富蘭克林華美台股傘型基金之傳產基金,,TWD,16.24
201512,AA1,17602821,台新2000高科技基金,,TWD,23.15
201512,AA1,48858663,台新主流基金,,TWD,15.98
201512,AA1,80894446,台新中國通基金,,TWD,30.23
201512,AA1,81588536,台新台灣中小基金,,TWD,25.46
201512,AA1,26320632,合庫台灣基金,,TWD,10.29
201603,AA1,00965469,兆豐國際第一基金,,TWD,11.76
201603,AA1,01050148,兆豐國際國民基金,,TWD,20.33
201603,AA1,10341837,兆豐國際豐台灣基金,,TWD,26.67
201603,AA1,73991751,兆豐國際電子基金,,TWD,20.25
201603,AA1,81584996,兆豐國際中小基金,,TWD,12.39
201603,AA1,15739619,第一金大中華基金,,TWD,18.57
201603,AA1,19341318,第一金電子基金,,TWD,22.77
201603,AA1,20092528,第一金店頭市場基金,,TWD,8.06
201603,AA1,26202396,第一金創新趨勢基金,,TWD,15.82
201603,AA1,73989002,第一金小型精選基金,,TWD,25.67
201603,AA1,01031298,匯豐龍鳳基金,,TWD,38.76
201603,AA1,73987671,匯豐台灣精典基金,,TWD,18.21
201603,AA1,76941376,匯豐成功基金,,TWD,32.52
201603,AA1,92017794,匯豐龍騰電子基金,,TWD,27.21
201603,AA1,97995664,匯豐中小基金,,TWD,8.73
201603,AA1,00974066,元大2001基金,,TWD,52.64
201603,AA1,01032058,元大多福基金,,TWD,50.71
201603,AA1,14542287,元大精準中小基金,,TWD,18.44
201603,AA1,17139204,元大新主流基金,,TWD,19.76
201603,AA1,18036281,元大巴菲特基金,,TWD,23.26
201603,AA1,20080023,元大店頭基金,,TWD,7.54
201603,AA1,81584335,元大高科技基金,,TWD,12.38
201603,AA1,83863951,元大經貿基金,,TWD,29.27
201603,AA1,92001765,元大多多基金,,TWD,16.13
201603,AA1,92004566,元大績效基金,,TWD,37.45
201603,AA1,92026219,元大卓越基金,,TWD,40.34
201603,AA1,17140568,景順主流基金,,TWD,16.17
201603,AA1,73989256,景順台灣科技基金,,TWD,26.16
201603,AA1,92019786,景順潛力基金,,TWD,29.85
201603,AA1,17603899,瀚亞電通網基金,,TWD,11.33
201603,AA1,81595924,瀚亞中小型股基金,,TWD,15.57
201603,AA1,92003102,瀚亞高科技基金,,TWD,46.18
201603,AA1,92012572,瀚亞外銷基金,,TWD,28.53
201603,AA1,97990696,瀚亞菁華基金,,TWD,15.11
201603,AA1,01032183,保德信高成長基金,,TWD,73.82
201603,AA1,13528977,保德信台商全方位基金,,TWD,29.7
201603,AA1,17602625,保德信新世紀基金,,TWD,8.59
201603,AA1,20097447,保德信第一基金,,TWD,21.69
201603,AA1,73990649,保德信科技島基金,,TWD,19.08
201603,AA1,83866508,保德信中小型股基金,,TWD,38.02
201603,AA1,92013967,保德信金滿意基金,,TWD,33.35
201603,AA1,97988636,保德信店頭市場基金,,TWD,29.78
201603,AA1,01031699,統一全天候基金,,TWD,73.17
201603,AA1,17605622,統一大滿貫基金,,TWD,23.36
201603,AA1,48934304,統一台灣動力基金,,TWD,12.06
201603,AA1,73990253,統一奔騰基金,,TWD,42.38
201603,AA1,77537493,統一統信基金,,TWD,24.63
201603,AA1,81581724,統一經建基金,,TWD,32.37
201603,AA1,92002244,統一黑馬基金,,TWD,43.06
201603,AA1,92012762,統一龍馬基金,,TWD,49
201603,AA1,97977878,統一中小基金,,TWD,17.71
201603,AA1,00974018,富邦基金,,TWD,9.73
201603,AA1,17148301,富邦台灣心基金,,TWD,16.05
201603,AA1,20089755,富邦精銳中小基金,,TWD,9.42
201603,AA1,81585475,富邦高成長基金,,TWD,17.67
201603,AA1,83864683,富邦科技基金,,TWD,17.81
201603,AA1,92002384,富邦精準基金,,TWD,36.7
201603,AA1,92010477,富邦長紅基金,,TWD,48.64
201603,AA1,92010770,富邦台灣鳳凰基金,,TWD,630.84
201603,AA1,00974039,摩根台灣基金,,TWD,10.48
201603,AA1,01032162,摩根台灣增長基金,,TWD,41.97
201603,AA1,17144945,摩根價值成長基金,,TWD,16.76
201603,AA1,25636367,摩根台灣金磚基金,,TWD,17.51
201603,AA1,73989501,摩根中小基金,,TWD,22.43
201603,AA1,92012025,摩根新興科技基金,,TWD,42.42
201603,AA1,00973762,華南永昌永昌基金,,TWD,12.69
201603,AA1,42298518,華南永昌物聯網精選基金,,TWD,8.92
201603,AA1,92016839,華南永昌前瞻科技基金,,TWD,12.14
201603,AA1,00974241,新光台灣富貴基金,,TWD,20.26
201603,AA1,13986924,新光大三通基金,,TWD,17.45
201603,AA1,73998071,新光店頭基金,,TWD,21.94
201603,AA1,81580149,新光國家建設基金,,TWD,22.91
201603,AA1,81585242,新光創新科技基金,,TWD,14.71
201603,AA1,19339782,群益創新科技基金,,TWD,24.6
201603,AA1,20081352,群益店頭市場基金,,TWD,69.23
201603,AA1,48675778,群益奧斯卡基金,,TWD,21.2
201603,AA1,48749899,群益葛萊美基金,,TWD,18.04
201603,AA1,81591434,群益長安基金,,TWD,19.89
201603,AA1,92028997,群益中小型股基金,,TWD,33.14
201603,AA1,97984293,群益馬拉松基金,,TWD,88.15
201603,AA1,18033138,德信數位時代基金,,TWD,26.41
201603,AA1,26288534,德信台灣主流中小基金,,TWD,16.42
201603,AA1,97972846,德信大發基金,,TWD,26.42
201603,AA1,97997635,聯博大利基金,,TWD,29.39
201603,AA1,17147078,日盛精選五虎基金,,TWD,27.89
201603,AA1,17607591,日盛高科技基金,,TWD,11.57
201603,AA1,20084317,日盛日盛基金,,TWD,9.69
201603,AA1,26273336,日盛MIT主流基金,,TWD,12.78
201603,AA1,48948481,日盛首選基金,,TWD,11.61
201603,AA1,73988876,日盛小而美基金,,TWD,17.58
201603,AA1,81584975,日盛上選基金,,TWD,20.52
201603,AA1,94991068,日盛新台商基金,,TWD,26.89
201603,AA1,20094820,柏瑞巨人基金,,TWD,10.09
201603,AA1,17608487,復華數位經濟基金,,TWD,34
201603,AA1,18488279,復華中小精選基金,,TWD,42.85
201603,AA1,21759676,復華全方位基金,,TWD,19.44
201603,AA1,73998086,復華高成長基金,,TWD,42.77
201603,AA1,81587889,復華復華基金,,TWD,14.1
201603,AA1,13998344,永豐中小基金,,TWD,37.71
201603,AA1,17152509,永豐高科技基金,,TWD,15.83
201603,AA1,73992013,永豐領航科技基金,,TWD,24.77
201603,AA1,81594690,永豐永豐基金,,TWD,27.79
201603,AA1,48809501,中國信託台灣優勢基金,,TWD,12.81
201603,AA1,48893417,中國信託台灣活力基金,,TWD,9.59
201603,AA1,17144889,宏利台灣動力基金,,TWD,21.94
201603,AA1,73982057,宏利臺灣高股息基金,,TWD,20.48
201603,AA1,19330712,貝萊德寶利基金,,TWD,17.47
201603,AA1,00968493,野村鴻運基金,,TWD,15.89
201603,AA1,00988316,野村台灣運籌基金,,TWD,25.84
201603,AA1,01031564,野村積極成長基金,,TWD,10.22
201603,AA1,17146752,野村成長基金,,TWD,24.38
201603,AA1,17600534,野村高科技基金,,TWD,7.57
201603,AA1,18037937,野村ｅ科技基金,,TWD,14.81
201603,AA1,18488469,野村中小基金,,TWD,34.66
201603,AA1,19330754,野村優質基金,,TWD,28.46
201603,AA1,99973878,野村台灣高股息基金,,TWD,17.99
201603,AA1,17597236,聯邦精選科技基金,,TWD,8.42
201603,AA1,18496290,聯邦中國龍基金,,TWD,17.61
201603,AA1,10341251,未來資產台灣新趨勢基金,,TWD,13.22
201603,AA1,17597600,未來資產阿波羅基金,,TWD,8.01
201603,AA1,17604124,安聯台灣大壩基金,,TWD,16.41
201603,AA1,18480065,安聯台灣科技基金,,TWD,25.51
201603,AA1,48997911,安聯台灣智慧基金,,TWD,19.2
201603,AA1,01031874,國泰小龍基金,,TWD,13.09
201603,AA1,14705562,國泰科技生化基金,,TWD,27.77
201603,AA1,17612497,國泰國泰基金,,TWD,18.13
201603,AA1,18031960,國泰高科技基金,,TWD,9.83
201603,AA1,18043059,國泰中小成長基金,,TWD,37.56
201603,AA1,19291128,國泰大中華基金,,TWD,16.86
201603,AA1,31837449,國泰價值卓越基金,,TWD,11.53
201603,AA1,48948623,國泰台灣計量基金,,TWD,11.79
201603,AA1,13984165,富達台灣成長基金,,TWD,23.9
201603,AA1,14545897,德銀遠東DWS科技基金,,TWD,14.23
201603,AA1,18499732,德銀遠東DWS台灣旗艦基金,,TWD,16.36
201603,AA1,13539952,凱基開創基金,,TWD,19.09
201603,AA1,25612029,凱基台灣精五門基金,,TWD,19.26
201603,AA1,48948834,施羅德樂活中小基金-A類型,,TWD,15.64
201603,AA1,48948834,施羅德樂活中小基金-I類型,,TWD,3433.96
201603,AA1,14694495,華頓台灣基金,,TWD,17.41
201603,AA1,80892778,華頓中小型基金,,TWD,18.89
201603,AA1,15733973,富蘭克林華美第一富基金,,TWD,28.58
201603,AA1,26310297,富蘭克林華美台股傘型基金之高科技基金,,TWD,14.83
201603,AA1,26310310,富蘭克林華美台股傘型基金之傳產基金,,TWD,16.44
201603,AA1,17602821,台新2000高科技基金,,TWD,24.33
201603,AA1,48858663,台新主流基金,,TWD,16.53
201603,AA1,80894446,台新中國通基金,,TWD,32.75
201603,AA1,81588536,台新台灣中小基金,,TWD,26.88
201603,AA1,26320632,合庫台灣基金,,TWD,10.16
201606,AA1,00965469,兆豐國際第一基金,,TWD,11.4
201606,AA1,01050148,兆豐國際國民基金,,TWD,20.17
201606,AA1,10341837,兆豐國際豐台灣基金,,TWD,26.28
201606,AA1,73991751,兆豐國際電子基金,,TWD,20.28
201606,AA1,81584996,兆豐國際中小基金,,TWD,12.38
201606,AA1,15739619,第一金大中華基金,,TWD,18.14
201606,AA1,19341318,第一金電子基金,,TWD,22.89
201606,AA1,20092528,第一金店頭市場基金,,TWD,7.8
201606,AA1,26202396,第一金創新趨勢基金,,TWD,15.33
201606,AA1,73989002,第一金小型精選基金,,TWD,25.69
201606,AA1,01031298,匯豐龍鳳基金,,TWD,39.11
201606,AA1,73987671,匯豐台灣精典基金,,TWD,18.38
201606,AA1,76941376,匯豐成功基金,,TWD,31.65
201606,AA1,92017794,匯豐龍騰電子基金,,TWD,27.62
201606,AA1,97995664,匯豐中小基金,,TWD,8.62
201606,AA1,00974066,元大2001基金,,TWD,53.7
201606,AA1,01032058,元大多福基金,,TWD,51.18
201606,AA1,14542287,元大精準中小基金,,TWD,18.02
201606,AA1,17139204,元大新主流基金,,TWD,19.49
201606,AA1,18036281,元大巴菲特基金,,TWD,23.87
201606,AA1,20080023,元大店頭基金,,TWD,7.36
201606,AA1,81584335,元大高科技基金,,TWD,12.16
201606,AA1,83863951,元大經貿基金,,TWD,28.11
201606,AA1,92001765,元大多多基金,,TWD,16.31
201606,AA1,92004566,元大績效基金,,TWD,37.31
201606,AA1,92026219,元大卓越基金,,TWD,40.68
201606,AA1,17140568,景順主流基金,,TWD,15.96
201606,AA1,73989256,景順台灣科技基金,,TWD,27.59
201606,AA1,92019786,景順潛力基金,,TWD,29.44
201606,AA1,17603899,瀚亞電通網基金,,TWD,10.96
201606,AA1,81595924,瀚亞中小型股基金,,TWD,15.14
201606,AA1,92003102,瀚亞高科技基金,,TWD,44.47
201606,AA1,92012572,瀚亞外銷基金,,TWD,28.09
201606,AA1,97990696,瀚亞菁華基金,,TWD,14.97
201606,AA1,01032183,保德信高成長基金,,TWD,72.67
201606,AA1,13528977,保德信台商全方位基金,,TWD,29.18
201606,AA1,17602625,保德信新世紀基金,,TWD,8.52
201606,AA1,20097447,保德信第一基金,,TWD,22.08
201606,AA1,73990649,保德信科技島基金,,TWD,18.56
201606,AA1,83866508,保德信中小型股基金,,TWD,37.35
201606,AA1,92013967,保德信金滿意基金,,TWD,33.63
201606,AA1,97988636,保德信店頭市場基金,,TWD,29.21
201606,AA1,01031699,統一全天候基金,,TWD,71.16
201606,AA1,17605622,統一大滿貫基金,,TWD,23.6
201606,AA1,48934304,統一台灣動力基金,,TWD,11.33
201606,AA1,73990253,統一奔騰基金,,TWD,41.41
201606,AA1,77537493,統一統信基金,,TWD,24.64
201606,AA1,81581724,統一經建基金,,TWD,30.96
201606,AA1,92002244,統一黑馬基金,,TWD,41.82
201606,AA1,92012762,統一龍馬基金,,TWD,47.03
201606,AA1,97977878,統一中小基金,,TWD,17.48
201606,AA1,00974018,富邦基金,,TWD,9.3
201606,AA1,17148301,富邦台灣心基金,,TWD,15.35
201606,AA1,20089755,富邦精銳中小基金,,TWD,8.42
201606,AA1,81585475,富邦高成長基金,,TWD,16.93
201606,AA1,83864683,富邦科技基金,,TWD,16.86
201606,AA1,92002384,富邦精準基金,,TWD,33.27
201606,AA1,92010477,富邦長紅基金,,TWD,46.13
201606,AA1,92010770,富邦台灣鳳凰基金,,TWD,600.86
201606,AA1,00974039,摩根台灣基金,,TWD,10.4
201606,AA1,01032162,摩根台灣增長基金,,TWD,41.64
201606,AA1,25636367,摩根台灣金磚基金,,TWD,17.16
201606,AA1,73989501,摩根中小基金,,TWD,21.74
201606,AA1,92012025,摩根新興科技基金,,TWD,43.17
201606,AA1,00973762,華南永昌永昌基金,,TWD,13.23
201606,AA1,42298518,華南永昌物聯網精選基金,,TWD,9.27
201606,AA1,92016839,華南永昌前瞻科技基金,,TWD,12.72
201606,AA1,00974241,新光台灣富貴基金,,TWD,20.3
201606,AA1,13986924,新光大三通基金,,TWD,17.47
201606,AA1,73998071,新光店頭基金,,TWD,21.95
201606,AA1,81580149,新光國家建設基金,,TWD,22.85
201606,AA1,81585242,新光創新科技基金,,TWD,14.42
201606,AA1,19339782,群益創新科技基金,,TWD,23.37
201606,AA1,20081352,群益店頭市場基金,,TWD,67.54
201606,AA1,48675778,群益奧斯卡基金,,TWD,20.27
201606,AA1,48749899,群益葛萊美基金,,TWD,17.87
201606,AA1,81591434,群益長安基金,,TWD,19.23
201606,AA1,92028997,群益中小型股基金,,TWD,33.36
201606,AA1,97984293,群益馬拉松基金,,TWD,87.43
201606,AA1,18033138,德信數位時代基金,,TWD,26.86
201606,AA1,26288534,德信台灣主流中小基金,,TWD,16.65
201606,AA1,97972846,德信大發基金,,TWD,27.06
201606,AA1,97997635,聯博大利基金,,TWD,29.2
201606,AA1,17147078,日盛精選五虎基金,,TWD,28.75
201606,AA1,17607591,日盛高科技基金,,TWD,11.94
201606,AA1,20084317,日盛日盛基金,,TWD,9.77
201606,AA1,26273336,日盛MIT主流基金,,TWD,12.93
201606,AA1,48948481,日盛首選基金,,TWD,12.13
201606,AA1,73988876,日盛小而美基金,,TWD,17.69
201606,AA1,81584975,日盛上選基金,,TWD,21.58
201606,AA1,94991068,日盛新台商基金,,TWD,27.46
201606,AA1,20094820,柏瑞巨人基金,,TWD,9.95
201606,AA1,17608487,復華數位經濟基金,,TWD,34.01
201606,AA1,18488279,復華中小精選基金,,TWD,43.36
201606,AA1,21759676,復華全方位基金,,TWD,19.51
201606,AA1,73998086,復華高成長基金,,TWD,43.85
201606,AA1,81587889,復華復華基金,,TWD,13.99
201606,AA1,13998344,永豐中小基金,,TWD,37.33
201606,AA1,17152509,永豐高科技基金,,TWD,15.9
201606,AA1,73992013,永豐領航科技基金,,TWD,25.45
201606,AA1,81594690,永豐永豐基金,,TWD,27.15
201606,AA1,48809501,中國信託台灣優勢基金,,TWD,13.31
201606,AA1,48893417,中國信託台灣活力基金,,TWD,10.24
201606,AA1,17144889,宏利台灣動力基金,,TWD,22.34
201606,AA1,73982057,宏利臺灣股息收益基金,,TWD,20.83
201606,AA1,19330712,貝萊德寶利基金,,TWD,17.9
201606,AA1,00968493,野村鴻運基金,,TWD,16.52
201606,AA1,00988316,野村台灣運籌基金,,TWD,25.73
201606,AA1,01031564,野村積極成長基金,,TWD,10.22
201606,AA1,17146752,野村成長基金,,TWD,24.38
201606,AA1,17600534,野村高科技基金,,TWD,7.21
201606,AA1,18037937,野村ｅ科技基金,,TWD,14.06
201606,AA1,18488469,野村中小基金,,TWD,34.64
201606,AA1,19330754,野村優質基金,,TWD,28.22
201606,AA1,99973878,野村台灣高股息基金,,TWD,18.55
201606,AA1,17597236,聯邦精選科技基金,,TWD,8.57
201606,AA1,18496290,聯邦中國龍基金,,TWD,17.75
201606,AA1,10341251,未來資產台灣新趨勢基金,,TWD,12.94
201606,AA1,17597600,未來資產阿波羅基金,,TWD,7.96
201606,AA1,17604124,安聯台灣大壩基金,,TWD,16.56
201606,AA1,18480065,安聯台灣科技基金,,TWD,26.57
201606,AA1,48997911,安聯台灣智慧基金,,TWD,19.45
201606,AA1,01031874,國泰小龍基金,,TWD,13.25
201606,AA1,14705562,國泰科技生化基金,,TWD,27.42
201606,AA1,17612497,國泰國泰基金,,TWD,18.1
201606,AA1,18031960,國泰高科技基金,,TWD,9.49
201606,AA1,18043059,國泰中小成長基金,,TWD,37.98
201606,AA1,19291128,國泰大中華基金,,TWD,17.2
201606,AA1,31837449,國泰價值卓越基金,,TWD,11.43
201606,AA1,48948623,國泰台灣計量基金,,TWD,11.54
201606,AA1,13984165,富達台灣成長基金,,TWD,23.94
201606,AA1,14545897,德銀遠東DWS科技基金,,TWD,13.64
201606,AA1,18499732,德銀遠東DWS台灣旗艦基金,,TWD,15.76
201606,AA1,13539952,凱基開創基金,,TWD,19.47
201606,AA1,25612029,凱基台灣精五門基金,,TWD,19.51
201606,AA1,48948834,施羅德樂活中小基金-A類型,,TWD,15.28
201606,AA1,48948834,施羅德樂活中小基金-I類型,,TWD,3367.8
201606,AA1,14694495,華頓台灣基金,,TWD,16.94
201606,AA1,80892778,華頓中小型基金,,TWD,18.67
201606,AA1,15733973,富蘭克林華美第一富基金,,TWD,29.4
201606,AA1,26310297,富蘭克林華美台股傘型基金之高科技基金,,TWD,15.19
201606,AA1,26310310,富蘭克林華美台股傘型基金之傳產基金,,TWD,17.04
201606,AA1,17602821,台新2000高科技基金,,TWD,23.44
201606,AA1,48858663,台新主流基金,,TWD,16.63
201606,AA1,80894446,台新中國通基金,,TWD,33.42
201606,AA1,81588536,台新台灣中小基金,,TWD,27.56
201606,AA1,26320632,合庫台灣基金,,TWD,10.26
201609,AA1,00965469,兆豐國際第一基金,,TWD,12.25
201609,AA1,01050148,兆豐國際國民基金,,TWD,21.38
201609,AA1,10341837,兆豐國際豐台灣基金,,TWD,27.6
201609,AA1,73991751,兆豐國際電子基金,,TWD,21.82
201609,AA1,81584996,兆豐國際中小基金,,TWD,13.21
201609,AA1,15739619,第一金大中華基金,,TWD,19.9
201609,AA1,19341318,第一金電子基金,,TWD,24.52
201609,AA1,20092528,第一金店頭市場基金,,TWD,8.05
201609,AA1,26202396,第一金創新趨勢基金,,TWD,16.69
201609,AA1,73989002,第一金小型精選基金,,TWD,26.84
201609,AA1,01031298,匯豐龍鳳基金,,TWD,42.73
201609,AA1,73987671,匯豐台灣精典基金,,TWD,20.04
201609,AA1,76941376,匯豐成功基金,,TWD,33.94
201609,AA1,92017794,匯豐龍騰電子基金,,TWD,30.49
201609,AA1,97995664,匯豐中小基金,,TWD,9.66
201609,AA1,00974066,元大2001基金,,TWD,55.69
201609,AA1,01032058,元大多福基金,,TWD,52.98
201609,AA1,14542287,元大精準中小基金,,TWD,19.21
201609,AA1,17139204,元大新主流基金,,TWD,20.63
201609,AA1,18036281,元大巴菲特基金,,TWD,25.09
201609,AA1,20080023,元大店頭基金,,TWD,7.68
201609,AA1,81584335,元大高科技基金,,TWD,12.88
201609,AA1,83863951,元大經貿基金,,TWD,30.19
201609,AA1,92001765,元大多多基金,,TWD,17.09
201609,AA1,92004566,元大績效基金,,TWD,39.91
201609,AA1,92026219,元大卓越基金,,TWD,43.22
201609,AA1,17140568,景順主流基金,,TWD,17.79
201609,AA1,73989256,景順台灣科技基金,,TWD,30.01
201609,AA1,92019786,景順潛力基金,,TWD,32.85
201609,AA1,17603899,瀚亞電通網基金,,TWD,11.81
201609,AA1,81595924,瀚亞中小型股基金,,TWD,16.33
201609,AA1,92003102,瀚亞高科技基金,,TWD,47.56
201609,AA1,92012572,瀚亞外銷基金,,TWD,30.8
201609,AA1,97990696,瀚亞菁華基金,,TWD,16.19
201609,AA1,01032183,保德信高成長基金,,TWD,78.77
201609,AA1,13528977,保德信台商全方位基金,,TWD,31.3
201609,AA1,17602625,保德信新世紀基金,,TWD,9.16
201609,AA1,20097447,保德信第一基金,,TWD,23.24
201609,AA1,73990649,保德信科技島基金,,TWD,20.79
201609,AA1,83866508,保德信中小型股基金,,TWD,40.66
201609,AA1,92013967,保德信金滿意基金,,TWD,36.53
201609,AA1,97988636,保德信店頭市場基金,,TWD,31.96
201609,AA1,01031699,統一全天候基金,,TWD,80.79
201609,AA1,17605622,統一大滿貫基金,,TWD,25.6
201609,AA1,48934304,統一台灣動力基金,,TWD,12.72
201609,AA1,73990253,統一奔騰基金,,TWD,44.85
201609,AA1,77537493,統一統信基金,,TWD,26.75
201609,AA1,81581724,統一經建基金,,TWD,33.58
201609,AA1,92002244,統一黑馬基金,,TWD,45.54
201609,AA1,92012762,統一龍馬基金,,TWD,51.28
201609,AA1,97977878,統一中小基金,,TWD,19.88
201609,AA1,00974018,富邦基金,,TWD,10.05
201609,AA1,17148301,富邦台灣心基金,,TWD,16.63
201609,AA1,20089755,富邦精銳中小基金,,TWD,9.3
201609,AA1,81585475,富邦高成長基金,,TWD,18.14
201609,AA1,83864683,富邦科技基金,,TWD,18.68
201609,AA1,92002384,富邦精準基金,,TWD,37.59
201609,AA1,92010477,富邦長紅基金,,TWD,49.17
201609,AA1,92010770,富邦台灣鳳凰基金,,TWD,639.79
201609,AA1,00974039,摩根台灣基金,,TWD,11.9
201609,AA1,01032162,摩根台灣增長基金,,TWD,45.9
201609,AA1,25636367,摩根台灣金磚基金,,TWD,19.66
201609,AA1,73989501,摩根中小基金,,TWD,24.92
201609,AA1,92012025,摩根新興科技基金,,TWD,49.35
201609,AA1,00973762,華南永昌永昌基金,,TWD,14.06
201609,AA1,42298518,華南永昌物聯網精選基金,,TWD,9.91
201609,AA1,92016839,華南永昌前瞻科技基金,,TWD,13.62
201609,AA1,00974241,新光台灣富貴基金,,TWD,21.9
201609,AA1,13986924,新光大三通基金,,TWD,18.95
201609,AA1,73998071,新光店頭基金,,TWD,23.61
201609,AA1,81580149,新光國家建設基金,,TWD,24.54
201609,AA1,81585242,新光創新科技基金,,TWD,15.43
201609,AA1,19339782,群益創新科技基金,,TWD,24.86
201609,AA1,20081352,群益店頭市場基金,,TWD,75.99
201609,AA1,48675778,群益奧斯卡基金,,TWD,23.15
201609,AA1,48749899,群益葛萊美基金,,TWD,19.39
201609,AA1,81591434,群益長安基金,,TWD,21.63
201609,AA1,92028997,群益中小型股基金,,TWD,36.7
201609,AA1,97984293,群益馬拉松基金,,TWD,96.34
201609,AA1,18033138,德信數位時代基金,,TWD,27.43
201609,AA1,26288534,德信台灣主流中小基金,,TWD,16.71
201609,AA1,97972846,德信大發基金,,TWD,27.94
201609,AA1,97997635,聯博大利基金,,TWD,31.42
201609,AA1,17147078,日盛精選五虎基金,,TWD,32.03
201609,AA1,17607591,日盛高科技基金,,TWD,12.56
201609,AA1,20084317,日盛日盛基金,,TWD,10.59
201609,AA1,26273336,日盛MIT主流基金,,TWD,14.32
201609,AA1,48948481,日盛首選基金,,TWD,13.23
201609,AA1,73988876,日盛小而美基金,,TWD,19.04
201609,AA1,81584975,日盛上選基金,,TWD,22.72
201609,AA1,94991068,日盛新台商基金,,TWD,29.49
201609,AA1,20094820,柏瑞巨人基金,,TWD,11.04
201609,AA1,17608487,復華數位經濟基金,,TWD,36.1
201609,AA1,18488279,復華中小精選基金,,TWD,45.51
201609,AA1,21759676,復華全方位基金,,TWD,20.83
201609,AA1,73998086,復華高成長基金,,TWD,46.48
201609,AA1,81587889,復華復華基金,,TWD,14.89
201609,AA1,13998344,永豐中小基金,,TWD,38.75
201609,AA1,17152509,永豐高科技基金,,TWD,17.67
201609,AA1,73992013,永豐領航科技基金,,TWD,27.65
201609,AA1,81594690,永豐永豐基金,,TWD,29.86
201609,AA1,48809501,中國信託台灣優勢基金,,TWD,14.63
201609,AA1,48893417,中國信託台灣活力基金,,TWD,11.07
201609,AA1,17144889,宏利台灣動力基金,,TWD,25.03
201609,AA1,73982057,宏利臺灣股息收益基金,,TWD,23.16
201609,AA1,19330712,貝萊德寶利基金,,TWD,19.67
201609,AA1,00968493,野村鴻運基金,,TWD,18.25
201609,AA1,00988316,野村台灣運籌基金,,TWD,28.63
201609,AA1,01031564,野村積極成長基金,,TWD,11.02
201609,AA1,17146752,野村成長基金,,TWD,26.25
201609,AA1,17600534,野村高科技基金,,TWD,7.96
201609,AA1,18037937,野村ｅ科技基金,,TWD,15.55
201609,AA1,18488469,野村中小基金,,TWD,38.91
201609,AA1,19330754,野村優質基金,,TWD,31.16
201609,AA1,99973878,野村台灣高股息基金,,TWD,19.83
201609,AA1,17597236,聯邦精選科技基金,,TWD,9.3
201609,AA1,18496290,聯邦中國龍基金,,TWD,19.08
201609,AA1,10341251,未來資產台灣新趨勢基金,,TWD,14.81
201609,AA1,17597600,未來資產阿波羅基金,,TWD,9.14
201609,AA1,17604124,安聯台灣大壩基金,,TWD,18.69
201609,AA1,18480065,安聯台灣科技基金,,TWD,29.41
201609,AA1,48997911,安聯台灣智慧基金,,TWD,21.54
201609,AA1,01031874,國泰小龍基金,,TWD,14.15
201609,AA1,14705562,國泰科技生化基金,,TWD,30.61
201609,AA1,17612497,國泰國泰基金,,TWD,20.37
201609,AA1,18031960,國泰高科技基金,,TWD,10.29
201609,AA1,18043059,國泰中小成長基金,,TWD,40.47
201609,AA1,19291128,國泰大中華基金,,TWD,19.34
201609,AA1,31837449,國泰價值卓越基金,,TWD,12.16
201609,AA1,13984165,富達台灣成長基金,,TWD,25.77
201609,AA1,14545897,德銀遠東DWS科技基金,,TWD,14.2
201609,AA1,18499732,德銀遠東DWS台灣旗艦基金,,TWD,16.84
201609,AA1,13539952,凱基開創基金,,TWD,20.58
201609,AA1,25612029,凱基台灣精五門基金,,TWD,21.15
201609,AA1,48948834,施羅德樂活中小基金-A類型,,TWD,16.79
201609,AA1,48948834,施羅德樂活中小基金-I類型,,TWD,3714.93
201609,AA1,14694495,華頓台灣基金,,TWD,17.16
201609,AA1,80892778,華頓中小型基金,,TWD,20.43
201609,AA1,15733973,富蘭克林華美第一富基金,,TWD,31.38
201609,AA1,26310297,富蘭克林華美台股傘型基金之高科技基金,,TWD,16.68
201609,AA1,26310310,富蘭克林華美台股傘型基金之傳產基金,,TWD,18.14
201609,AA1,17602821,台新2000高科技基金,,TWD,26.91
201609,AA1,48858663,台新主流基金,,TWD,18.72
201609,AA1,80894446,台新中國通基金,,TWD,36.38
201609,AA1,81588536,台新台灣中小基金,,TWD,28.91
201609,AA1,26320632,合庫台灣基金,,TWD,10.81
201612,AA1,00965469,兆豐國際第一基金,,TWD,11.33
201612,AA1,01050148,兆豐國際國民基金,,TWD,20.95
201612,AA1,10341837,兆豐國際豐台灣基金,,TWD,27.6
201612,AA1,73991751,兆豐國際電子基金,,TWD,20.33
201612,AA1,81584996,兆豐國際中小基金,,TWD,12.51
201612,AA1,15739619,第一金大中華基金,,TWD,19.89
201612,AA1,19341318,第一金電子基金,,TWD,23.76
201612,AA1,20092528,第一金店頭市場基金,,TWD,7.58
201612,AA1,26202396,第一金創新趨勢基金,,TWD,16.04
201612,AA1,73989002,第一金小型精選基金,,TWD,25.21
201612,AA1,01031298,匯豐龍鳳基金,,TWD,42.63
201612,AA1,73987671,匯豐台灣精典基金,,TWD,19.99
201612,AA1,76941376,匯豐成功基金,,TWD,34.54
201612,AA1,92017794,匯豐龍騰電子基金,,TWD,29.36
201612,AA1,97995664,匯豐中小基金,,TWD,8.99
201612,AA1,00974066,元大2001基金,,TWD,52.55
201612,AA1,01032058,元大多福基金,,TWD,50.57
201612,AA1,14542287,元大精準中小基金,,TWD,17.49
201612,AA1,17139204,元大新主流基金,,TWD,19.62
201612,AA1,18036281,元大巴菲特基金,,TWD,23.91
201612,AA1,20080023,元大店頭基金,,TWD,7.12
201612,AA1,81584335,元大高科技基金,,TWD,12.2
201612,AA1,83863951,元大經貿基金,,TWD,27.66
201612,AA1,92001765,元大多多基金,,TWD,16.57
201612,AA1,92004566,元大績效基金,,TWD,36.85
201612,AA1,92026219,元大卓越基金,,TWD,41.29
201612,AA1,17140568,景順主流基金,,TWD,16.66
201612,AA1,73989256,景順台灣科技基金,,TWD,28.23
201612,AA1,92019786,景順潛力基金,,TWD,30.75
201612,AA1,17603899,瀚亞電通網基金,,TWD,10.98
201612,AA1,81595924,瀚亞中小型股基金,,TWD,15.26
201612,AA1,92003102,瀚亞高科技基金,,TWD,44.38
201612,AA1,92012572,瀚亞外銷基金,,TWD,28.97
201612,AA1,97990696,瀚亞菁華基金,,TWD,15.37
201612,AA1,01032183,保德信高成長基金,,TWD,74.86
201612,AA1,13528977,保德信台商全方位基金,,TWD,29.07
201612,AA1,17602625,保德信新世紀基金,,TWD,9.13
201612,AA1,20097447,保德信第一基金,,TWD,22.68
201612,AA1,73990649,保德信科技島基金,,TWD,20.13
201612,AA1,83866508,保德信中小型股基金,,TWD,37.73
201612,AA1,92013967,保德信金滿意基金,,TWD,35.15
201612,AA1,97988636,保德信店頭市場基金,,TWD,30.54
201612,AA1,01031699,統一全天候基金,,TWD,74.38
201612,AA1,17605622,統一大滿貫基金,,TWD,24.59
201612,AA1,48934304,統一台灣動力基金,,TWD,11.58
201612,AA1,73990253,統一奔騰基金,,TWD,40.87
201612,AA1,77537493,統一統信基金,,TWD,24.62
201612,AA1,81581724,統一經建基金,,TWD,31.67
201612,AA1,92002244,統一黑馬基金,,TWD,41.7
201612,AA1,92012762,統一龍馬基金,,TWD,48.43
201612,AA1,97977878,統一中小基金,,TWD,18.65
201612,AA1,00974018,富邦基金,,TWD,9.41
201612,AA1,17148301,富邦台灣心基金,,TWD,15.83
201612,AA1,20089755,富邦精銳中小基金,,TWD,8.52
201612,AA1,81585475,富邦高成長基金,,TWD,17.74
201612,AA1,83864683,富邦科技基金,,TWD,17.66
201612,AA1,92002384,富邦精準基金,,TWD,35.08
201612,AA1,92010477,富邦長紅基金,,TWD,48.03
201612,AA1,00974039,摩根台灣基金,,TWD,10.88
201612,AA1,01032162,摩根台灣增長基金,,TWD,44.43
201612,AA1,25636367,摩根台灣金磚基金,,TWD,17.92
201612,AA1,73989501,摩根中小基金,,TWD,22.27
201612,AA1,92012025,摩根新興科技基金,,TWD,47.27
201612,AA1,00973762,華南永昌永昌基金,,TWD,13.68
201612,AA1,42298518,華南永昌物聯網精選基金,,TWD,9.65
201612,AA1,00974241,新光台灣富貴基金,,TWD,20.74
201612,AA1,13986924,新光大三通基金,,TWD,17.39
201612,AA1,73998071,新光店頭基金,,TWD,21.18
201612,AA1,81580149,新光國家建設基金,,TWD,22.88
201612,AA1,81585242,新光創新科技基金,,TWD,14.31
201612,AA1,19339782,群益創新科技基金,,TWD,23.72
201612,AA1,20081352,群益店頭市場基金,,TWD,68.87
201612,AA1,48675778,群益奧斯卡基金,,TWD,20.96
201612,AA1,48749899,群益葛萊美基金,,TWD,17.61
201612,AA1,81591434,群益長安基金,,TWD,19.92
201612,AA1,92028997,群益中小型股基金,,TWD,32.24
201612,AA1,97984293,群益馬拉松基金,,TWD,89.69
201612,AA1,18033138,德信數位時代基金,,TWD,26.67
201612,AA1,26288534,德信台灣主流中小基金,,TWD,15.72
201612,AA1,97972846,德信大發基金,,TWD,26.96
201612,AA1,97997635,聯博大利基金,,TWD,31.11
201612,AA1,17147078,日盛精選五虎基金,,TWD,29.56
201612,AA1,17607591,日盛高科技基金,,TWD,11.55
201612,AA1,20084317,日盛日盛基金,,TWD,9.85
201612,AA1,26273336,日盛MIT主流基金,,TWD,13.12
201612,AA1,48948481,日盛首選基金,,TWD,12.3
201612,AA1,73988876,日盛小而美基金,,TWD,17.57
201612,AA1,81584975,日盛上選基金,,TWD,21.23
201612,AA1,94991068,日盛新台商基金,,TWD,28.21
201612,AA1,20094820,柏瑞巨人基金,,TWD,10.73
201612,AA1,17608487,復華數位經濟基金,,TWD,34.04
201612,AA1,18488279,復華中小精選基金,,TWD,42.71
201612,AA1,21759676,復華全方位基金,,TWD,19.22
201612,AA1,73998086,復華高成長基金,,TWD,43.87
201612,AA1,81587889,復華復華基金,,TWD,13.89
201612,AA1,13998344,永豐中小基金,,TWD,37.83
201612,AA1,17152509,永豐高科技基金,,TWD,15.99
201612,AA1,73992013,永豐領航科技基金,,TWD,26.05
201612,AA1,81594690,永豐永豐基金,,TWD,27.8
201612,AA1,48809501,中國信託台灣優勢基金,,TWD,14.14
201612,AA1,48893417,中國信託台灣活力基金,,TWD,10.58
201612,AA1,17144889,宏利台灣動力基金,,TWD,23.25
201612,AA1,73982057,宏利臺灣股息收益基金,,TWD,22.6
201612,AA1,19330712,貝萊德寶利基金,,TWD,19.15
201612,AA1,00968493,野村鴻運基金,,TWD,17.48
201612,AA1,00988316,野村台灣運籌基金,,TWD,27.67
201612,AA1,01031564,野村積極成長基金,,TWD,10.69
201612,AA1,17146752,野村成長基金,,TWD,25.46
201612,AA1,17600534,野村高科技基金,,TWD,7.47
201612,AA1,18037937,野村ｅ科技基金,,TWD,14.59
201612,AA1,18488469,野村中小基金,,TWD,35.25
201612,AA1,19330754,野村優質基金,,TWD,28.88
201612,AA1,99973878,野村台灣高股息基金,,TWD,19
201612,AA1,17597236,聯邦精選科技基金,,TWD,8.78
201612,AA1,18496290,聯邦中國龍基金,,TWD,18.05
201612,AA1,10341251,未來資產台灣新趨勢基金,,TWD,13.44
201612,AA1,17597600,未來資產阿波羅基金,,TWD,8.27
201612,AA1,17604124,安聯台灣大壩基金,,TWD,17.82
201612,AA1,18480065,安聯台灣科技基金,,TWD,29.01
201612,AA1,48997911,安聯台灣智慧基金,,TWD,20.29
201612,AA1,01031874,國泰小龍基金,,TWD,13.38
201612,AA1,14705562,國泰科技生化基金,,TWD,29.42
201612,AA1,17612497,國泰國泰基金,,TWD,19.32
201612,AA1,18031960,國泰高科技基金,,TWD,9.88
201612,AA1,18043059,國泰中小成長基金,,TWD,37.34
201612,AA1,19291128,國泰大中華基金,,TWD,18.15
201612,AA1,31837449,國泰價值卓越基金,,TWD,11.32
201612,AA1,13984165,富達台灣成長基金,,TWD,25.54
201612,AA1,14545897,德銀遠東DWS科技基金,,TWD,13.33
201612,AA1,18499732,德銀遠東DWS台灣旗艦基金,,TWD,16.05
201612,AA1,13539952,凱基開創基金,,TWD,19.5
201612,AA1,25612029,凱基台灣精五門基金,,TWD,19.62
201612,AA1,48948834,施羅德樂活中小基金-A類型,,TWD,15.56
201612,AA1,48948834,施羅德樂活中小基金-I類型,,TWD,3456.96
201612,AA1,14694495,華頓台灣基金,,TWD,16.8
201612,AA1,80892778,華頓中小型基金,,TWD,18.74
201612,AA1,15733973,富蘭克林華美第一富基金,,TWD,30.5
201612,AA1,26310297,富蘭克林華美台股傘型基金之高科技基金,,TWD,16.04
201612,AA1,26310310,富蘭克林華美台股傘型基金之傳產基金,,TWD,17.41
201612,AA1,17602821,台新2000高科技基金,,TWD,25.76
201612,AA1,48858663,台新主流基金,,TWD,18.78
201612,AA1,80894446,台新中國通基金,,TWD,35.22
201612,AA1,81588536,台新台灣中小基金,,TWD,27.92
201612,AA1,26320632,合庫台灣基金,,TWD,10.29
201703,AA1,00965469,兆豐國際第一基金,,TWD,12.27
201703,AA1,01050148,兆豐國際國民基金,,TWD,21.45
201703,AA1,10341837,兆豐國際豐台灣基金,,TWD,28.84
201703,AA1,73991751,兆豐國際電子基金,,TWD,21.92
201703,AA1,81584996,兆豐國際中小基金,,TWD,13.23
201703,AA1,15739619,第一金大中華基金,,TWD,21.18
201703,AA1,19341318,第一金電子基金,,TWD,26.05
201703,AA1,20092528,第一金店頭市場基金,,TWD,8.23
201703,AA1,26202396,第一金創新趨勢基金,,TWD,17.56
201703,AA1,73989002,第一金小型精選基金,,TWD,27.95
201703,AA1,01031298,匯豐龍鳳基金,,TWD,45.17
201703,AA1,73987671,匯豐台灣精典基金,,TWD,21.16
201703,AA1,76941376,匯豐成功基金,,TWD,35.02
201703,AA1,92017794,匯豐龍騰電子基金,,TWD,32.03
201703,AA1,97995664,匯豐中小基金,,TWD,9.68
201703,AA1,00974066,元大2001基金,,TWD,57.93
201703,AA1,01032058,元大多福基金,,TWD,51.7
201703,AA1,14542287,元大精準中小基金,,TWD,18.44
201703,AA1,17139204,元大新主流基金,,TWD,20.03
201703,AA1,18036281,元大巴菲特基金,,TWD,25.25
201703,AA1,20080023,元大店頭基金,,TWD,7.49
201703,AA1,81584335,元大高科技基金,,TWD,13.41
201703,AA1,83863951,元大經貿基金,,TWD,29.56
201703,AA1,92001765,元大多多基金,,TWD,17.68
201703,AA1,92004566,元大績效基金,,TWD,39.63
201703,AA1,92026219,元大卓越基金,,TWD,44.1
201703,AA1,17140568,景順主流基金,,TWD,17.78
201703,AA1,73989256,景順台灣科技基金,,TWD,31.39
201703,AA1,92019786,景順潛力基金,,TWD,32.73
201703,AA1,17603899,瀚亞電通網基金,,TWD,12.07
201703,AA1,81595924,瀚亞中小型股基金,,TWD,16.3
201703,AA1,92003102,瀚亞高科技基金,,TWD,48.24
201703,AA1,92012572,瀚亞外銷基金,,TWD,31.37
201703,AA1,97990696,瀚亞菁華基金,,TWD,16.74
201703,AA1,01032183,保德信高成長基金,,TWD,76.99
201703,AA1,13528977,保德信台商全方位基金,,TWD,30.04
201703,AA1,17602625,保德信新世紀基金,,TWD,9.07
201703,AA1,20097447,保德信第一基金,,TWD,22.66
201703,AA1,73990649,保德信科技島基金,,TWD,21.41
201703,AA1,83866508,保德信中小型股基金,,TWD,39.49
201703,AA1,92013967,保德信金滿意基金,,TWD,36.36
201703,AA1,97988636,保德信店頭市場基金,,TWD,30.27
201703,AA1,01031699,統一全天候基金,,TWD,81.07
201703,AA1,17605622,統一大滿貫基金,,TWD,26.87
201703,AA1,48934304,統一台灣動力基金,,TWD,12.79
201703,AA1,73990253,統一奔騰基金,,TWD,45.6
201703,AA1,77537493,統一統信基金,,TWD,26.58
201703,AA1,81581724,統一經建基金,,TWD,34.62
201703,AA1,92002244,統一黑馬基金,,TWD,46.01
201703,AA1,92012762,統一龍馬基金,,TWD,53.55
201703,AA1,97977878,統一中小基金,,TWD,21.14
201703,AA1,00974018,富邦基金,,TWD,10.1
201703,AA1,17148301,富邦台灣心基金,,TWD,16.87
201703,AA1,20089755,富邦精銳中小基金,,TWD,9.16
201703,AA1,81585475,富邦高成長基金,,TWD,18.81
201703,AA1,83864683,富邦科技基金,,TWD,19.26
201703,AA1,92002384,富邦精準基金,,TWD,37.28
201703,AA1,92010477,富邦長紅基金,,TWD,50.75
201703,AA1,00974039,摩根台灣基金,,TWD,10.19
201703,AA1,01032162,摩根台灣增長基金,,TWD,45.85
201703,AA1,25636367,摩根台灣金磚基金,,TWD,18.15
201703,AA1,73989501,摩根中小基金,,TWD,22.54
201703,AA1,92012025,摩根新興科技基金,,TWD,50.45
201703,AA1,00973762,華南永昌永昌基金,,TWD,14.61
201703,AA1,42298518,華南永昌物聯網精選基金,,TWD,10.83
201703,AA1,00974241,新光台灣富貴基金,,TWD,21.96
201703,AA1,13986924,新光大三通基金,,TWD,18.26
201703,AA1,73998071,新光店頭基金,,TWD,22.3
201703,AA1,81580149,新光國家建設基金,,TWD,25.09
201703,AA1,81585242,新光創新科技基金,,TWD,14.92
201703,AA1,19339782,群益創新科技基金,,TWD,24.59
201703,AA1,20081352,群益店頭市場基金,,TWD,73.13
201703,AA1,48675778,群益奧斯卡基金,,TWD,22.24
201703,AA1,48749899,群益葛萊美基金,,TWD,18.75
201703,AA1,81591434,群益長安基金,,TWD,21.26
201703,AA1,92028997,群益中小型股基金,,TWD,35.07
201703,AA1,97984293,群益馬拉松基金,,TWD,94.66
201703,AA1,18033138,德信數位時代基金,,TWD,27.44
201703,AA1,26288534,德信台灣主流中小基金,,TWD,16.45
201703,AA1,97972846,德信大發基金,,TWD,28.02
201703,AA1,97997635,聯博大利基金,,TWD,33.79
201703,AA1,17147078,日盛精選五虎基金,,TWD,30.63
201703,AA1,17607591,日盛高科技基金,,TWD,12.99
201703,AA1,20084317,日盛日盛基金,,TWD,10.78
201703,AA1,26273336,日盛MIT主流基金,,TWD,13.41
201703,AA1,48948481,日盛首選基金,,TWD,13
201703,AA1,73988876,日盛小而美基金,,TWD,17.83
201703,AA1,81584975,日盛上選基金,,TWD,23.36
201703,AA1,94991068,日盛新台商基金,,TWD,29.8
201703,AA1,20094820,柏瑞巨人基金,,TWD,11.22
201703,AA1,17608487,復華數位經濟基金,,TWD,37.46
201703,AA1,18488279,復華中小精選基金,,TWD,46.81
201703,AA1,21759676,復華全方位基金,,TWD,21.09
201703,AA1,73998086,復華高成長基金,,TWD,48.62
201703,AA1,81587889,復華復華基金,,TWD,15.13
201703,AA1,13998344,永豐中小基金,,TWD,40.3
201703,AA1,17152509,永豐高科技基金,,TWD,17.19
201703,AA1,73992013,永豐領航科技基金,,TWD,28.54
201703,AA1,81594690,永豐永豐基金,,TWD,29.47
201703,AA1,48809501,中國信託台灣優勢基金,,TWD,14.46
201703,AA1,48893417,中國信託台灣活力基金,,TWD,11.71
201703,AA1,17144889,宏利台灣動力基金,,TWD,24.34
201703,AA1,73982057,宏利臺灣股息收益基金,,TWD,23.21
201703,AA1,19330712,貝萊德寶利基金,,TWD,20.17
201703,AA1,00968493,野村鴻運基金,,TWD,19.54
201703,AA1,00988316,野村台灣運籌基金,,TWD,30.27
201703,AA1,01031564,野村積極成長基金,,TWD,11.2
201703,AA1,17146752,野村成長基金,,TWD,26.68
201703,AA1,17600534,野村高科技基金,,TWD,8.55
201703,AA1,18037937,野村ｅ科技基金,,TWD,16.64
201703,AA1,18488469,野村中小基金,,TWD,38.28
201703,AA1,19330754,野村優質基金,,TWD,31.55
201703,AA1,99973878,野村台灣高股息基金,,TWD,20.95
201703,AA1,17597236,聯邦精選科技基金,,TWD,9.9
201703,AA1,18496290,聯邦中國龍基金,,TWD,19.82
201703,AA1,10341251,未來資產台灣新趨勢基金,,TWD,14.25
201703,AA1,17597600,未來資產阿波羅基金,,TWD,8.74
201703,AA1,17604124,安聯台灣大壩基金,,TWD,19.37
201703,AA1,18480065,安聯台灣科技基金,,TWD,31.9
201703,AA1,48997911,安聯台灣智慧基金,,TWD,22.34
201703,AA1,01031874,國泰小龍基金,,TWD,14.34
201703,AA1,14705562,國泰科技生化基金,,TWD,32.58
201703,AA1,17612497,國泰國泰基金,,TWD,20.96
201703,AA1,18031960,國泰高科技基金,,TWD,10.85
201703,AA1,18043059,國泰中小成長基金,,TWD,40.03
201703,AA1,19291128,國泰大中華基金,,TWD,19.24
201703,AA1,31837449,國泰價值卓越基金,,TWD,12.11
201703,AA1,13984165,富達台灣成長基金,,TWD,26.69
201703,AA1,14545897,德銀遠東DWS科技基金,,TWD,14.14
201703,AA1,18499732,德銀遠東DWS台灣旗艦基金,,TWD,16.62
201703,AA1,13539952,凱基開創基金,,TWD,21.11
201703,AA1,25612029,凱基台灣精五門基金,,TWD,20.2
201703,AA1,48948834,施羅德樂活中小基金-A類型,,TWD,16.66
201703,AA1,48948834,施羅德樂活中小基金-I類型,,TWD,3715.48
201703,AA1,14694495,華頓台灣基金,,TWD,19.76
201703,AA1,80892778,華頓中小型基金,,TWD,21.11
201703,AA1,15733973,富蘭克林華美第一富基金,,TWD,32.24
201703,AA1,26310297,富蘭克林華美台股傘型基金之高科技基金,,TWD,17.27
201703,AA1,26310310,富蘭克林華美台股傘型基金之傳產基金,,TWD,18.05
201703,AA1,17602821,台新2000高科技基金,,TWD,29.66
201703,AA1,48858663,台新主流基金,,TWD,20.22
201703,AA1,80894446,台新中國通基金,,TWD,38.63
201703,AA1,81588536,台新台灣中小基金,,TWD,30.83
201703,AA1,26320632,合庫台灣基金,,TWD,10.64
201703,AA1,42455241,大華銀臺灣Smart Beta基金,,TWD,10.04
201706,AA1,00965469,兆豐國際第一基金,,TWD,12.88
201706,AA1,01050148,兆豐國際國民基金,,TWD,21.88
201706,AA1,10341837,兆豐國際豐台灣基金,,TWD,29.41
201706,AA1,73991751,兆豐國際電子基金,,TWD,22.88
201706,AA1,81584996,兆豐國際中小基金,,TWD,13.37
201706,AA1,15739619,第一金大中華基金,,TWD,21.98
201706,AA1,19341318,第一金電子基金,,TWD,26.56
201706,AA1,20092528,第一金店頭市場基金,,TWD,8.47
201706,AA1,26202396,第一金創新趨勢基金,,TWD,18.65
201706,AA1,73989002,第一金小型精選基金,,TWD,29.35
201706,AA1,01031298,匯豐龍鳳基金,,TWD,48
201706,AA1,73987671,匯豐台灣精典基金,,TWD,22.47
201706,AA1,76941376,匯豐成功基金,,TWD,35.97
201706,AA1,92017794,匯豐龍騰電子基金,,TWD,34.57
201706,AA1,97995664,匯豐中小基金,,TWD,10.11
201706,AA1,00974066,元大2001基金,,TWD,58.19
201706,AA1,01032058,元大多福基金,,TWD,53.94
201706,AA1,14542287,元大精準中小基金,,TWD,19.4
201706,AA1,17139204,元大新主流基金,,TWD,20.96
201706,AA1,18036281,元大巴菲特基金,,TWD,26.51
201706,AA1,20080023,元大店頭基金,,TWD,7.66
201706,AA1,81584335,元大高科技基金,,TWD,14.27
201706,AA1,83863951,元大經貿基金,,TWD,31.26
201706,AA1,92001765,元大多多基金,,TWD,18.71
201706,AA1,92004566,元大績效基金,,TWD,42.3
201706,AA1,92026219,元大卓越基金,,TWD,46.55
201706,AA1,17140568,景順主流基金,,TWD,19.06
201706,AA1,73989256,景順台灣科技基金,,TWD,32.26
201706,AA1,92019786,景順潛力基金,,TWD,35.44
201706,AA1,17603899,瀚亞電通網基金,,TWD,13.26
201706,AA1,81595924,瀚亞中小型股基金,,TWD,17.5
201706,AA1,92003102,瀚亞高科技基金,,TWD,52.63
201706,AA1,92012572,瀚亞外銷基金,,TWD,33.36
201706,AA1,97990696,瀚亞菁華基金,,TWD,18.04
201706,AA1,01032183,保德信高成長基金,,TWD,84.35
201706,AA1,13528977,保德信台商全方位基金,,TWD,32
201706,AA1,17602625,保德信新世紀基金,,TWD,9.43
201706,AA1,20097447,保德信第一基金,,TWD,24.23
201706,AA1,73990649,保德信科技島基金,,TWD,23.33
201706,AA1,83866508,保德信中小型股基金,,TWD,41.49
201706,AA1,92013967,保德信金滿意基金,,TWD,39.02
201706,AA1,97988636,保德信店頭市場基金,,TWD,32.2
201706,AA1,01031699,統一全天候基金,,TWD,86.25
201706,AA1,17605622,統一大滿貫基金,,TWD,28.82
201706,AA1,48934304,統一台灣動力基金,,TWD,13.78
201706,AA1,73990253,統一奔騰基金,,TWD,47.43
201706,AA1,77537493,統一統信基金,,TWD,28.12
201706,AA1,81581724,統一經建基金,,TWD,37.1
201706,AA1,92002244,統一黑馬基金,,TWD,46.83
201706,AA1,92012762,統一龍馬基金,,TWD,57.81
201706,AA1,97977878,統一中小基金,,TWD,22.4
201706,AA1,00974018,富邦基金,,TWD,10.8
201706,AA1,17148301,富邦台灣心基金,,TWD,18.06
201706,AA1,20089755,富邦精銳中小基金,,TWD,9.83
201706,AA1,81585475,富邦高成長基金,,TWD,20.11
201706,AA1,83864683,富邦科技基金,,TWD,20.41
201706,AA1,92002384,富邦精準基金,,TWD,39.31
201706,AA1,92010477,富邦長紅基金,,TWD,54.65
201706,AA1,00974039,摩根台灣基金,,TWD,11.1
201706,AA1,01032162,摩根台灣增長基金,,TWD,49.37
201706,AA1,25636367,摩根台灣金磚基金,,TWD,19.91
201706,AA1,73989501,摩根中小基金,,TWD,24.44
201706,AA1,92012025,摩根新興科技基金,,TWD,55.46
201706,AA1,00973762,華南永昌永昌基金,,TWD,15.67
201706,AA1,42298518,華南永昌物聯網精選基金,,TWD,11.12
201706,AA1,00974241,新光台灣富貴基金,,TWD,22.18
201706,AA1,13986924,新光大三通基金,,TWD,19.3
201706,AA1,73998071,新光店頭基金,,TWD,22.64
201706,AA1,81580149,新光國家建設基金,,TWD,25.52
201706,AA1,81585242,新光創新科技基金,,TWD,14.99
201706,AA1,19339782,群益創新科技基金,,TWD,26.75
201706,AA1,20081352,群益店頭市場基金,,TWD,76.27
201706,AA1,48675778,群益奧斯卡基金,,TWD,23.35
201706,AA1,48749899,群益葛萊美基金,,TWD,20.19
201706,AA1,81591434,群益長安基金,,TWD,22.06
201706,AA1,92028997,群益中小型股基金,,TWD,36.11
201706,AA1,97984293,群益馬拉松基金,,TWD,103.72
201706,AA1,18033138,德信數位時代基金,,TWD,27.85
201706,AA1,26288534,德信台灣主流中小基金,,TWD,16.94
201706,AA1,97972846,德信大發基金,,TWD,29.01
201706,AA1,97997635,聯博大利基金,,TWD,36.72
201706,AA1,17147078,日盛精選五虎基金,,TWD,31.58
201706,AA1,17607591,日盛高科技基金,,TWD,13.32
201706,AA1,20084317,日盛日盛基金,,TWD,11.05
201706,AA1,26273336,日盛MIT主流基金,,TWD,13.97
201706,AA1,48948481,日盛首選基金,,TWD,13.41
201706,AA1,73988876,日盛小而美基金,,TWD,18.29
201706,AA1,81584975,日盛上選基金,,TWD,24.57
201706,AA1,94991068,日盛新台商基金,,TWD,29.86
201706,AA1,20094820,柏瑞巨人基金,,TWD,12.07
201706,AA1,17608487,復華數位經濟基金,,TWD,38.55
201706,AA1,18488279,復華中小精選基金,,TWD,47.53
201706,AA1,21759676,復華全方位基金,,TWD,21.66
201706,AA1,73998086,復華高成長基金,,TWD,50.71
201706,AA1,81587889,復華復華基金,,TWD,15.83
201706,AA1,13998344,永豐中小基金,,TWD,41.55
201706,AA1,17152509,永豐高科技基金,,TWD,17.57
201706,AA1,73992013,永豐領航科技基金,,TWD,28.9
201706,AA1,81594690,永豐永豐基金,,TWD,29.74
201706,AA1,48809501,中國信託台灣優勢基金,,TWD,15.32
201706,AA1,48893417,中國信託台灣活力基金,,TWD,12.19
201706,AA1,17144889,宏利台灣動力基金,,TWD,26.19
201706,AA1,73982057,宏利臺灣股息收益基金,,TWD,24.77
201706,AA1,19330712,貝萊德寶利基金,,TWD,21.36
201706,AA1,00968493,野村鴻運基金,,TWD,20.86
201706,AA1,00988316,野村台灣運籌基金,,TWD,33.3
201706,AA1,01031564,野村積極成長基金,,TWD,11.92
201706,AA1,17146752,野村成長基金,,TWD,28.38
201706,AA1,17600534,野村高科技基金,,TWD,8.85
201706,AA1,18037937,野村ｅ科技基金,,TWD,17.23
201706,AA1,18488469,野村中小基金,,TWD,39.69
201706,AA1,19330754,野村優質基金,,TWD,33.99
201706,AA1,99973878,野村台灣高股息基金,,TWD,21.19
201706,AA1,17597236,聯邦精選科技基金,,TWD,10.39
201706,AA1,18496290,聯邦中國龍基金,,TWD,20.88
201706,AA1,10341251,未來資產台灣新趨勢基金,,TWD,14.88
201706,AA1,17597600,未來資產阿波羅基金,,TWD,9.15
201706,AA1,17604124,安聯台灣大壩基金,,TWD,20.45
201706,AA1,18480065,安聯台灣科技基金,,TWD,33.26
201706,AA1,48997911,安聯台灣智慧基金,,TWD,23.37
201706,AA1,01031874,國泰小龍基金,,TWD,14.87
201706,AA1,14705562,國泰科技生化基金,,TWD,33.4
201706,AA1,17612497,國泰國泰基金,,TWD,21.55
201706,AA1,18031960,國泰高科技基金,,TWD,11.11
201706,AA1,18043059,國泰中小成長基金,,TWD,41.49
201706,AA1,19291128,國泰大中華基金,,TWD,20.24
201706,AA1,31837449,國泰價值卓越基金,,TWD,12.53
201706,AA1,13984165,富達台灣成長基金,,TWD,28.62
201706,AA1,14545897,德銀遠東DWS科技基金,,TWD,14.99
201706,AA1,18499732,德銀遠東DWS台灣旗艦基金,,TWD,17.45
201706,AA1,13539952,凱基開創基金,,TWD,21.84
201706,AA1,25612029,凱基台灣精五門基金,,TWD,20.46
201706,AA1,48948834,施羅德樂活中小基金-A類型,,TWD,17.7
201706,AA1,48948834,施羅德樂活中小基金-I類型,,TWD,3963.06
201706,AA1,14694495,華頓台灣基金,,TWD,20.55
201706,AA1,80892778,華頓中小型基金,,TWD,21.77
201706,AA1,15733973,富蘭克林華美第一富基金,,TWD,33.24
201706,AA1,26310297,富蘭克林華美台股傘型基金之高科技基金,,TWD,18.25
201706,AA1,26310310,富蘭克林華美台股傘型基金之傳產基金,,TWD,18.03
201706,AA1,17602821,台新2000高科技基金,,TWD,30.09
201706,AA1,48858663,台新主流基金,,TWD,20.55
201706,AA1,80894446,台新中國通基金,,TWD,38.05
201706,AA1,81588536,台新台灣中小基金,,TWD,32.35
201706,AA1,26320632,合庫台灣基金,,TWD,10.94
201706,AA1,42455241,大華銀臺灣Smart Beta基金,,TWD,10.51
201709,AA1,00965469,兆豐國際第一基金,,TWD,13.55
201709,AA1,01050148,兆豐國際國民基金,,TWD,23.76
201709,AA1,10341837,兆豐國際豐台灣基金,,TWD,29.64
201709,AA1,73991751,兆豐國際電子基金,,TWD,24.97
201709,AA1,81584996,兆豐國際中小基金,,TWD,14.6
201709,AA1,15739619,第一金大中華基金,,TWD,23.89
201709,AA1,19341318,第一金電子基金,,TWD,29.8
201709,AA1,20092528,第一金店頭市場基金,,TWD,8.92
201709,AA1,26202396,第一金創新趨勢基金,,TWD,20.24
201709,AA1,73989002,第一金小型精選基金,,TWD,33.09
201709,AA1,01031298,匯豐龍鳳基金,,TWD,50.15
201709,AA1,73987671,匯豐台灣精典基金,,TWD,23.45
201709,AA1,76941376,匯豐成功基金,,TWD,36.6
201709,AA1,92017794,匯豐龍騰電子基金,,TWD,36.65
201709,AA1,97995664,匯豐中小基金,,TWD,10.94
201709,AA1,00974066,元大2001基金,,TWD,64.93
201709,AA1,01032058,元大多福基金,,TWD,55.78
201709,AA1,14542287,元大精準中小基金,,TWD,22.17
201709,AA1,17139204,元大新主流基金,,TWD,23.3
201709,AA1,18036281,元大巴菲特基金,,TWD,29.69
201709,AA1,20080023,元大店頭基金,,TWD,8.28
201709,AA1,81584335,元大高科技基金,,TWD,16.23
201709,AA1,83863951,元大經貿基金,,TWD,35.48
201709,AA1,92001765,元大多多基金,,TWD,19.86
201709,AA1,92004566,元大績效基金,,TWD,48.2
201709,AA1,92026219,元大卓越基金,,TWD,51.45
201709,AA1,17140568,景順主流基金,,TWD,19.66
201709,AA1,73989256,景順台灣科技基金,,TWD,34.13
201709,AA1,92019786,景順潛力基金,,TWD,37.14
201709,AA1,17603899,瀚亞電通網基金,,TWD,14.65
201709,AA1,81595924,瀚亞中小型股基金,,TWD,20.27
201709,AA1,92003102,瀚亞高科技基金,,TWD,56.93
201709,AA1,92012572,瀚亞外銷基金,,TWD,38.46
201709,AA1,97990696,瀚亞菁華基金,,TWD,20.42
201709,AA1,01032183,保德信高成長基金,,TWD,87.78
201709,AA1,13528977,保德信台商全方位基金,,TWD,34.37
201709,AA1,17602625,保德信新世紀基金,,TWD,9.44
201709,AA1,20097447,保德信第一基金,,TWD,25.02
201709,AA1,73990649,保德信科技島基金,,TWD,24.77
201709,AA1,83866508,保德信中小型股基金,,TWD,46.01
201709,AA1,92013967,保德信金滿意基金,,TWD,40.3
201709,AA1,97988636,保德信店頭市場基金,,TWD,34.87
201709,AA1,01031699,統一全天候基金,,TWD,97.5
201709,AA1,17605622,統一大滿貫基金,,TWD,32.33
201709,AA1,48934304,統一台灣動力基金,,TWD,15.63
201709,AA1,73990253,統一奔騰基金,,TWD,51.9
201709,AA1,77537493,統一統信基金,,TWD,30.77
201709,AA1,81581724,統一經建基金,,TWD,40.99
201709,AA1,92002244,統一黑馬基金,,TWD,52.01
201709,AA1,92012762,統一龍馬基金,,TWD,65.84
201709,AA1,97977878,統一中小基金,,TWD,24.36
201709,AA1,00974018,富邦基金,,TWD,11.65
201709,AA1,17148301,富邦台灣心基金,,TWD,19.53
201709,AA1,20089755,富邦精銳中小基金,,TWD,10.61
201709,AA1,81585475,富邦高成長基金,,TWD,21.77
201709,AA1,83864683,富邦科技基金,,TWD,22.87
201709,AA1,92002384,富邦精準基金,,TWD,43.13
201709,AA1,92010477,富邦長紅基金,,TWD,58.51
201709,AA1,01032162,摩根台灣增長基金,,TWD,50.89
201709,AA1,25636367,摩根台灣金磚基金,,TWD,21.1
201709,AA1,73989501,摩根中小基金,,TWD,26.34
201709,AA1,92012025,摩根新興科技基金,,TWD,59.47
201709,AA1,00973762,華南永昌永昌基金,,TWD,18.41
201709,AA1,42298518,華南永昌物聯網精選基金,,TWD,12.97
201709,AA1,00974241,新光台灣富貴基金,,TWD,22.33
201709,AA1,13986924,新光大三通基金,,TWD,19.18
201709,AA1,73998071,新光店頭基金,,TWD,23.87
201709,AA1,81580149,新光國家建設基金,,TWD,26.58
201709,AA1,81585242,新光創新科技基金,,TWD,14.71
201709,AA1,19339782,群益創新科技基金,,TWD,29.42
201709,AA1,20081352,群益店頭市場基金,,TWD,87.17
201709,AA1,48675778,群益奧斯卡基金,,TWD,25.37
201709,AA1,48749899,群益葛萊美基金,,TWD,22.14
201709,AA1,81591434,群益長安基金,,TWD,24.72
201709,AA1,92028997,群益中小型股基金,,TWD,40.12
201709,AA1,97984293,群益馬拉松基金,,TWD,114.25
201709,AA1,18033138,德信數位時代基金,,TWD,30.33
201709,AA1,26288534,德信台灣主流中小基金,,TWD,18.3
201709,AA1,97972846,德信大發基金,,TWD,30.19
201709,AA1,97997635,聯博大利基金,,TWD,37.59
201709,AA1,17147078,日盛精選五虎基金,,TWD,34.41
201709,AA1,17607591,日盛高科技基金,,TWD,15.19
201709,AA1,20084317,日盛日盛基金,,TWD,13
201709,AA1,26273336,日盛MIT主流基金,,TWD,15.24
201709,AA1,48948481,日盛首選基金,,TWD,15.18
201709,AA1,73988876,日盛小而美基金,,TWD,19.81
201709,AA1,81584975,日盛上選基金,,TWD,28.85
201709,AA1,94991068,日盛新台商基金,,TWD,33.92
201709,AA1,20094820,柏瑞巨人基金,,TWD,12.52
201709,AA1,17608487,復華數位經濟基金,,TWD,45.74
201709,AA1,18488279,復華中小精選基金,,TWD,55.85
201709,AA1,21759676,復華全方位基金,,TWD,25.12
201709,AA1,73998086,復華高成長基金,,TWD,57.43
201709,AA1,81587889,復華復華基金,,TWD,18.17
201709,AA1,13998344,永豐中小基金,,TWD,46.89
201709,AA1,17152509,永豐高科技基金,,TWD,20.35
201709,AA1,73992013,永豐領航科技基金,,TWD,33.22
201709,AA1,81594690,永豐永豐基金,,TWD,32.11
201709,AA1,48809501,中國信託台灣優勢基金,,TWD,16.43
201709,AA1,48893417,中國信託台灣活力基金,,TWD,13.58
201709,AA1,17144889,宏利台灣動力基金,,TWD,28.53
201709,AA1,73982057,宏利臺灣股息收益基金,,TWD,26.28
201709,AA1,19330712,貝萊德寶利基金,,TWD,22.62
201709,AA1,00968493,野村鴻運基金,,TWD,21.88
201709,AA1,00988316,野村台灣運籌基金,,TWD,35.67
201709,AA1,01031564,野村積極成長基金,,TWD,12.55
201709,AA1,17146752,野村成長基金,,TWD,29.88
201709,AA1,17600534,野村高科技基金,,TWD,9.97
201709,AA1,18037937,野村ｅ科技基金,,TWD,19.48
201709,AA1,18488469,野村中小基金,,TWD,43.63
201709,AA1,19330754,野村優質基金,,TWD,35.54
201709,AA1,99973878,野村台灣高股息基金,,TWD,21.16
201709,AA1,17597236,聯邦精選科技基金,,TWD,11.9
201709,AA1,18496290,聯邦中國龍基金,,TWD,23.84
201709,AA1,10341251,未來資產台灣新趨勢基金,,TWD,17.13
201709,AA1,17597600,未來資產阿波羅基金,,TWD,10.56
201709,AA1,17604124,安聯台灣大壩基金,,TWD,23.14
201709,AA1,18480065,安聯台灣科技基金,,TWD,38.45
201709,AA1,48997911,安聯台灣智慧基金,,TWD,26.56
201709,AA1,01031874,國泰小龍基金,,TWD,15.9
201709,AA1,14705562,國泰科技生化基金,,TWD,36.36
201709,AA1,17612497,國泰國泰基金,,TWD,23.38
201709,AA1,18031960,國泰高科技基金,,TWD,12.54
201709,AA1,18043059,國泰中小成長基金,,TWD,44.87
201709,AA1,19291128,國泰大中華基金,,TWD,21.4
201709,AA1,31837449,國泰價值卓越基金,,TWD,14.07
201709,AA1,13984165,富達台灣成長基金,,TWD,29.25
201709,AA1,18499732,德銀遠東DWS台灣旗艦基金,,TWD,17.61
201709,AA1,13539952,凱基開創基金,,TWD,24.36
201709,AA1,25612029,凱基台灣精五門基金,,TWD,20.8
201709,AA1,48948834,施羅德樂活中小基金-A類型,,TWD,18.64
201709,AA1,48948834,施羅德樂活中小基金-I類型,,TWD,4191.96
201709,AA1,14694495,華頓台灣基金,,TWD,22.72
201709,AA1,80892778,華頓中小型基金,,TWD,23.07
201709,AA1,15733973,富蘭克林華美第一富基金,,TWD,36.79
201709,AA1,26310297,富蘭克林華美台股傘型基金之高科技基金,,TWD,19.85
201709,AA1,26310310,富蘭克林華美台股傘型基金之傳產基金,,TWD,18.84
201709,AA1,17602821,台新2000高科技基金,,TWD,34.15
201709,AA1,48858663,台新主流基金,,TWD,23.26
201709,AA1,80894446,台新中國通基金,,TWD,44.94
201709,AA1,81588536,台新台灣中小基金,,TWD,36.61
201709,AA1,26320632,合庫台灣基金,,TWD,11.13
201709,AA1,42455241,大華銀臺灣Smart Beta基金,,TWD,10.61
201709,AA1,42532205,路博邁AR台灣股票基金T累積級別(新臺幣),,TWD,9.83
201709,AA1,42532205,路博邁AR台灣股票基金T月配級別(新臺幣),,TWD,9.83
201712,AA1,00965469,兆豐國際第一基金,,TWD,13.55
201712,AA1,01050148,兆豐國際國民基金,,TWD,24.42
201712,AA1,10341837,兆豐國際豐台灣基金,,TWD,31.81
201712,AA1,73991751,兆豐國際電子基金,,TWD,26.06
201712,AA1,81584996,兆豐國際中小基金,,TWD,15.49
201712,AA1,15739619,第一金大中華基金,,TWD,25.09
201712,AA1,19341318,第一金電子基金,,TWD,30.92
201712,AA1,20092528,第一金店頭市場基金,,TWD,9.23
201712,AA1,26202396,第一金創新趨勢基金,,TWD,21.02
201712,AA1,73989002,第一金小型精選基金,,TWD,35.17
201712,AA1,01031298,匯豐龍鳳基金,,TWD,51.25
201712,AA1,73987671,匯豐台灣精典基金,,TWD,23.95
201712,AA1,76941376,匯豐成功基金,,TWD,38.35
201712,AA1,92017794,匯豐龍騰電子基金,,TWD,37.39
201712,AA1,00974066,元大2001基金,,TWD,64.66
201712,AA1,01032058,元大多福基金,,TWD,54.46
201712,AA1,14542287,元大精準中小基金,,TWD,22.5
201712,AA1,17139204,元大新主流基金,,TWD,24.09
201712,AA1,18036281,元大巴菲特基金,,TWD,30.53
201712,AA1,20080023,元大店頭基金,,TWD,8.33
201712,AA1,81584335,元大高科技基金,,TWD,16.94
201712,AA1,83863951,元大經貿基金,,TWD,36
201712,AA1,92001765,元大多多基金,,TWD,19.17
201712,AA1,92004566,元大績效基金,,TWD,50.16
201712,AA1,92026219,元大卓越基金,,TWD,52.49
201712,AA1,17140568,景順主流基金,,TWD,19.54
201712,AA1,73989256,景順台灣科技基金,,TWD,35.8
201712,AA1,92019786,景順潛力基金,,TWD,36.42
201712,AA1,17603899,瀚亞電通網基金,,TWD,15.25
201712,AA1,81595924,瀚亞中小型股基金,,TWD,21.53
201712,AA1,92003102,瀚亞高科技基金,,TWD,58.73
201712,AA1,92012572,瀚亞外銷基金,,TWD,40.89
201712,AA1,97990696,瀚亞菁華基金,,TWD,21.96
201712,AA1,01032183,保德信高成長基金,,TWD,86.76
201712,AA1,13528977,保德信台商全方位基金,,TWD,33.83
201712,AA1,17602625,保德信新世紀基金,,TWD,10
201712,AA1,20097447,保德信第一基金,,TWD,25.04
201712,AA1,73990649,保德信科技島基金,,TWD,24.66
201712,AA1,83866508,保德信中小型股基金,,TWD,44.73
201712,AA1,92013967,保德信金滿意基金,,TWD,40.37
201712,AA1,97988636,保德信店頭市場基金,,TWD,34.69
201712,AA1,01031699,統一全天候基金,,TWD,101.63
201712,AA1,17605622,統一大滿貫基金,,TWD,33.01
201712,AA1,48934304,統一台灣動力基金,,TWD,16.27
201712,AA1,73990253,統一奔騰基金,,TWD,54.85
201712,AA1,77537493,統一統信基金,,TWD,31.73
201712,AA1,81581724,統一經建基金,,TWD,42.83
201712,AA1,92002244,統一黑馬基金,,TWD,55.02
201712,AA1,92012762,統一龍馬基金,,TWD,68
201712,AA1,97977878,統一中小基金,,TWD,25.42
201712,AA1,00974018,富邦基金,,TWD,12.33
201712,AA1,17148301,富邦台灣心基金,,TWD,20.77
201712,AA1,20089755,富邦精銳中小基金,,TWD,10.61
201712,AA1,81585475,富邦高成長基金,,TWD,23.08
201712,AA1,83864683,富邦科技基金,,TWD,23.19
201712,AA1,92002384,富邦精準基金,,TWD,44.54
201712,AA1,92010477,富邦長紅基金,,TWD,61.58
201712,AA1,01032162,摩根台灣增長基金,,TWD,50.26
201712,AA1,25636367,摩根台灣金磚基金,,TWD,20.21
201712,AA1,73989501,摩根中小基金,,TWD,24.72
201712,AA1,92012025,摩根新興科技基金,,TWD,57.03
201712,AA1,00973762,華南永昌永昌基金,,TWD,19.89
201712,AA1,42298518,華南永昌物聯網精選基金,,TWD,13.4
201712,AA1,00974241,新光台灣富貴基金,,TWD,23.47
201712,AA1,13986924,新光大三通基金,,TWD,19.26
201712,AA1,73998071,新光店頭基金,,TWD,25.01
201712,AA1,81585242,新光創新科技基金,,TWD,15.04
201712,AA1,19339782,群益創新科技基金,,TWD,30.67
201712,AA1,20081352,群益店頭市場基金,,TWD,94.85
201712,AA1,48675778,群益奧斯卡基金,,TWD,27.36
201712,AA1,48749899,群益葛萊美基金,,TWD,23.39
201712,AA1,81591434,群益長安基金,,TWD,28.86
201712,AA1,92028997,群益中小型股基金,,TWD,44.66
201712,AA1,97984293,群益馬拉松基金,,TWD,115.81
201712,AA1,18033138,德信數位時代基金,,TWD,29.79
201712,AA1,26288534,德信台灣主流中小基金,,TWD,18.48
201712,AA1,97972846,德信大發基金,,TWD,30.45
201712,AA1,97997635,聯博大利基金,,TWD,37.62
201712,AA1,17147078,日盛精選五虎基金,,TWD,37.02
201712,AA1,17607591,日盛高科技基金,,TWD,16.19
201712,AA1,20084317,日盛日盛基金,,TWD,13.5
201712,AA1,26273336,日盛MIT主流基金,,TWD,15.56
201712,AA1,48948481,日盛首選基金,,TWD,15.86
201712,AA1,73988876,日盛小而美基金,,TWD,19.48
201712,AA1,81584975,日盛上選基金,,TWD,30.37
201712,AA1,94991068,日盛新台商基金,,TWD,35.6
201712,AA1,20094820,柏瑞巨人基金,,TWD,12.77
201712,AA1,17608487,復華數位經濟基金,,TWD,51.48
201712,AA1,18488279,復華中小精選基金,,TWD,62.67
201712,AA1,21759676,復華全方位基金,,TWD,26.91
201712,AA1,73998086,復華高成長基金,,TWD,60.94
201712,AA1,81587889,復華復華基金,,TWD,19.33
201712,AA1,13998344,永豐中小基金,,TWD,49.63
201712,AA1,17152509,永豐高科技基金,,TWD,21.5
201712,AA1,73992013,永豐領航科技基金,,TWD,35.61
201712,AA1,81594690,永豐永豐基金,,TWD,32.98
201712,AA1,48809501,中國信託台灣優勢基金,,TWD,16.65
201712,AA1,48893417,中國信託台灣活力基金,,TWD,14.03
201712,AA1,17144889,宏利台灣動力基金,,TWD,30.57
201712,AA1,73982057,宏利臺灣股息收益基金,,TWD,28.17
201712,AA1,19330712,貝萊德寶利基金,,TWD,24.23
201712,AA1,00968493,野村鴻運基金,,TWD,21.23
201712,AA1,00988316,野村台灣運籌基金,,TWD,36.25
201712,AA1,01031564,野村積極成長基金,,TWD,12.38
201712,AA1,17146752,野村成長基金,,TWD,29.34
201712,AA1,17600534,野村高科技基金,,TWD,10.18
201712,AA1,18037937,野村ｅ科技基金,,TWD,19.86
201712,AA1,18488469,野村中小基金,,TWD,45.58
201712,AA1,19330754,野村優質基金,,TWD,34.8
201712,AA1,99973878,野村台灣高股息基金,,TWD,22.03
201712,AA1,17597236,聯邦精選科技基金,,TWD,12.51
201712,AA1,18496290,聯邦中國龍基金,,TWD,24.77
201712,AA1,10341251,未來資產台灣新趨勢基金,,TWD,18.15
201712,AA1,17597600,未來資產阿波羅基金,,TWD,11.23
201712,AA1,17604124,安聯台灣大壩基金,,TWD,24.38
201712,AA1,18480065,安聯台灣科技基金,,TWD,40.93
201712,AA1,48997911,安聯台灣智慧基金,,TWD,27.88
201712,AA1,01031874,國泰小龍基金,,TWD,16.61
201712,AA1,14705562,國泰科技生化基金,,TWD,38.16
201712,AA1,17612497,國泰國泰基金,,TWD,24.45
201712,AA1,18031960,國泰高科技基金,,TWD,12.91
201712,AA1,18043059,國泰中小成長基金,,TWD,45.99
201712,AA1,19291128,國泰大中華基金,,TWD,21.48
201712,AA1,31837449,國泰價值卓越基金,,TWD,14.79
201712,AA1,13984165,富達台灣成長基金,,TWD,29.63
201712,AA1,18499732,德銀遠東DWS台灣旗艦基金,,TWD,17.15
201712,AA1,13539952,凱基開創基金,,TWD,25.67
201712,AA1,25612029,凱基台灣精五門基金,,TWD,20.75
201712,AA1,48948834,施羅德樂活中小基金-A類型,,TWD,19.22
201712,AA1,48948834,施羅德樂活中小基金-I類型,,TWD,4339.67
201712,AA1,14694495,華頓台灣基金,,TWD,24.17
201712,AA1,80892778,華頓中小型基金,,TWD,24.3
201712,AA1,15733973,富蘭克林華美第一富基金,,TWD,39.5
201712,AA1,26310297,富蘭克林華美台股傘型基金之高科技基金,,TWD,20.13
201712,AA1,26310310,富蘭克林華美台股傘型基金之傳產基金,,TWD,19.56
201712,AA1,17602821,台新2000高科技基金,,TWD,36.1
201712,AA1,48858663,台新主流基金,,TWD,24.33
201712,AA1,80894446,台新中國通基金,,TWD,49
201712,AA1,81588536,台新台灣中小基金,,TWD,38.21
201712,AA1,26320632,合庫台灣基金,,TWD,11.31
201712,AA1,42532205,路博邁AR台灣股票基金T累積級別(新臺幣),,TWD,9.85
201712,AA1,42532205,路博邁AR台灣股票基金T月配級別(新臺幣),,TWD,9.76
201803,AA1,00965469,兆豐國際第一基金,,TWD,13.26
201803,AA1,01050148,兆豐國際國民基金,,TWD,23.64
201803,AA1,10341837,兆豐國際豐台灣基金,,TWD,32.16
201803,AA1,73991751,兆豐國際電子基金,,TWD,26.34
201803,AA1,81584996,兆豐國際中小基金,,TWD,14.86
201803,AA1,15739619,第一金大中華基金,,TWD,26.86
201803,AA1,19341318,第一金電子基金,,TWD,33.16
201803,AA1,20092528,第一金店頭市場基金,,TWD,9.71
201803,AA1,26202396,第一金創新趨勢基金,,TWD,23.13
201803,AA1,73989002,第一金小型精選基金,,TWD,38.15
201803,AA1,01031298,匯豐龍鳳基金,,TWD,51.79
201803,AA1,73987671,匯豐台灣精典基金,,TWD,24.15
201803,AA1,76941376,匯豐成功基金,,TWD,38.62
201803,AA1,92017794,匯豐龍騰電子基金,,TWD,38.54
201803,AA1,00974066,元大2001基金,,TWD,66.49
201803,AA1,01032058,元大多福基金,,TWD,57.46
201803,AA1,14542287,元大精準中小基金,,TWD,23.02
201803,AA1,17139204,元大新主流基金,,TWD,26.08
201803,AA1,18036281,元大巴菲特基金,,TWD,30.45
201803,AA1,20080023,元大店頭基金,,TWD,9.27
201803,AA1,81584335,元大高科技基金,,TWD,18.17
201803,AA1,83863951,元大經貿基金,,TWD,38.12
201803,AA1,92001765,元大多多基金,,TWD,19.71
201803,AA1,92004566,元大績效基金,,TWD,54.34
201803,AA1,92026219,元大卓越基金,,TWD,51.8
201803,AA1,17140568,景順主流基金,,TWD,19.69
201803,AA1,73989256,景順台灣科技基金,,TWD,35.39
201803,AA1,92019786,景順潛力基金,,TWD,36.3
201803,AA1,17603899,瀚亞電通網基金,,TWD,15.8
201803,AA1,81595924,瀚亞中小型股基金,,TWD,22.93
201803,AA1,92003102,瀚亞高科技基金,,TWD,60.91
201803,AA1,92012572,瀚亞外銷基金,,TWD,43.18
201803,AA1,97990696,瀚亞菁華基金,,TWD,22.96
201803,AA1,01032183,保德信高成長基金,,TWD,86.99
201803,AA1,13528977,保德信台商全方位基金,,TWD,33.71
201803,AA1,17602625,保德信新世紀基金,,TWD,10.02
201803,AA1,20097447,保德信第一基金,,TWD,25.62
201803,AA1,73990649,保德信科技島基金,,TWD,24.68
201803,AA1,83866508,保德信中小型股基金,,TWD,43.59
201803,AA1,92013967,保德信金滿意基金,,TWD,40.47
201803,AA1,97988636,保德信店頭市場基金,,TWD,34
201803,AA1,01031699,統一全天候基金,,TWD,106.02
201803,AA1,17605622,統一大滿貫基金,,TWD,33.34
201803,AA1,48934304,統一台灣動力基金,,TWD,16.6
201803,AA1,73990253,統一奔騰基金,,TWD,56.38
201803,AA1,77537493,統一統信基金,,TWD,32.23
201803,AA1,81581724,統一經建基金,,TWD,44.89
201803,AA1,92002244,統一黑馬基金,,TWD,57.28
201803,AA1,92012762,統一龍馬基金,,TWD,69.06
201803,AA1,97977878,統一中小基金,,TWD,25.67
201803,AA1,00974018,富邦基金,,TWD,13
201803,AA1,17148301,富邦台灣心基金,,TWD,21.86
201803,AA1,20089755,富邦精銳中小基金,,TWD,11.6
201803,AA1,81585475,富邦高成長基金,,TWD,24.38
201803,AA1,83864683,富邦科技基金,,TWD,24.5
201803,AA1,92002384,富邦精準基金,,TWD,46.59
201803,AA1,92010477,富邦長紅基金,,TWD,64.28
201803,AA1,01032162,摩根台灣增長基金,,TWD,51.37
201803,AA1,25636367,摩根台灣金磚基金,,TWD,20.98
201803,AA1,73989501,摩根中小基金,,TWD,25.23
201803,AA1,92012025,摩根新興科技基金,,TWD,60.05
201803,AA1,00973762,華南永昌永昌基金,,TWD,19.97
201803,AA1,42298518,華南永昌物聯網精選基金,,TWD,13.18
201803,AA1,00974241,新光台灣富貴基金,,TWD,24.05
201803,AA1,13986924,新光大三通基金,,TWD,20.44
201803,AA1,73998071,新光店頭基金,,TWD,25.82
201803,AA1,81585242,新光創新科技基金,,TWD,15.7
201803,AA1,19339782,群益創新科技基金,,TWD,32.52
201803,AA1,20081352,群益店頭市場基金,,TWD,99.44
201803,AA1,48675778,群益奧斯卡基金,,TWD,27.68
201803,AA1,48749899,群益葛萊美基金,,TWD,23.54
201803,AA1,81591434,群益長安基金,,TWD,29.34
201803,AA1,92028997,群益中小型股基金,,TWD,46.55
201803,AA1,97984293,群益馬拉松基金,,TWD,121.47
201803,AA1,18033138,德信數位時代基金,,TWD,28.54
201803,AA1,26288534,德信台灣主流中小基金,,TWD,19.02
201803,AA1,97972846,德信大發基金,,TWD,29.99
201803,AA1,97997635,聯博大利基金,,TWD,37.61
201803,AA1,17147078,日盛精選五虎基金,,TWD,37.8
201803,AA1,17607591,日盛高科技基金,,TWD,17.37
201803,AA1,20084317,日盛日盛基金,,TWD,13.23
201803,AA1,26273336,日盛MIT主流基金,,TWD,15.54
201803,AA1,48948481,日盛首選基金,,TWD,17.37
201803,AA1,73988876,日盛小而美基金,,TWD,19.38
201803,AA1,81584975,日盛上選基金,,TWD,32.89
201803,AA1,94991068,日盛新台商基金,,TWD,38.11
201803,AA1,20094820,柏瑞巨人基金,,TWD,13.05
201803,AA1,17608487,復華數位經濟基金,,TWD,53.86
201803,AA1,18488279,復華中小精選基金,,TWD,66.85
201803,AA1,21759676,復華全方位基金,,TWD,27.53
201803,AA1,73998086,復華高成長基金,,TWD,62.64
201803,AA1,81587889,復華復華基金,,TWD,19.82
201803,AA1,13998344,永豐中小基金,,TWD,50.84
201803,AA1,17152509,永豐高科技基金,,TWD,23.32
201803,AA1,73992013,永豐領航科技基金,,TWD,39.38
201803,AA1,81594690,永豐永豐基金,,TWD,34.53
201803,AA1,48809501,中國信託台灣優勢基金,,TWD,17.63
201803,AA1,48893417,中國信託台灣活力基金,,TWD,14.95
201803,AA1,17144889,宏利台灣動力基金,,TWD,30.96
201803,AA1,73982057,宏利臺灣股息收益基金,,TWD,28.44
201803,AA1,19330712,貝萊德寶利基金,,TWD,25.38
201803,AA1,00968493,野村鴻運基金,,TWD,20.76
201803,AA1,00988316,野村台灣運籌基金,,TWD,36.99
201803,AA1,01031564,野村積極成長基金,,TWD,12.19
201803,AA1,17146752,野村成長基金,,TWD,28.87
201803,AA1,17600534,野村高科技基金,,TWD,11
201803,AA1,18037937,野村ｅ科技基金,,TWD,21.3
201803,AA1,18488469,野村中小基金,,TWD,47.91
201803,AA1,19330754,野村優質基金,,TWD,34.18
201803,AA1,99973878,野村台灣高股息基金,,TWD,22.79
201803,AA1,17597236,聯邦精選科技基金,,TWD,13.19
201803,AA1,18496290,聯邦中國龍基金,,TWD,26.3
201803,AA1,10341251,未來資產台灣新趨勢基金,,TWD,19.78
201803,AA1,17597600,未來資產阿波羅基金,,TWD,12.29
201803,AA1,17604124,安聯台灣大壩基金,,TWD,25.67
201803,AA1,18480065,安聯台灣科技基金,,TWD,45.69
201803,AA1,48997911,安聯台灣智慧基金,,TWD,29.31
201803,AA1,01031874,國泰小龍基金,,TWD,16.54
201803,AA1,14705562,國泰科技生化基金,,TWD,38.02
201803,AA1,17612497,國泰國泰基金,,TWD,23.84
201803,AA1,18031960,國泰高科技基金,,TWD,13.25
201803,AA1,18043059,國泰中小成長基金,,TWD,45.6
201803,AA1,19291128,國泰大中華基金,,TWD,21.62
201803,AA1,31837449,國泰價值卓越基金,,TWD,15.39
201803,AA1,13984165,富達台灣成長基金,,TWD,29.99
201803,AA1,18499732,德銀遠東DWS台灣旗艦基金,,TWD,17.06
201803,AA1,13539952,凱基開創基金,,TWD,27.06
201803,AA1,25612029,凱基台灣精五門基金,,TWD,21.19
201803,AA1,48948834,施羅德樂活中小基金-A類型,,TWD,19.24
201803,AA1,48948834,施羅德樂活中小基金-I類型,,TWD,4361.02
201803,AA1,14694495,華頓台灣基金,,TWD,26.29
201803,AA1,80892778,華頓中小型基金,,TWD,24.83
201803,AA1,15733973,富蘭克林華美第一富基金,,TWD,40.48
201803,AA1,26310297,富蘭克林華美台股傘型基金之高科技基金,,TWD,20.9
201803,AA1,26310310,富蘭克林華美台股傘型基金之傳產基金,,TWD,19.93
201803,AA1,17602821,台新2000高科技基金,,TWD,36.11
201803,AA1,48858663,台新主流基金,,TWD,24.67
201803,AA1,80894446,台新中國通基金,,TWD,48.36
201803,AA1,81588536,台新台灣中小基金,,TWD,38.3
201803,AA1,26320632,合庫台灣基金,,TWD,11.48
201803,AA1,42532205,路博邁AR台灣股票基金T累積級別(新臺幣),,TWD,9.87
201803,AA1,42532205,路博邁AR台灣股票基金T月配級別(新臺幣),,TWD,9.62
201806,AA1,00965469,兆豐國際第一基金,,TWD,13.7
201806,AA1,01050148,兆豐國際國民基金,,TWD,22.98
201806,AA1,10341837,兆豐國際豐台灣基金,,TWD,32.66
201806,AA1,73991751,兆豐國際電子基金,,TWD,26.92
201806,AA1,81584996,兆豐國際中小基金,,TWD,16.85
201806,AA1,15739619,第一金大中華基金,,TWD,29.82
201806,AA1,19341318,第一金電子基金,,TWD,37.3
201806,AA1,20092528,第一金店頭市場基金,,TWD,10.83
201806,AA1,26202396,第一金創新趨勢基金,,TWD,27.64
201806,AA1,73989002,第一金小型精選基金,,TWD,42.99
201806,AA1,01031298,匯豐龍鳳基金-A類型,,TWD,52.91
201806,AA1,01031298,匯豐龍鳳基金-I類型,,TWD,52.91
201806,AA1,73987671,匯豐台灣精典基金,,TWD,24.58
201806,AA1,76941376,匯豐成功基金,,TWD,40.04
201806,AA1,92017794,匯豐龍騰電子基金,,TWD,38.43
201806,AA1,00974066,元大2001基金,,TWD,68.85
201806,AA1,01032058,元大多福基金,,TWD,60.02
201806,AA1,17139204,元大新主流基金,,TWD,31.35
201806,AA1,18036281,元大巴菲特基金,,TWD,30.6
201806,AA1,20080023,元大店頭基金,,TWD,9.57
201806,AA1,81584335,元大高科技基金,,TWD,21.69
201806,AA1,83863951,元大經貿基金,,TWD,43.02
201806,AA1,92001765,元大多多基金,,TWD,22.3
201806,AA1,92004566,元大績效基金,,TWD,64.71
201806,AA1,92026219,元大卓越基金,,TWD,52.36
201806,AA1,17140568,景順主流基金,,TWD,19.26
201806,AA1,73989256,景順台灣科技基金,,TWD,33.95
201806,AA1,92019786,景順潛力基金,,TWD,35.54
201806,AA1,17603899,瀚亞電通網基金,,TWD,16.33
201806,AA1,81595924,瀚亞中小型股基金,,TWD,24.23
201806,AA1,92003102,瀚亞高科技基金,,TWD,62.71
201806,AA1,92012572,瀚亞外銷基金,,TWD,45.66
201806,AA1,97990696,瀚亞菁華基金,,TWD,24.36
201806,AA1,01032183,保德信高成長基金,,TWD,97.04
201806,AA1,13528977,保德信台商全方位基金,,TWD,38.58
201806,AA1,17602625,保德信新世紀基金,,TWD,10.33
201806,AA1,20097447,保德信第一基金,,TWD,28.09
201806,AA1,73990649,保德信科技島基金,,TWD,27.43
201806,AA1,83866508,保德信中小型股基金,,TWD,50.87
201806,AA1,92013967,保德信金滿意基金,,TWD,43.95
201806,AA1,97988636,保德信店頭市場基金,,TWD,36.38
201806,AA1,01031699,統一全天候基金,,TWD,125.62
201806,AA1,17605622,統一大滿貫基金,,TWD,36
201806,AA1,48934304,統一台灣動力基金,,TWD,20.77
201806,AA1,73990253,統一奔騰基金,,TWD,67.63
201806,AA1,77537493,統一統信基金,,TWD,36
201806,AA1,81581724,統一經建基金,,TWD,53.39
201806,AA1,92002244,統一黑馬基金,,TWD,68.3
201806,AA1,92012762,統一龍馬基金,,TWD,79.12
201806,AA1,97977878,統一中小基金,,TWD,29.77
201806,AA1,00974018,富邦基金,,TWD,14.05
201806,AA1,17148301,富邦台灣心基金,,TWD,24.24
201806,AA1,20089755,富邦精銳中小基金,,TWD,12.92
201806,AA1,81585475,富邦高成長基金,,TWD,26.55
201806,AA1,83864683,富邦科技基金,,TWD,27.24
201806,AA1,92002384,富邦精準基金,,TWD,50.44
201806,AA1,92010477,富邦長紅基金,,TWD,69.74
201806,AA1,01032162,摩根台灣增長基金,,TWD,51.84
201806,AA1,25636367,摩根台灣金磚基金,,TWD,21.14
201806,AA1,73989501,摩根中小基金,,TWD,25.28
201806,AA1,92012025,摩根新興科技基金,,TWD,59.82
201806,AA1,00973762,華南永昌永昌基金,,TWD,19.62
201806,AA1,42298518,華南永昌物聯網精選基金,,TWD,12.31
201806,AA1,00974241,新光台灣富貴基金,,TWD,23.42
201806,AA1,13986924,新光大三通基金,,TWD,22.12
201806,AA1,73998071,新光店頭基金,,TWD,27.5
201806,AA1,81585242,新光創新科技基金,,TWD,16.22
201806,AA1,19339782,群益創新科技基金,,TWD,36.38
201806,AA1,20081352,群益店頭市場基金,,TWD,114.17
201806,AA1,48675778,群益奧斯卡基金,,TWD,30.37
201806,AA1,48749899,群益葛萊美基金,,TWD,25.78
201806,AA1,81591434,群益長安基金,,TWD,31.29
201806,AA1,92028997,群益中小型股基金,,TWD,52.27
201806,AA1,97984293,群益馬拉松基金A類型,,TWD,136.02
201806,AA1,97984293,群益馬拉松基金I類型,,TWD,0
201806,AA1,18033138,德信數位時代基金,,TWD,28.19
201806,AA1,26288534,德信台灣主流中小基金,,TWD,20.55
201806,AA1,97972846,德信大發基金,,TWD,30.87
201806,AA1,97997635,聯博大利基金,,TWD,37.54
201806,AA1,17147078,日盛精選五虎基金,,TWD,39.74
201806,AA1,17607591,日盛高科技基金,,TWD,19.65
201806,AA1,20084317,日盛日盛基金,,TWD,15.28
201806,AA1,26273336,日盛MIT主流基金,,TWD,16.05
201806,AA1,48948481,日盛首選基金,,TWD,18.63
201806,AA1,73988876,日盛小而美基金,,TWD,19.5
201806,AA1,81584975,日盛上選基金,,TWD,36.33
201806,AA1,94991068,日盛新台商基金,,TWD,44.62
201806,AA1,20094820,柏瑞巨人基金,,TWD,12.93
201806,AA1,17608487,復華數位經濟基金,,TWD,67.76
201806,AA1,18488279,復華中小精選基金,,TWD,83.74
201806,AA1,21759676,復華全方位基金,,TWD,33.66
201806,AA1,73998086,復華高成長基金,,TWD,73.76
201806,AA1,81587889,復華復華基金,,TWD,23.17
201806,AA1,13998344,永豐中小基金,,TWD,58.51
201806,AA1,17152509,永豐高科技基金,,TWD,28.65
201806,AA1,73992013,永豐領航科技基金,,TWD,45.13
201806,AA1,81594690,永豐永豐基金,,TWD,37.42
201806,AA1,48809501,中國信託台灣優勢基金,,TWD,19.04
201806,AA1,48893417,中國信託台灣活力基金,,TWD,16.8
201806,AA1,17144889,宏利台灣動力基金,,TWD,33.92
201806,AA1,73982057,宏利臺灣股息收益基金,,TWD,28.86
201806,AA1,19330712,貝萊德寶利基金,,TWD,26.52
201806,AA1,00968493,野村鴻運基金,,TWD,21.18
201806,AA1,00988316,野村台灣運籌基金,,TWD,38.84
201806,AA1,01031564,野村積極成長基金,,TWD,12.17
201806,AA1,17146752,野村成長基金,,TWD,28.83
201806,AA1,17600534,野村高科技基金,,TWD,13.42
201806,AA1,18037937,野村ｅ科技基金,,TWD,26.17
201806,AA1,18488469,野村中小基金-累積類型,,TWD,51.39
201806,AA1,18488469,野村中小基金-S類型,,TWD,10
201806,AA1,19330754,野村優質基金-累積類型新臺幣計價,,TWD,36.12
201806,AA1,19330754,野村優質基金-S類型新臺幣計價,,TWD,9.88
201806,AA1,99973878,野村台灣高股息基金,,TWD,22.72
201806,AA1,17597236,聯邦精選科技基金,,TWD,14.02
201806,AA1,18496290,聯邦中國龍基金,,TWD,27.7
201806,AA1,10341251,未來資產台灣新趨勢基金,,TWD,24.58
201806,AA1,17597600,未來資產阿波羅基金,,TWD,15.25
201806,AA1,17604124,安聯台灣大壩基金,,TWD,28.84
201806,AA1,18480065,安聯台灣科技基金,,TWD,48.77
201806,AA1,48997911,安聯台灣智慧基金,,TWD,32.09
201806,AA1,01031874,國泰小龍基金,,TWD,16.02
201806,AA1,14705562,國泰科技生化基金,,TWD,39.46
201806,AA1,17612497,國泰國泰基金台幣級別,,TWD,25.07
201806,AA1,17612497,國泰國泰基金台幣I級別,,TWD,25.07
201806,AA1,18031960,國泰高科技基金,,TWD,14.41
201806,AA1,18043059,國泰中小成長基金,,TWD,47.02
201806,AA1,19291128,國泰大中華基金,,TWD,21.56
201806,AA1,31837449,國泰價值卓越基金,,TWD,17.35
201806,AA1,13984165,富達台灣成長基金,,TWD,30.36
201806,AA1,18499732,德銀遠東DWS台灣旗艦基金,,TWD,16.56
201806,AA1,13539952,凱基開創基金,,TWD,27.2
201806,AA1,25612029,凱基台灣精五門基金,,TWD,21.2
201806,AA1,48948834,施羅德樂活中小基金-A類型,,TWD,20.4
201806,AA1,48948834,施羅德樂活中小基金-I類型,,TWD,4641.34
201806,AA1,14694495,華頓台灣基金,,TWD,34.51
201806,AA1,80892778,華頓中小型基金,,TWD,28.31
201806,AA1,15733973,富蘭克林華美第一富基金,,TWD,43.36
201806,AA1,26310297,富蘭克林華美台股傘型基金之高科技基金,,TWD,20.98
201806,AA1,26310310,富蘭克林華美台股傘型基金之傳產基金,,TWD,20.62
201806,AA1,17602821,台新2000高科技基金,,TWD,36.44
201806,AA1,48858663,台新主流基金,,TWD,24.89
201806,AA1,80894446,台新中國通基金,,TWD,48.81
201806,AA1,81588536,台新台灣中小基金,,TWD,38.25
201806,AA1,26320632,合庫台灣基金,,TWD,11.36
201806,AA1,42532205,路博邁AR台灣股票基金T累積級別(新臺幣),,TWD,10.02
201806,AA1,42532205,路博邁AR台灣股票基金T月配級別(新臺幣),,TWD,9.64
201809,AA1,00965469,兆豐國際第一基金,,TWD,12.59
201809,AA1,01050148,兆豐國際國民基金,,TWD,21.51
201809,AA1,10341837,兆豐國際豐台灣基金,,TWD,33.07
201809,AA1,73991751,兆豐國際電子基金,,TWD,24.36
201809,AA1,81584996,兆豐國際中小基金,,TWD,14.7
201809,AA1,15739619,第一金大中華基金,,TWD,26.33
201809,AA1,19341318,第一金電子基金,,TWD,31.73
201809,AA1,20092528,第一金店頭市場基金,,TWD,8.54
201809,AA1,26202396,第一金創新趨勢基金,,TWD,22.18
201809,AA1,73989002,第一金小型精選基金,,TWD,33.7
201809,AA1,01031298,匯豐龍鳳基金-A類型,,TWD,53
201809,AA1,01031298,匯豐龍鳳基金-I類型,,TWD,53
201809,AA1,73987671,匯豐台灣精典基金,,TWD,24.64
201809,AA1,76941376,匯豐成功基金,,TWD,44.13
201809,AA1,92017794,匯豐龍騰電子基金,,TWD,35.32
201809,AA1,00974066,元大2001基金,,TWD,59.8
201809,AA1,01032058,元大多福基金,,TWD,52.69
201809,AA1,17139204,元大新主流基金,,TWD,24.07
201809,AA1,18036281,元大巴菲特基金,,TWD,27.1
201809,AA1,20080023,元大店頭基金,,TWD,7.97
201809,AA1,81584335,元大高科技基金,,TWD,18.34
201809,AA1,83863951,元大經貿基金,,TWD,36.76
201809,AA1,92001765,元大多多基金,,TWD,17.37
201809,AA1,92004566,元大績效基金,,TWD,50.04
201809,AA1,92026219,元大卓越基金,,TWD,45.92
201809,AA1,17140568,景順主流基金,,TWD,16.52
201809,AA1,73989256,景順台灣科技基金,,TWD,28.83
201809,AA1,92019786,景順潛力基金,,TWD,30.28
201809,AA1,17603899,瀚亞電通網基金,,TWD,14.61
201809,AA1,81595924,瀚亞中小型股基金,,TWD,20.92
201809,AA1,92003102,瀚亞高科技基金,,TWD,57.06
201809,AA1,92012572,瀚亞外銷基金,,TWD,41.42
201809,AA1,97990696,瀚亞菁華基金,,TWD,23.07
201809,AA1,01032183,保德信高成長基金,,TWD,92.6
201809,AA1,13528977,保德信台商全方位基金,,TWD,34.11
201809,AA1,17602625,保德信新世紀基金,,TWD,10.96
201809,AA1,20097447,保德信第一基金,,TWD,25.25
201809,AA1,73990649,保德信科技島基金,,TWD,25.14
201809,AA1,83866508,保德信中小型股基金,,TWD,41.6
201809,AA1,92013967,保德信金滿意基金,,TWD,42.38
201809,AA1,97988636,保德信店頭市場基金,,TWD,29.91
201809,AA1,01031699,統一全天候基金-A類型,,TWD,106.11
201809,AA1,01031699,統一全天候基金-I類型,,TWD,106.19
201809,AA1,17605622,統一大滿貫基金-A類型,,TWD,32.66
201809,AA1,17605622,統一大滿貫基金-I類型,,TWD,32.66
201809,AA1,48934304,統一台灣動力基金,,TWD,15.99
201809,AA1,73990253,統一奔騰基金,,TWD,56.96
201809,AA1,77537493,統一統信基金,,TWD,28.99
201809,AA1,81581724,統一經建基金,,TWD,44.79
201809,AA1,92002244,統一黑馬基金,,TWD,56.89
201809,AA1,92012762,統一龍馬基金,,TWD,62.15
201809,AA1,97977878,統一中小基金,,TWD,24.09
201809,AA1,00974018,富邦基金A類型,,TWD,12.9
201809,AA1,00974018,富邦基金I類型,,TWD,12.9
201809,AA1,17148301,富邦台灣心基金,,TWD,21.5
201809,AA1,20089755,富邦精銳中小基金,,TWD,10.67
201809,AA1,81585475,富邦高成長基金,,TWD,23.41
201809,AA1,83864683,富邦科技基金,,TWD,22.58
201809,AA1,92002384,富邦精準基金,,TWD,43.85
201809,AA1,92010477,富邦長紅基金,,TWD,60.57
201809,AA1,01032162,摩根台灣增長基金,,TWD,50.91
201809,AA1,25636367,摩根台灣金磚基金-累積型,,TWD,19.26
201809,AA1,25636367,摩根台灣金磚基金-機構法人型,,TWD,19.26
201809,AA1,73989501,摩根中小基金,,TWD,21.38
201809,AA1,92012025,摩根新興科技基金,,TWD,51.46
201809,AA1,00973762,華南永昌永昌基金,,TWD,18.64
201809,AA1,42298518,華南永昌物聯網精選基金,,TWD,11.01
201809,AA1,00974241,新光台灣富貴基金,,TWD,23.09
201809,AA1,13986924,新光大三通基金,,TWD,18.29
201809,AA1,73998071,新光店頭基金,,TWD,24.21
201809,AA1,81585242,新光創新科技基金,,TWD,14.87
201809,AA1,19339782,群益創新科技基金,,TWD,31.69
201809,AA1,20081352,群益店頭市場基金,,TWD,95.41
201809,AA1,48675778,群益奧斯卡基金,,TWD,26.69
201809,AA1,48749899,群益葛萊美基金,,TWD,22.51
201809,AA1,81591434,群益長安基金,,TWD,27.44
201809,AA1,92028997,群益中小型股基金,,TWD,40.8
201809,AA1,97984293,群益馬拉松基金,,TWD,119.35
201809,AA1,97984293,群益馬拉松基金I類型,,TWD,119.41
201809,AA1,18033138,德信數位時代基金,,TWD,27.34
201809,AA1,26288534,德信台灣主流中小基金,,TWD,17.65
201809,AA1,97972846,德信大發基金,,TWD,27.96
201809,AA1,97997635,聯博大利基金,,TWD,36.15
201809,AA1,17147078,日盛精選五虎基金,,TWD,36.37
201809,AA1,17607591,日盛高科技基金,,TWD,17.22
201809,AA1,20084317,日盛日盛基金,,TWD,13.14
201809,AA1,26273336,日盛MIT主流基金,,TWD,14.83
201809,AA1,48948481,日盛首選基金,,TWD,16.3
201809,AA1,73988876,日盛小而美基金,,TWD,17.59
201809,AA1,81584975,日盛上選基金,,TWD,31.81
201809,AA1,94991068,日盛新台商基金,,TWD,38.16
201809,AA1,20094820,柏瑞巨人基金,,TWD,12.81
201809,AA1,17608487,復華數位經濟基金,,TWD,51.45
201809,AA1,18488279,復華中小精選基金,,TWD,67.73
201809,AA1,21759676,復華全方位基金,,TWD,28.88
201809,AA1,73998086,復華高成長基金,,TWD,64.24
201809,AA1,81587889,復華復華基金,,TWD,20.09
201809,AA1,13998344,永豐中小基金,,TWD,50.11
201809,AA1,17152509,永豐高科技基金,,TWD,23.01
201809,AA1,73992013,永豐領航科技基金,,TWD,37.15
201809,AA1,81594690,永豐永豐基金,,TWD,34.97
201809,AA1,48809501,中國信託台灣優勢基金,,TWD,16.24
201809,AA1,48893417,中國信託台灣活力基金,,TWD,13.75
201809,AA1,17144889,宏利台灣動力基金,,TWD,30.78
201809,AA1,73982057,宏利臺灣股息收益基金,,TWD,26.78
201809,AA1,19330712,貝萊德寶利基金,,TWD,26.21
201809,AA1,00968493,野村鴻運基金,,TWD,18.72
201809,AA1,00988316,野村台灣運籌基金,,TWD,34.59
201809,AA1,01031564,野村積極成長基金,,TWD,12.16
201809,AA1,17146752,野村成長基金,,TWD,28.85
201809,AA1,17600534,野村高科技基金,,TWD,10.04
201809,AA1,18037937,野村ｅ科技基金,,TWD,19.32
201809,AA1,18488469,野村中小基金-累積類型,,TWD,44.64
201809,AA1,18488469,野村中小基金-S類型,,TWD,10
201809,AA1,19330754,野村優質基金-累積類型新臺幣計價,,TWD,31.92
201809,AA1,19330754,野村優質基金-S類型新臺幣計價,,TWD,8.76
201809,AA1,99973878,野村台灣高股息基金,,TWD,24.3
201809,AA1,17597236,聯邦精選科技基金,,TWD,11.98
201809,AA1,18496290,聯邦中國龍基金,,TWD,23.76
201809,AA1,17597600,未來資產阿波羅基金,,TWD,11.11
201809,AA1,17604124,安聯台灣大壩基金,,TWD,27.15
201809,AA1,18480065,安聯台灣科技基金,,TWD,44.36
201809,AA1,48997911,安聯台灣智慧基金,,TWD,29.43
201809,AA1,01031874,國泰小龍基金,,TWD,14.92
201809,AA1,14705562,國泰科技生化基金,,TWD,31.78
201809,AA1,17612497,國泰國泰基金台幣級別,,TWD,21.6
201809,AA1,17612497,國泰國泰基金台幣I級別,,TWD,21.6
201809,AA1,18031960,國泰高科技基金,,TWD,11.83
201809,AA1,18043059,國泰中小成長基金,,TWD,40.87
201809,AA1,19291128,國泰大中華基金,,TWD,19.03
201809,AA1,31837449,國泰價值卓越基金,,TWD,14.05
201809,AA1,13984165,富達台灣成長基金,,TWD,31.26
201809,AA1,18499732,德銀遠東DWS台灣旗艦基金,,TWD,14.81
201809,AA1,13539952,凱基開創基金,,TWD,25.9
201809,AA1,25612029,凱基台灣精五門基金,,TWD,19.9
201809,AA1,48948834,施羅德樂活中小基金-A類型,,TWD,18.1
201809,AA1,48948834,施羅德樂活中小基金-I類型,,TWD,4135.96
201809,AA1,14694495,華頓台灣基金,,TWD,26.23
201809,AA1,80892778,華頓中小型基金,,TWD,25.08
201809,AA1,15733973,富蘭克林華美第一富基金,,TWD,37.98
201809,AA1,26310297,富蘭克林華美台股傘型基金之高科技基金,,TWD,19.91
201809,AA1,26310310,富蘭克林華美台股傘型基金之傳產基金,,TWD,19.8
201809,AA1,17602821,台新2000高科技基金,,TWD,28.39
201809,AA1,48858663,台新主流基金,,TWD,21.85
201809,AA1,80894446,台新中國通基金,,TWD,39.56
201809,AA1,81588536,台新台灣中小基金,,TWD,31.25
201809,AA1,26320632,合庫台灣基金,,TWD,11.02
201809,AA1,42532205,路博邁AR台灣股票基金T累積級別(新臺幣),,TWD,10.02
201809,AA1,42532205,路博邁AR台灣股票基金T月配級別(新臺幣),,TWD,9.51
201812,AA1,00965469,兆豐國際第一基金,,TWD,11.61
201812,AA1,01050148,兆豐國際國民基金,,TWD,20.16
201812,AA1,10341837,兆豐國際豐台灣基金,,TWD,30.86
201812,AA1,73991751,兆豐國際電子基金,,TWD,22.78
201812,AA1,81584996,兆豐國際中小基金,,TWD,13.59
201812,AA1,15739619,第一金大中華基金,,TWD,23.26
201812,AA1,19341318,第一金電子基金,,TWD,27.97
201812,AA1,20092528,第一金店頭市場基金,,TWD,7.51
201812,AA1,26202396,第一金創新趨勢基金,,TWD,19.63
201812,AA1,73989002,第一金小型精選基金,,TWD,28.74
201812,AA1,01031298,匯豐龍鳳基金-A類型,,TWD,47.05
201812,AA1,01031298,匯豐龍鳳基金-I類型,,TWD,47.05
201812,AA1,73987671,匯豐台灣精典基金,,TWD,21.88
201812,AA1,76941376,匯豐成功基金,,TWD,38.82
201812,AA1,92017794,匯豐龍騰電子基金,,TWD,31.97
201812,AA1,00974066,元大2001基金,,TWD,53.65
201812,AA1,01032058,元大多福基金,,TWD,47.42
201812,AA1,17139204,元大新主流基金,,TWD,21.14
201812,AA1,18036281,元大巴菲特基金,,TWD,23.76
201812,AA1,20080023,元大店頭基金,,TWD,7.18
201812,AA1,81584335,元大高科技基金,,TWD,16.76
201812,AA1,83863951,元大經貿基金,,TWD,33.11
201812,AA1,92001765,元大多多基金,,TWD,15.36
201812,AA1,92004566,元大績效基金,,TWD,44.12
201812,AA1,92026219,元大卓越基金,,TWD,40.12
201812,AA1,17140568,景順主流基金,,TWD,15.1
201812,AA1,73989256,景順台灣科技基金,,TWD,25.92
201812,AA1,92019786,景順潛力基金,,TWD,27.8
201812,AA1,17603899,瀚亞電通網基金,,TWD,13.29
201812,AA1,81595924,瀚亞中小型股基金,,TWD,19.49
201812,AA1,92003102,瀚亞高科技基金,,TWD,52.68
201812,AA1,92012572,瀚亞外銷基金,,TWD,37.27
201812,AA1,97990696,瀚亞菁華基金,,TWD,19.87
201812,AA1,01032183,保德信高成長基金,,TWD,84.5
201812,AA1,13528977,保德信台商全方位基金,,TWD,30.99
201812,AA1,17602625,保德信新世紀基金,,TWD,9.44
201812,AA1,20097447,保德信第一基金,,TWD,22.78
201812,AA1,73990649,保德信科技島基金,,TWD,23.64
201812,AA1,83866508,保德信中小型股基金,,TWD,40.2
201812,AA1,92013967,保德信金滿意基金,,TWD,38.52
201812,AA1,97988636,保德信店頭市場基金,,TWD,28.76
201812,AA1,01031699,統一全天候基金-A類型,,TWD,99
201812,AA1,01031699,統一全天候基金-I類型,,TWD,99.22
201812,AA1,17605622,統一大滿貫基金-A類型,,TWD,29.44
201812,AA1,17605622,統一大滿貫基金-I類型,,TWD,29.44
201812,AA1,48934304,統一台灣動力基金,,TWD,15.1
201812,AA1,73990253,統一奔騰基金,,TWD,50.94
201812,AA1,77537493,統一統信基金,,TWD,25.77
201812,AA1,81581724,統一經建基金,,TWD,41.45
201812,AA1,92002244,統一黑馬基金,,TWD,51.51
201812,AA1,92012762,統一龍馬基金,,TWD,56.83
201812,AA1,97977878,統一中小基金,,TWD,21.91
201812,AA1,00974018,富邦基金A類型,,TWD,11.62
201812,AA1,00974018,富邦基金I類型,,TWD,11.62
201812,AA1,17148301,富邦台灣心基金,,TWD,18.82
201812,AA1,20089755,富邦精銳中小基金,,TWD,9.7
201812,AA1,81585475,富邦高成長基金,,TWD,20.42
201812,AA1,83864683,富邦科技基金,,TWD,20.88
201812,AA1,92002384,富邦精準基金,,TWD,39.92
201812,AA1,92010477,富邦長紅基金,,TWD,53.12
201812,AA1,01032162,摩根台灣增長基金,,TWD,44.55
201812,AA1,25636367,摩根台灣金磚基金-累積型,,TWD,17.08
201812,AA1,25636367,摩根台灣金磚基金-機構法人型,,TWD,17.08
201812,AA1,73989501,摩根中小基金,,TWD,19.54
201812,AA1,92012025,摩根新興科技基金,,TWD,45.69
201812,AA1,00973762,華南永昌永昌基金,,TWD,17.12
201812,AA1,42298518,華南永昌物聯網精選基金,,TWD,10.39
201812,AA1,00974241,新光台灣富貴基金,,TWD,20.61
201812,AA1,13986924,新光大三通基金,,TWD,16.33
201812,AA1,73998071,新光店頭基金,,TWD,20.89
201812,AA1,81585242,新光創新科技基金,,TWD,12.41
201812,AA1,19339782,群益創新科技基金,,TWD,28.62
201812,AA1,20081352,群益店頭市場基金,,TWD,78.64
201812,AA1,48675778,群益奧斯卡基金,,TWD,24.1
201812,AA1,48749899,群益葛萊美基金,,TWD,21.06
201812,AA1,81591434,群益長安基金,,TWD,23.24
201812,AA1,92028997,群益中小型股基金,,TWD,37.53
201812,AA1,97984293,群益馬拉松基金,,TWD,102.92
201812,AA1,97984293,群益馬拉松基金I類型,,TWD,103.23
201812,AA1,18033138,德信數位時代基金,,TWD,26
201812,AA1,26288534,德信台灣主流中小基金,,TWD,16.78
201812,AA1,97972846,德信大發基金,,TWD,25.44
201812,AA1,97997635,聯博大利基金,,TWD,31.35
201812,AA1,17147078,日盛精選五虎基金,,TWD,32.8
201812,AA1,17607591,日盛高科技基金,,TWD,15.81
201812,AA1,20084317,日盛日盛基金,,TWD,11.7
201812,AA1,26273336,日盛MIT主流基金,,TWD,13.84
201812,AA1,48948481,日盛首選基金,,TWD,14.89
201812,AA1,73988876,日盛小而美基金,,TWD,15.95
201812,AA1,81584975,日盛上選基金,,TWD,28.33
201812,AA1,94991068,日盛新台商基金,,TWD,34.38
201812,AA1,20094820,柏瑞巨人基金,,TWD,11.51
201812,AA1,17608487,復華數位經濟基金,,TWD,43.26
201812,AA1,18488279,復華中小精選基金,,TWD,59.86
201812,AA1,21759676,復華全方位基金,,TWD,25.72
201812,AA1,73998086,復華高成長基金,,TWD,59.47
201812,AA1,81587889,復華復華基金,,TWD,18.53
201812,AA1,13998344,永豐中小基金,,TWD,47.15
201812,AA1,17152509,永豐高科技基金,,TWD,21.22
201812,AA1,73992013,永豐領航科技基金,,TWD,34.91
201812,AA1,81594690,永豐永豐基金,,TWD,31.53
201812,AA1,48809501,中國信託台灣優勢基金,,TWD,14.96
201812,AA1,48893417,中國信託台灣活力基金,,TWD,13
201812,AA1,17144889,宏利台灣動力基金,,TWD,27.27
201812,AA1,73982057,宏利臺灣股息收益基金,,TWD,23.32
201812,AA1,19330712,貝萊德寶利基金,,TWD,23.14
201812,AA1,00968493,野村鴻運基金,,TWD,16.96
201812,AA1,00988316,野村台灣運籌基金,,TWD,31.42
201812,AA1,01031564,野村積極成長基金,,TWD,11.16
201812,AA1,17146752,野村成長基金,,TWD,26.46
201812,AA1,17600534,野村高科技基金,,TWD,8.45
201812,AA1,18037937,野村ｅ科技基金,,TWD,16.17
201812,AA1,18488469,野村中小基金-累積類型,,TWD,40.94
201812,AA1,18488469,野村中小基金-S類型,,TWD,10
201812,AA1,19330754,野村優質基金-累積類型新臺幣計價,,TWD,29.38
201812,AA1,19330754,野村優質基金-S類型新臺幣計價,,TWD,8.07
201812,AA1,99973878,野村台灣高股息基金,,TWD,22.96
201812,AA1,17597236,聯邦精選科技基金,,TWD,11.17
201812,AA1,18496290,聯邦中國龍基金,,TWD,22.07
201812,AA1,17597600,未來資產阿波羅基金,,TWD,9.45
201812,AA1,17604124,安聯台灣大壩基金,,TWD,25.18
201812,AA1,18480065,安聯台灣科技基金,,TWD,41.05
201812,AA1,48997911,安聯台灣智慧基金,,TWD,27.42
201812,AA1,01031874,國泰小龍基金-台幣級別,,TWD,13.59
201812,AA1,01031874,國泰小龍基金-美元I級別,,USD,0
201812,AA1,14705562,國泰科技生化基金,,TWD,29.05
201812,AA1,17612497,國泰國泰基金台幣級別,,TWD,19.85
201812,AA1,17612497,國泰國泰基金台幣I級別,,TWD,19.85
201812,AA1,18043059,國泰中小成長基金-台幣級別,,TWD,37.73
201812,AA1,18043059,國泰中小成長基金-美元I級別,,USD,0
201812,AA1,19291128,國泰大中華基金,,TWD,17.19
201812,AA1,31837449,國泰價值卓越基金,,TWD,12.83
201812,AA1,13984165,富達台灣成長基金,,TWD,27.69
201812,AA1,18499732,德銀遠東DWS台灣旗艦基金,,TWD,13.54
201812,AA1,13539952,凱基開創基金,,TWD,24.36
201812,AA1,25612029,凱基台灣精五門基金,,TWD,18.1
201812,AA1,48948834,施羅德樂活中小基金-A類型,,TWD,16.65
201812,AA1,48948834,施羅德樂活中小基金-I類型,,TWD,3819.29
201812,AA1,48948834,施羅德樂活中小基金-C類型,,TWD,3000
201812,AA1,14694495,華頓台灣基金,,TWD,21.85
201812,AA1,80892778,華頓中小型基金,,TWD,19.35
201812,AA1,15733973,富蘭克林華美第一富基金,,TWD,33.74
201812,AA1,26310297,富蘭克林華美台股傘型基金之高科技基金,,TWD,18.5
201812,AA1,26310310,富蘭克林華美台股傘型基金之傳產基金,,TWD,18.55
201812,AA1,17602821,台新2000高科技基金,,TWD,27.14
201812,AA1,48858663,台新主流基金,,TWD,21.01
201812,AA1,80894446,台新中國通基金,,TWD,38.05
201812,AA1,81588536,台新台灣中小基金,,TWD,29.74
201812,AA1,26320632,合庫台灣基金,,TWD,9.65
201812,AA1,42532205,路博邁AR台灣股票基金T累積級別(新臺幣),,TWD,9.27
201812,AA1,42532205,路博邁AR台灣股票基金T月配級別(新臺幣),,TWD,8.68
201903,AA1,00965469,兆豐國際第一基金,,TWD,13.22
201903,AA1,01050148,兆豐國際國民基金,,TWD,22.65
201903,AA1,10341837,兆豐國際豐台灣基金,,TWD,34.6
201903,AA1,73991751,兆豐國際電子基金,,TWD,26.02
201903,AA1,15739619,第一金大中華基金,,TWD,25.52
201903,AA1,19341318,第一金電子基金,,TWD,32.24
201903,AA1,20092528,第一金店頭市場基金,,TWD,8.26
201903,AA1,26202396,第一金創新趨勢基金,,TWD,21.8
201903,AA1,73989002,第一金小型精選基金,,TWD,32.25
201903,AA1,01031298,匯豐龍鳳基金-A類型,,TWD,52.09
201903,AA1,01031298,匯豐龍鳳基金-I類型,,TWD,52.09
201903,AA1,73987671,匯豐台灣精典基金,,TWD,24.14
201903,AA1,76941376,匯豐成功基金,,TWD,43.81
201903,AA1,92017794,匯豐龍騰電子基金,,TWD,36.43
201903,AA1,00974066,元大2001基金,,TWD,61.17
201903,AA1,01032058,元大多福基金,,TWD,52.38
201903,AA1,17139204,元大新主流基金,,TWD,23.98
201903,AA1,18036281,元大巴菲特基金,,TWD,26.09
201903,AA1,20080023,元大店頭基金,,TWD,8.21
201903,AA1,81584335,元大高科技基金,,TWD,19.09
201903,AA1,83863951,元大經貿基金,,TWD,36.69
201903,AA1,92001765,元大多多基金,,TWD,17.08
201903,AA1,92026219,元大卓越基金,,TWD,43.97
201903,AA1,17140568,景順主流基金,,TWD,17.7
201903,AA1,73989256,景順台灣科技基金,,TWD,30.61
201903,AA1,92019786,景順潛力基金,,TWD,32.29
201903,AA1,17603899,瀚亞電通網基金,,TWD,15.16
201903,AA1,81595924,瀚亞中小型股基金,,TWD,21.25
201903,AA1,92003102,瀚亞高科技基金,,TWD,58.42
201903,AA1,92012572,瀚亞外銷基金,,TWD,40.53
201903,AA1,97990696,瀚亞菁華基金,,TWD,22.36
201903,AA1,01032183,保德信高成長基金,,TWD,94.5
201903,AA1,13528977,保德信台商全方位基金,,TWD,35.64
201903,AA1,17602625,保德信新世紀基金,,TWD,10.16
201903,AA1,20097447,保德信第一基金,,TWD,25.53
201903,AA1,73990649,保德信科技島基金,,TWD,26.31
201903,AA1,83866508,保德信中小型股基金,,TWD,47.01
201903,AA1,92013967,保德信金滿意基金,,TWD,42.54
201903,AA1,97988636,保德信店頭市場基金,,TWD,33.61
201903,AA1,01031699,統一全天候基金-A類型,,TWD,113.06
201903,AA1,01031699,統一全天候基金-I類型,,TWD,113.48
201903,AA1,17605622,統一大滿貫基金-A類型,,TWD,33.77
201903,AA1,17605622,統一大滿貫基金-I類型,,TWD,33.77
201903,AA1,48934304,統一台灣動力基金,,TWD,18.03
201903,AA1,73990253,統一奔騰基金,,TWD,59.12
201903,AA1,77537493,統一統信基金,,TWD,30.09
201903,AA1,81581724,統一經建基金,,TWD,47.61
201903,AA1,92002244,統一黑馬基金,,TWD,59.16
201903,AA1,92012762,統一龍馬基金,,TWD,67.01
201903,AA1,97977878,統一中小基金,,TWD,24.83
201903,AA1,00974018,富邦基金A類型,,TWD,13.23
201903,AA1,00974018,富邦基金I類型,,TWD,13.23
201903,AA1,17148301,富邦台灣心基金,,TWD,21.87
201903,AA1,20089755,富邦精銳中小基金,,TWD,11.16
201903,AA1,81585475,富邦高成長基金,,TWD,23.59
201903,AA1,83864683,富邦科技基金,,TWD,23.56
201903,AA1,92002384,富邦精準基金,,TWD,45.41
201903,AA1,92010477,富邦長紅基金,,TWD,61.37
201903,AA1,01032162,摩根台灣增長基金,,TWD,49.35
201903,AA1,25636367,摩根台灣金磚基金-累積型,,TWD,19.61
201903,AA1,25636367,摩根台灣金磚基金-機構法人型,,TWD,19.61
201903,AA1,73989501,摩根中小基金,,TWD,22.9
201903,AA1,92012025,摩根新興科技基金,,TWD,53.33
201903,AA1,00973762,華南永昌永昌基金,,TWD,20.19
201903,AA1,42298518,華南永昌物聯網精選基金,,TWD,12.22
201903,AA1,00974241,新光台灣富貴基金,,TWD,23.27
201903,AA1,13986924,新光大三通基金,,TWD,18.11
201903,AA1,73998071,新光店頭基金,,TWD,23.1
201903,AA1,81585242,新光創新科技基金,,TWD,13.66
201903,AA1,19339782,群益創新科技基金,,TWD,33.45
201903,AA1,20081352,群益店頭市場基金,,TWD,92.88
201903,AA1,48675778,群益奧斯卡基金,,TWD,28.95
201903,AA1,48749899,群益葛萊美基金,,TWD,24.51
201903,AA1,81591434,群益長安基金,,TWD,28.26
201903,AA1,92028997,群益中小型股基金,,TWD,45.12
201903,AA1,97984293,群益馬拉松基金,,TWD,117.66
201903,AA1,97984293,群益馬拉松基金I類型,,TWD,0
201903,AA1,18033138,德信數位時代基金,,TWD,30.5
201903,AA1,26288534,德信台灣主流中小基金,,TWD,18.38
201903,AA1,97972846,德信大發基金,,TWD,29.06
201903,AA1,97997635,聯博大利基金,,TWD,35.32
201903,AA1,17147078,日盛精選五虎基金,,TWD,36.53
201903,AA1,17607591,日盛高科技基金,,TWD,18.28
201903,AA1,20084317,日盛日盛基金,,TWD,13.5
201903,AA1,26273336,日盛MIT主流基金,,TWD,15.54
201903,AA1,48948481,日盛首選基金,,TWD,17.24
201903,AA1,73988876,日盛小而美基金,,TWD,18.23
201903,AA1,81584975,日盛上選基金,,TWD,33.83
201903,AA1,94991068,日盛新台商基金,,TWD,40.06
201903,AA1,20094820,柏瑞巨人基金,,TWD,12.49
201903,AA1,17608487,復華數位經濟基金,,TWD,46.77
201903,AA1,18488279,復華中小精選基金,,TWD,65.8
201903,AA1,21759676,復華全方位基金,,TWD,28.96
201903,AA1,73998086,復華高成長基金,,TWD,68.06
201903,AA1,81587889,復華復華基金,,TWD,21.23
201903,AA1,13998344,永豐中小基金,,TWD,52.73
201903,AA1,17152509,永豐高科技基金,,TWD,23.4
201903,AA1,73992013,永豐領航科技基金,,TWD,38.22
201903,AA1,81594690,永豐永豐基金,,TWD,33.6
201903,AA1,48893417,中國信託台灣活力基金,,TWD,14.51
201903,AA1,17144889,宏利台灣動力基金,,TWD,29.7
201903,AA1,73982057,宏利臺灣股息收益基金,,TWD,24.91
201903,AA1,19330712,貝萊德寶利基金,,TWD,26.31
201903,AA1,00968493,野村鴻運基金,,TWD,19.52
201903,AA1,00988316,野村台灣運籌基金,,TWD,35.95
201903,AA1,01031564,野村積極成長基金,,TWD,12.57
201903,AA1,17146752,野村成長基金,,TWD,29.71
201903,AA1,17600534,野村高科技基金,,TWD,9.96
201903,AA1,18037937,野村ｅ科技基金,,TWD,19.02
201903,AA1,18488469,野村中小基金-累積類型,,TWD,45.58
201903,AA1,18488469,野村中小基金-S類型,,TWD,10
201903,AA1,19330754,野村優質基金-累積類型新臺幣計價,,TWD,35.43
201903,AA1,19330754,野村優質基金-S類型新臺幣計價,,TWD,9.75
201903,AA1,99973878,野村台灣高股息基金,,TWD,24.5
201903,AA1,17597236,聯邦精選科技基金,,TWD,12.81
201903,AA1,18496290,聯邦中國龍基金,,TWD,25.67
201903,AA1,17597600,鋒裕匯理阿波羅基金,,TWD,10.72
201903,AA1,17604124,安聯台灣大壩基金,,TWD,30
201903,AA1,18480065,安聯台灣科技基金,,TWD,48.23
201903,AA1,48997911,安聯台灣智慧基金,,TWD,32.9
201903,AA1,01031874,國泰小龍基金-台幣級別,,TWD,15.02
201903,AA1,01031874,國泰小龍基金-美元I級別,,USD,15.0186
201903,AA1,14705562,國泰科技生化基金,,TWD,32.96
201903,AA1,17612497,國泰國泰基金台幣級別,,TWD,22.38
201903,AA1,17612497,國泰國泰基金台幣I級別,,TWD,22.38
201903,AA1,18043059,國泰中小成長基金-台幣級別,,TWD,42.13
201903,AA1,18043059,國泰中小成長基金-美元I級別,,USD,42.1309
201903,AA1,19291128,國泰大中華基金,,TWD,19.25
201903,AA1,31837449,國泰價值卓越基金,,TWD,14.23
201903,AA1,13984165,富達台灣成長基金,,TWD,30.44
201903,AA1,18499732,德銀遠東DWS台灣旗艦基金,,TWD,15.43
201903,AA1,13539952,凱基開創基金,,TWD,27.71
201903,AA1,25612029,凱基台灣精五門基金,,TWD,20.62
201903,AA1,48948834,施羅德台灣樂活中小基金-A類型,,TWD,18.86
201903,AA1,48948834,施羅德台灣樂活中小基金-I類型,,TWD,4342.09
201903,AA1,48948834,施羅德台灣樂活中小基金-C類型,,TWD,3000
201903,AA1,14694495,華頓台灣基金,,TWD,24.36
201903,AA1,80892778,華頓中小型基金,,TWD,21.47
201903,AA1,15733973,富蘭克林華美第一富基金,,TWD,38.64
201903,AA1,26310297,富蘭克林華美台股傘型基金之高科技基金,,TWD,21.61
201903,AA1,26310310,富蘭克林華美台股傘型基金之傳產基金,,TWD,20.96
201903,AA1,17602821,台新2000高科技基金,,TWD,31.27
201903,AA1,48858663,台新主流基金,,TWD,23.02
201903,AA1,80894446,台新中國通基金,,TWD,44.29
201903,AA1,81588536,台新台灣中小基金,,TWD,33.94
201903,AA1,26320632,合庫台灣基金,,TWD,11.15
201903,AA1,42532205,路博邁AR台灣股票基金T累積級別(新臺幣),,TWD,9.72
201903,AA1,42532205,路博邁AR台灣股票基金T月配級別(新臺幣),,TWD,8.98
201906,AA1,00965469,兆豐國際第一基金,,TWD,13.08
201906,AA1,01050148,兆豐國際國民基金,,TWD,21.92
201906,AA1,10341837,兆豐國際豐台灣基金,,TWD,34.19
201906,AA1,73991751,兆豐國際電子基金,,TWD,25.7
201906,AA1,15739619,第一金大中華基金,,TWD,25.85
201906,AA1,19341318,第一金電子基金,,TWD,32.43
201906,AA1,20092528,第一金店頭市場基金,,TWD,7.8
201906,AA1,26202396,第一金創新趨勢基金,,TWD,21.24
201906,AA1,73989002,第一金小型精選基金,,TWD,31.77
201906,AA1,01031298,匯豐龍鳳基金-A類型,,TWD,52.43
201906,AA1,01031298,匯豐龍鳳基金-I類型,,TWD,52.43
201906,AA1,73987671,匯豐台灣精典基金,,TWD,24.28
201906,AA1,76941376,匯豐成功基金,,TWD,44.92
201906,AA1,92017794,匯豐龍騰電子基金,,TWD,36.23
201906,AA1,00974066,元大2001基金,,TWD,59.88
201906,AA1,01032058,元大多福基金,,TWD,51.15
201906,AA1,17139204,元大新主流基金,,TWD,23.24
201906,AA1,20080023,元大店頭基金,,TWD,8.05
201906,AA1,81584335,元大高科技基金,,TWD,18.7
201906,AA1,83863951,元大經貿基金,,TWD,35.82
201906,AA1,92001765,元大多多基金,,TWD,16.79
201906,AA1,92026219,元大卓越基金,,TWD,43.12
201906,AA1,17140568,景順主流基金,,TWD,17.17
201906,AA1,73989256,景順台灣科技基金,,TWD,29.69
201906,AA1,92019786,景順潛力基金,,TWD,31.4
201906,AA1,17603899,瀚亞電通網基金,,TWD,14.64
201906,AA1,81595924,瀚亞中小型股基金,,TWD,20
201906,AA1,92003102,瀚亞高科技基金,,TWD,56.09
201906,AA1,92012572,瀚亞外銷基金,,TWD,38.82
201906,AA1,97990696,瀚亞菁華基金,,TWD,21.05
201906,AA1,01032183,保德信高成長基金,,TWD,92.71
201906,AA1,17602625,保德信新世紀基金,,TWD,10.43
201906,AA1,73990649,保德信科技島基金,,TWD,25.59
201906,AA1,83866508,保德信中小型股基金,,TWD,44.8
201906,AA1,92013967,保德信金滿意基金,,TWD,41.67
201906,AA1,97988636,保德信店頭市場基金,,TWD,33.07
201906,AA1,01031699,統一全天候基金-A類型,,TWD,103.49
201906,AA1,01031699,統一全天候基金-I類型,,TWD,104.03
201906,AA1,17605622,統一大滿貫基金-A類型,,TWD,32.84
201906,AA1,17605622,統一大滿貫基金-I類型,,TWD,32.84
201906,AA1,48934304,統一台灣動力基金,,TWD,17.23
201906,AA1,73990253,統一奔騰基金,,TWD,55.97
201906,AA1,77537493,統一統信基金,,TWD,28.87
201906,AA1,81581724,統一經建基金,,TWD,43.81
201906,AA1,92002244,統一黑馬基金,,TWD,56.89
201906,AA1,92012762,統一龍馬基金,,TWD,63.34
201906,AA1,97977878,統一中小基金,,TWD,22.74
201906,AA1,00974018,富邦基金A類型,,TWD,13.06
201906,AA1,00974018,富邦基金I類型,,TWD,13.06
201906,AA1,17148301,富邦台灣心基金,,TWD,21.08
201906,AA1,20089755,富邦精銳中小基金,,TWD,11.03
201906,AA1,81585475,富邦高成長基金,,TWD,22.74
201906,AA1,83864683,富邦科技基金,,TWD,23.35
201906,AA1,92002384,富邦精準基金,,TWD,43.17
201906,AA1,92010477,富邦長紅基金,,TWD,58.85
201906,AA1,01032162,摩根台灣增長基金,,TWD,49.43
201906,AA1,25636367,摩根台灣金磚基金-累積型,,TWD,19.33
201906,AA1,25636367,摩根台灣金磚基金-機構法人型,,TWD,19.33
201906,AA1,73989501,摩根中小基金,,TWD,21.86
201906,AA1,92012025,摩根新興科技基金,,TWD,51.86
201906,AA1,00973762,華南永昌永昌基金,,TWD,19.31
201906,AA1,42298518,華南永昌物聯網精選基金,,TWD,11.62
201906,AA1,00974241,新光台灣富貴基金,,TWD,23.28
201906,AA1,13986924,新光大三通基金,,TWD,17.87
201906,AA1,73998071,新光店頭基金,,TWD,22.15
201906,AA1,81585242,新光創新科技基金,,TWD,12.91
201906,AA1,19339782,群益創新科技基金,,TWD,31.61
201906,AA1,20081352,群益店頭市場基金,,TWD,91.51
201906,AA1,48675778,群益奧斯卡基金,,TWD,28.29
201906,AA1,48749899,群益葛萊美基金,,TWD,22.7
201906,AA1,81591434,群益長安基金,,TWD,28.67
201906,AA1,92028997,群益中小型股基金,,TWD,44.39
201906,AA1,97984293,群益馬拉松基金,,TWD,115.9
201906,AA1,97984293,群益馬拉松基金I類型,,TWD,0
201906,AA1,18033138,德信數位時代基金,,TWD,31.48
201906,AA1,26288534,德信台灣主流中小基金,,TWD,18.97
201906,AA1,97972846,德信大發基金,,TWD,29.32
201906,AA1,97997635,聯博大利基金,,TWD,34.88
201906,AA1,17147078,日盛精選五虎基金,,TWD,35.7
201906,AA1,17607591,日盛高科技基金,,TWD,17.57
201906,AA1,20084317,日盛日盛基金,,TWD,11.11
201906,AA1,26273336,日盛MIT主流基金,,TWD,15.21
201906,AA1,48948481,日盛首選基金,,TWD,16.82
201906,AA1,73988876,日盛小而美基金,,TWD,17.55
201906,AA1,81584975,日盛上選基金,,TWD,33.48
201906,AA1,94991068,日盛新台商基金,,TWD,38.58
201906,AA1,20094820,柏瑞巨人基金,,TWD,12.76
201906,AA1,17608487,復華數位經濟基金,,TWD,45.29
201906,AA1,18488279,復華中小精選基金,,TWD,65.23
201906,AA1,21759676,復華全方位基金,,TWD,28.61
201906,AA1,73998086,復華高成長基金,,TWD,67.75
201906,AA1,81587889,復華復華基金,,TWD,21.17
201906,AA1,13998344,永豐中小基金,,TWD,52.36
201906,AA1,17152509,永豐高科技基金,,TWD,22.85
201906,AA1,73992013,永豐領航科技基金,,TWD,37.08
201906,AA1,81594690,永豐永豐基金,,TWD,32.4
201906,AA1,48893417,中國信託台灣活力基金,,TWD,12.89
201906,AA1,17144889,宏利台灣動力基金A類型,,TWD,29.69
201906,AA1,17144889,宏利台灣動力基金I類型,,TWD,29.69
201906,AA1,73982057,宏利臺灣股息收益基金A類型,,TWD,25.36
201906,AA1,73982057,宏利臺灣股息收益基金I類型,,TWD,25.36
201906,AA1,19330712,貝萊德寶利基金,,TWD,26.77
201906,AA1,00968493,野村鴻運基金,,TWD,18.93
201906,AA1,00988316,野村台灣運籌基金,,TWD,35.04
201906,AA1,01031564,野村積極成長基金,,TWD,12.43
201906,AA1,17146752,野村成長基金,,TWD,29.36
201906,AA1,17600534,野村高科技基金,,TWD,9.65
201906,AA1,18037937,野村ｅ科技基金,,TWD,18.36
201906,AA1,18488469,野村中小基金-累積類型,,TWD,44.27
201906,AA1,18488469,野村中小基金-S類型,,TWD,10
201906,AA1,19330754,野村優質基金-累積類型新臺幣計價,,TWD,34.75
201906,AA1,19330754,野村優質基金-S類型新臺幣計價,,TWD,9.58
201906,AA1,99973878,野村台灣高股息基金,,TWD,24.6
201906,AA1,17597236,聯邦精選科技基金,,TWD,12.52
201906,AA1,18496290,聯邦中國龍基金,,TWD,25.01
201906,AA1,17597600,鋒裕匯理阿波羅基金,,TWD,10.49
201906,AA1,17604124,安聯台灣大壩基金,,TWD,29.44
201906,AA1,18480065,安聯台灣科技基金,,TWD,49.79
201906,AA1,48997911,安聯台灣智慧基金,,TWD,32.88
201906,AA1,01031874,國泰小龍基金-新台幣,,TWD,14.55
201906,AA1,01031874,國泰小龍基金-美元I,,USD,14.5485
201906,AA1,14705562,國泰科技生化基金,,TWD,31.94
201906,AA1,17612497,國泰國泰基金-新台幣A,,TWD,22.26
201906,AA1,17612497,國泰國泰基金-新台幣I,,TWD,22.26
201906,AA1,18043059,國泰中小成長基金-新台幣,,TWD,41.12
201906,AA1,18043059,國泰中小成長基金-美元I,,USD,41.1203
201906,AA1,19291128,國泰大中華基金,,TWD,19.13
201906,AA1,13984165,富達台灣成長基金,,TWD,30.97
201906,AA1,18499732,德銀遠東DWS台灣旗艦基金,,TWD,15.52
201906,AA1,13539952,凱基開創基金,,TWD,27.51
201906,AA1,25612029,凱基台灣精五門基金,,TWD,20.66
201906,AA1,48948834,施羅德台灣樂活中小基金-A類型,,TWD,18.88
201906,AA1,48948834,施羅德台灣樂活中小基金-I類型,,TWD,4364.73
201906,AA1,48948834,施羅德台灣樂活中小基金-C類型,,TWD,3000
201906,AA1,14694495,華頓台灣基金,,TWD,22.06
201906,AA1,80892778,華頓中小型基金,,TWD,19.89
201906,AA1,15733973,富蘭克林華美第一富基金,,TWD,37.73
201906,AA1,26310297,富蘭克林華美台股傘型基金之高科技基金,,TWD,21.6
201906,AA1,26310310,富蘭克林華美台股傘型基金之傳產基金,,TWD,21.68
201906,AA1,17602821,台新2000高科技基金,,TWD,30.18
201906,AA1,48858663,台新主流基金,,TWD,23.39
201906,AA1,80894446,台新中國通基金,,TWD,43.41
201906,AA1,81588536,台新台灣中小基金,,TWD,33.48
201906,AA1,26320632,合庫台灣基金,,TWD,10.88
201906,AA1,42532205,路博邁AR台灣股票基金T累積級別(新臺幣),,TWD,9.89
201906,AA1,42532205,路博邁AR台灣股票基金T月配級別(新臺幣),,TWD,9.01
201906,AA1,42532205,路博邁AR台灣股票基金N累積級別(新臺幣),,TWD,10
201906,AA1,42532205,路博邁AR台灣股票基金N月配級別(新臺幣),,TWD,10
201909,AA1,00965469,兆豐國際第一基金,,TWD,13.92
201909,AA1,01050148,兆豐國際國民基金,,TWD,23.42
201909,AA1,10341837,兆豐國際豐台灣基金,,TWD,36.79
201909,AA1,73991751,兆豐國際電子基金,,TWD,27.01
201909,AA1,15739619,第一金大中華基金,,TWD,26.98
201909,AA1,19341318,第一金電子基金,,TWD,35.96
201909,AA1,20092528,第一金店頭市場基金,,TWD,8.23
201909,AA1,26202396,第一金創新趨勢基金,,TWD,22.7
201909,AA1,73989002,第一金小型精選基金,,TWD,33.89
201909,AA1,01031298,匯豐龍鳳基金-A類型,,TWD,54.47
201909,AA1,01031298,匯豐龍鳳基金-I類型,,TWD,54.47
201909,AA1,73987671,匯豐台灣精典基金,,TWD,25.21
201909,AA1,76941376,匯豐成功基金,,TWD,42.64
201909,AA1,92017794,匯豐龍騰電子基金,,TWD,39.35
201909,AA1,00974066,元大2001基金,,TWD,67.17
201909,AA1,01032058,元大多福基金,,TWD,54.8
201909,AA1,17139204,元大新主流基金,,TWD,26.34
201909,AA1,20080023,元大店頭基金,,TWD,8.87
201909,AA1,81584335,元大高科技基金,,TWD,20.94
201909,AA1,83863951,元大經貿基金,,TWD,38.31
201909,AA1,92001765,元大多多基金,,TWD,18
201909,AA1,92026219,元大卓越基金,,TWD,42.8
201909,AA1,17140568,景順主流基金,,TWD,19.43
201909,AA1,73989256,景順台灣科技基金,,TWD,34.17
201909,AA1,92019786,景順潛力基金,,TWD,33.8
201909,AA1,81595924,瀚亞中小型股基金,,TWD,21.96
201909,AA1,92003102,瀚亞高科技基金,,TWD,61.91
201909,AA1,92012572,瀚亞外銷基金,,TWD,41.37
201909,AA1,97990696,瀚亞菁華基金,,TWD,22.31
201909,AA1,01032183,保德信高成長基金,,TWD,100.73
201909,AA1,17602625,保德信新世紀基金,,TWD,10.47
201909,AA1,73990649,保德信科技島基金,,TWD,29.14
201909,AA1,83866508,保德信中小型股基金,,TWD,52.85
201909,AA1,92013967,保德信金滿意基金,,TWD,44.15
201909,AA1,97988636,保德信店頭市場基金,,TWD,38.06
201909,AA1,01031699,統一全天候基金-A類型,,TWD,117.6
201909,AA1,01031699,統一全天候基金-I類型,,TWD,118.39
201909,AA1,17605622,統一大滿貫基金-A類型,,TWD,37.17
201909,AA1,17605622,統一大滿貫基金-I類型,,TWD,37.17
201909,AA1,48934304,統一台灣動力基金,,TWD,19.82
201909,AA1,73990253,統一奔騰基金,,TWD,62.18
201909,AA1,77537493,統一統信基金,,TWD,31.81
201909,AA1,81581724,統一經建基金,,TWD,49.61
201909,AA1,92002244,統一黑馬基金,,TWD,62.18
201909,AA1,92012762,統一龍馬基金,,TWD,71.95
201909,AA1,97977878,統一中小基金,,TWD,25.61
201909,AA1,00974018,富邦基金A類型,,TWD,14.45
201909,AA1,00974018,富邦基金I類型,,TWD,14.45
201909,AA1,17148301,富邦台灣心基金,,TWD,22.95
201909,AA1,20089755,富邦精銳中小基金,,TWD,12.25
201909,AA1,81585475,富邦高成長基金,,TWD,24.59
201909,AA1,83864683,富邦科技基金,,TWD,25.92
201909,AA1,92002384,富邦精準基金,,TWD,46.22
201909,AA1,92010477,富邦長紅基金,,TWD,63.75
201909,AA1,01032162,摩根台灣增長基金,,TWD,51.16
201909,AA1,25636367,摩根台灣金磚基金-累積型,,TWD,19.96
201909,AA1,25636367,摩根台灣金磚基金-機構法人型,,TWD,19.96
201909,AA1,73989501,摩根中小基金,,TWD,22.98
201909,AA1,92012025,摩根新興科技基金,,TWD,55.15
201909,AA1,00973762,華南永昌永昌基金,,TWD,20.13
201909,AA1,42298518,華南永昌物聯網精選基金,,TWD,12.4
201909,AA1,00974241,新光台灣富貴基金,,TWD,25.5
201909,AA1,13986924,新光大三通基金,,TWD,18.98
201909,AA1,73998071,新光店頭基金,,TWD,23.43
201909,AA1,81585242,新光創新科技基金,,TWD,13.8
201909,AA1,19339782,群益創新科技基金,,TWD,34.85
201909,AA1,20081352,群益店頭市場基金,,TWD,99.07
201909,AA1,48675778,群益奧斯卡基金,,TWD,31
201909,AA1,48749899,群益葛萊美基金,,TWD,24.73
201909,AA1,81591434,群益長安基金,,TWD,30.62
201909,AA1,92028997,群益中小型股基金,,TWD,47.43
201909,AA1,97984293,群益馬拉松基金,,TWD,124.02
201909,AA1,97984293,群益馬拉松基金I類型,,TWD,0
201909,AA1,18033138,德信數位時代基金,,TWD,34.7
201909,AA1,26288534,德信台灣主流中小基金,,TWD,20.59
201909,AA1,97972846,德信大發基金,,TWD,31.75
201909,AA1,97997635,聯博大利基金,,TWD,37.8
201909,AA1,17147078,日盛精選五虎基金,,TWD,37.78
201909,AA1,17607591,日盛高科技基金,,TWD,19.48
201909,AA1,20084317,日盛日盛基金,,TWD,12.5
201909,AA1,26273336,日盛MIT主流基金,,TWD,16.15
201909,AA1,48948481,日盛首選基金,,TWD,18.39
201909,AA1,73988876,日盛小而美基金,,TWD,19.32
201909,AA1,81584975,日盛上選基金,,TWD,37.32
201909,AA1,94991068,日盛新台商基金,,TWD,43.09
201909,AA1,20094820,柏瑞巨人基金,,TWD,13.28
201909,AA1,17608487,復華數位經濟基金,,TWD,49.65
201909,AA1,18488279,復華中小精選基金,,TWD,69.01
201909,AA1,21759676,復華全方位基金,,TWD,31.02
201909,AA1,73998086,復華高成長基金,,TWD,71.26
201909,AA1,81587889,復華復華基金,,TWD,22.33
201909,AA1,13998344,永豐中小基金,,TWD,55.52
201909,AA1,73992013,永豐領航科技基金,,TWD,40.4
201909,AA1,81594690,永豐永豐基金,,TWD,34.3
201909,AA1,48893417,中國信託台灣活力基金,,TWD,13.36
201909,AA1,17144889,宏利台灣動力基金A類型,,TWD,31.64
201909,AA1,17144889,宏利台灣動力基金I類型,,TWD,31.64
201909,AA1,73982057,宏利臺灣股息收益基金A類型,,TWD,27.13
201909,AA1,73982057,宏利臺灣股息收益基金I類型,,TWD,27.13
201909,AA1,19330712,貝萊德寶利基金,,TWD,28.07
201909,AA1,00968493,野村鴻運基金,,TWD,21.41
201909,AA1,00988316,野村台灣運籌基金,,TWD,39.56
201909,AA1,01031564,野村積極成長基金,,TWD,14.36
201909,AA1,17146752,野村成長基金,,TWD,33.88
201909,AA1,17600534,野村高科技基金,,TWD,11.54
201909,AA1,18037937,野村ｅ科技基金,,TWD,21.87
201909,AA1,18488469,野村中小基金-累積類型,,TWD,50.46
201909,AA1,18488469,野村中小基金-S類型,,TWD,10
201909,AA1,19330754,野村優質基金-累積類型新臺幣計價,,TWD,40.28
201909,AA1,19330754,野村優質基金-S類型新臺幣計價,,TWD,11.12
201909,AA1,99973878,野村台灣高股息基金,,TWD,25.98
201909,AA1,17597236,聯邦精選科技基金,,TWD,13.87
201909,AA1,18496290,聯邦中國龍基金,,TWD,27.73
201909,AA1,17597600,鋒裕匯理阿波羅基金,,TWD,11.49
201909,AA1,17604124,安聯台灣大壩基金-A類型-新臺幣,,TWD,33.54
201909,AA1,17604124,安聯台灣大壩基金-G類型-新臺幣,,TWD,9.88
201909,AA1,18480065,安聯台灣科技基金,,TWD,55.33
201909,AA1,48997911,安聯台灣智慧基金,,TWD,38.45
201909,AA1,01031874,國泰小龍基金-新台幣,,TWD,15.96
201909,AA1,01031874,國泰小龍基金-美元I,,USD,15.9593
201909,AA1,14705562,國泰科技生化基金,,TWD,37.05
201909,AA1,17612497,國泰國泰基金-新台幣A,,TWD,24.37
201909,AA1,17612497,國泰國泰基金-新台幣I,,TWD,24.37
201909,AA1,18043059,國泰中小成長基金-新台幣,,TWD,45.91
201909,AA1,18043059,國泰中小成長基金-美元I,,USD,45.9108
201909,AA1,19291128,國泰大中華基金,,TWD,21.27
201909,AA1,13984165,富達台灣成長基金,,TWD,31.96
201909,AA1,18499732,德銀遠東DWS台灣旗艦基金,,TWD,17.86
201909,AA1,13539952,凱基開創基金,,TWD,30.19
201909,AA1,25612029,凱基台灣精五門基金,,TWD,22.74
201909,AA1,48948834,施羅德台灣樂活中小基金-A類型,,TWD,19.94
201909,AA1,48948834,施羅德台灣樂活中小基金-I類型,,TWD,4629.32
201909,AA1,48948834,施羅德台灣樂活中小基金-C類型,,TWD,3000
201909,AA1,14694495,華頓台灣基金,,TWD,24.15
201909,AA1,80892778,華頓中小型基金,,TWD,22.19
201909,AA1,15733973,富蘭克林華美第一富基金,,TWD,40.75
201909,AA1,26310297,富蘭克林華美台股傘型基金之高科技基金,,TWD,23.7
201909,AA1,26310310,富蘭克林華美台股傘型基金之傳產基金,,TWD,22.55
201909,AA1,17602821,台新2000高科技基金,,TWD,34.41
201909,AA1,48858663,台新主流基金,,TWD,26.35
201909,AA1,80894446,台新中國通基金,,TWD,49.86
201909,AA1,81588536,台新台灣中小基金,,TWD,38.92
201909,AA1,26320632,合庫台灣基金,,TWD,12.2
201909,AA1,42532205,路博邁AR台灣股票基金T累積級別(新臺幣),,TWD,10.05
201909,AA1,42532205,路博邁AR台灣股票基金T月配級別(新臺幣),,TWD,9.03
201909,AA1,42532205,路博邁AR台灣股票基金N累積級別(新臺幣),,TWD,10
201909,AA1,42532205,路博邁AR台灣股票基金N月配級別(新臺幣),,TWD,10
201912,AA1,00965469,兆豐國際第一基金,,TWD,15.75
201912,AA1,01050148,兆豐國際國民基金,,TWD,25.93
201912,AA1,10341837,兆豐國際豐台灣基金,,TWD,40.38
201912,AA1,73991751,兆豐國際電子基金,,TWD,30.25
201912,AA1,15739619,第一金大中華基金,,TWD,29.26
201912,AA1,19341318,第一金電子基金,,TWD,39.28
201912,AA1,20092528,第一金店頭市場基金,,TWD,8.92
201912,AA1,26202396,第一金創新趨勢基金,,TWD,24.7
201912,AA1,73989002,第一金小型精選基金,,TWD,35.91
201912,AA1,01031298,匯豐龍鳳基金-A類型,,TWD,60.02
201912,AA1,01031298,匯豐龍鳳基金-I類型,,TWD,60.02
201912,AA1,73987671,匯豐台灣精典基金,,TWD,27.71
201912,AA1,76941376,匯豐成功基金,,TWD,43.15
201912,AA1,92017794,匯豐龍騰電子基金,,TWD,44.16
201912,AA1,00974066,元大2001基金,,TWD,74.3
201912,AA1,01032058,元大多福基金,,TWD,59.58
201912,AA1,17139204,元大新主流基金,,TWD,29.03
201912,AA1,20080023,元大店頭基金,,TWD,9.87
201912,AA1,81584335,元大高科技基金,,TWD,23.65
201912,AA1,83863951,元大經貿基金,,TWD,41.69
201912,AA1,92001765,元大多多基金,,TWD,20.72
201912,AA1,92026219,元大卓越基金,,TWD,46.02
201912,AA1,17140568,景順主流基金,,TWD,21.42
201912,AA1,73989256,景順台灣科技基金,,TWD,38.01
201912,AA1,92019786,景順潛力基金,,TWD,36.21
201912,AA1,81595924,瀚亞中小型股基金,,TWD,24.2
201912,AA1,92003102,瀚亞高科技基金,,TWD,69.59
201912,AA1,92012572,瀚亞外銷基金,,TWD,45.83
201912,AA1,97990696,瀚亞菁華基金,,TWD,24.46
201912,AA1,01032183,保德信高成長基金,,TWD,113.79
201912,AA1,17602625,保德信新世紀基金,,TWD,10.95
201912,AA1,73990649,保德信科技島基金,,TWD,32.72
201912,AA1,83866508,保德信中小型股基金,,TWD,57.43
201912,AA1,92013967,保德信金滿意基金,,TWD,48.23
201912,AA1,97988636,保德信店頭市場基金,,TWD,42.29
201912,AA1,01031699,統一全天候基金-A類型,,TWD,130.88
201912,AA1,01031699,統一全天候基金-I類型,,TWD,131.96
201912,AA1,17605622,統一大滿貫基金-A類型,,TWD,41.77
201912,AA1,17605622,統一大滿貫基金-I類型,,TWD,41.77
201912,AA1,48934304,統一台灣動力基金,,TWD,23.68
201912,AA1,73990253,統一奔騰基金,,TWD,70.39
201912,AA1,77537493,統一統信基金,,TWD,35.72
201912,AA1,81581724,統一經建基金,,TWD,54.75
201912,AA1,92002244,統一黑馬基金,,TWD,70.23
201912,AA1,92012762,統一龍馬基金,,TWD,84.24
201912,AA1,97977878,統一中小基金,,TWD,29.24
201912,AA1,00974018,富邦基金A類型,,TWD,16.07
201912,AA1,00974018,富邦基金I類型,,TWD,16.07
201912,AA1,17148301,富邦台灣心基金,,TWD,26.94
201912,AA1,20089755,富邦精銳中小基金,,TWD,13.28
201912,AA1,81585475,富邦高成長基金,,TWD,28.77
201912,AA1,83864683,富邦科技基金,,TWD,28.52
201912,AA1,92002384,富邦精準基金,,TWD,52.15
201912,AA1,92010477,富邦長紅基金,,TWD,74.95
201912,AA1,01032162,摩根台灣增長基金,,TWD,55.82
201912,AA1,25636367,摩根台灣金磚基金-累積型,,TWD,21.7
201912,AA1,25636367,摩根台灣金磚基金-機構法人型,,TWD,21.7
201912,AA1,73989501,摩根中小基金,,TWD,24.66
201912,AA1,92012025,摩根新興科技基金,,TWD,61.56
201912,AA1,00973762,華南永昌永昌基金,,TWD,21.68
201912,AA1,42298518,華南永昌物聯網精選基金,,TWD,13.61
201912,AA1,00974241,新光台灣富貴基金,,TWD,27.22
201912,AA1,13986924,新光大三通基金,,TWD,21.15
201912,AA1,73998071,新光店頭基金,,TWD,25.58
201912,AA1,81585242,新光創新科技基金,,TWD,15.16
201912,AA1,19339782,群益創新科技基金,,TWD,38.52
201912,AA1,20081352,群益店頭市場基金,,TWD,107.67
201912,AA1,48675778,群益奧斯卡基金,,TWD,33.92
201912,AA1,48749899,群益葛萊美基金,,TWD,27.6
201912,AA1,81591434,群益長安基金,,TWD,33.76
201912,AA1,92028997,群益中小型股基金,,TWD,51.46
201912,AA1,97984293,群益馬拉松基金,,TWD,136.52
201912,AA1,97984293,群益馬拉松基金I類型,,TWD,0
201912,AA1,18033138,德信數位時代基金,,TWD,36.16
201912,AA1,26288534,德信台灣主流中小基金,,TWD,22.25
201912,AA1,97972846,德信大發基金,,TWD,33.72
201912,AA1,97997635,聯博大利基金,,TWD,42.52
201912,AA1,17147078,日盛精選五虎基金,,TWD,41.77
201912,AA1,17607591,日盛高科技基金,,TWD,22.39
201912,AA1,20084317,日盛日盛基金,,TWD,14.25
201912,AA1,26273336,日盛MIT主流基金,,TWD,18.11
201912,AA1,48948481,日盛首選基金,,TWD,20.76
201912,AA1,73988876,日盛小而美基金,,TWD,22.34
201912,AA1,81584975,日盛上選基金(A類型),,TWD,41.91
201912,AA1,81584975,日盛上選基金(I類型),,TWD,41.91
201912,AA1,94991068,日盛新台商基金,,TWD,49.19
201912,AA1,20094820,柏瑞巨人基金-A類型,,TWD,13.97
201912,AA1,20094820,柏瑞巨人基金-I類型,,TWD,0
201912,AA1,17608487,復華數位經濟基金,,TWD,54.07
201912,AA1,18488279,復華中小精選基金,,TWD,73.54
201912,AA1,21759676,復華全方位基金,,TWD,34.74
201912,AA1,73998086,復華高成長基金,,TWD,78.22
201912,AA1,81587889,復華復華基金,,TWD,24.6
201912,AA1,13998344,永豐中小基金-A類型,,TWD,59.3
201912,AA1,13998344,永豐中小基金-I類型,,TWD,59.3
201912,AA1,73992013,永豐領航科技基金,,TWD,43.52
201912,AA1,81594690,永豐永豐基金-A類型,,TWD,38.2
201912,AA1,81594690,永豐永豐基金-I類型,,TWD,38.2
201912,AA1,48893417,中國信託台灣活力基金,,TWD,14.23
201912,AA1,17144889,宏利台灣動力基金A類型,,TWD,35.33
201912,AA1,17144889,宏利台灣動力基金I類型,,TWD,35.33
201912,AA1,73982057,宏利臺灣股息收益基金A類型,,TWD,29.12
201912,AA1,73982057,宏利臺灣股息收益基金I類型,,TWD,29.12
201912,AA1,19330712,貝萊德寶利基金,,TWD,30.74
201912,AA1,00968493,野村鴻運基金,,TWD,23.8
201912,AA1,00988316,野村台灣運籌基金,,TWD,44.22
201912,AA1,01031564,野村積極成長基金,,TWD,16.17
201912,AA1,17146752,野村成長基金,,TWD,38.11
201912,AA1,17600534,野村高科技基金,,TWD,13.28
201912,AA1,18037937,野村ｅ科技基金,,TWD,25.07
201912,AA1,18488469,野村中小基金-累積類型,,TWD,57.9
201912,AA1,18488469,野村中小基金-S類型,,TWD,10
201912,AA1,19330754,野村優質基金-累積類型新臺幣計價,,TWD,46.59
201912,AA1,19330754,野村優質基金-S類型新臺幣計價,,TWD,12.87
201912,AA1,99973878,野村台灣高股息基金,,TWD,28.94
201912,AA1,17597236,聯邦精選科技基金,,TWD,15.01
201912,AA1,18496290,聯邦中國龍基金,,TWD,29.93
201912,AA1,17597600,鋒裕匯理阿波羅基金,,TWD,12.27
201912,AA1,17604124,安聯台灣大壩基金-A類型-新臺幣,,TWD,38.61
201912,AA1,17604124,安聯台灣大壩基金-G類型-新臺幣,,TWD,11.41
201912,AA1,18480065,安聯台灣科技基金,,TWD,64.15
201912,AA1,48997911,安聯台灣智慧基金,,TWD,46.2
201912,AA1,01031874,國泰小龍基金-新台幣,,TWD,17.25
201912,AA1,01031874,國泰小龍基金-美元I,,USD,17.2499
201912,AA1,14705562,國泰科技生化基金,,TWD,42.82
201912,AA1,17612497,國泰國泰基金-新台幣A,,TWD,27.41
201912,AA1,17612497,國泰國泰基金-新台幣I,,TWD,27.41
201912,AA1,18043059,國泰中小成長基金-新台幣,,TWD,51.89
201912,AA1,18043059,國泰中小成長基金-美元I,,USD,51.8907
201912,AA1,19291128,國泰大中華基金,,TWD,23.51
201912,AA1,13984165,富達台灣成長基金,,TWD,34.77
201912,AA1,18499732,德銀遠東DWS台灣旗艦基金,,TWD,20.47
201912,AA1,13539952,凱基開創基金,,TWD,32.73
201912,AA1,25612029,凱基台灣精五門基金,,TWD,24.93
201912,AA1,48948834,施羅德台灣樂活中小基金-A類型,,TWD,21.49
201912,AA1,48948834,施羅德台灣樂活中小基金-I類型,,TWD,5009.05
201912,AA1,48948834,施羅德台灣樂活中小基金-C類型,,TWD,3000
201912,AA1,14694495,華頓台灣基金,,TWD,27.77
201912,AA1,80892778,華頓中小型基金,,TWD,26.02
201912,AA1,15733973,富蘭克林華美第一富基金,,TWD,44.08
201912,AA1,26310297,富蘭克林華美台股傘型基金之高科技基金,,TWD,25.69
201912,AA1,17602821,台新2000高科技基金,,TWD,37.61
201912,AA1,48858663,台新主流基金,,TWD,26.2
201912,AA1,80894446,台新中國通基金,,TWD,53.68
201912,AA1,81588536,台新台灣中小基金,,TWD,41.48
201912,AA1,26320632,合庫台灣基金,,TWD,13.34
201912,AA1,42532205,路博邁AR台灣股票基金T累積級別(新臺幣),,TWD,10.6
201912,AA1,42532205,路博邁AR台灣股票基金T月配級別(新臺幣),,TWD,9.39
201912,AA1,42532205,路博邁AR台灣股票基金N累積級別(新臺幣),,TWD,10
201912,AA1,42532205,路博邁AR台灣股票基金N月配級別(新臺幣),,TWD,10
202003,AA1,00965469,兆豐國際第一基金,,TWD,12.7
202003,AA1,01050148,兆豐國際國民基金,,TWD,20.79
202003,AA1,10341837,兆豐國際豐台灣基金,,TWD,32.16
202003,AA1,73991751,兆豐國際電子基金,,TWD,24.15
202003,AA1,15739619,第一金大中華基金,,TWD,24.57
202003,AA1,19341318,第一金電子基金,,TWD,33.61
202003,AA1,20092528,第一金店頭市場基金,,TWD,7.46
202003,AA1,26202396,第一金創新趨勢基金-A類型,,TWD,20.36
202003,AA1,26202396,第一金創新趨勢基金-I類型,,TWD,0
202003,AA1,73989002,第一金小型精選基金,,TWD,30.55
202003,AA1,01031298,匯豐龍鳳基金-A類型,,TWD,48.31
202003,AA1,01031298,匯豐龍鳳基金-I類型,,TWD,0
202003,AA1,73987671,匯豐台灣精典基金,,TWD,22.33
202003,AA1,76941376,匯豐成功基金,,TWD,33.78
202003,AA1,92017794,匯豐龍騰電子基金,,TWD,36.37
202003,AA1,00974066,元大2001基金,,TWD,60.13
202003,AA1,01032058,元大多福基金,,TWD,47.14
202003,AA1,17139204,元大新主流基金,,TWD,23.46
202003,AA1,20080023,元大店頭基金,,TWD,8.03
202003,AA1,76959044,元大台灣高股息優質龍頭基金-新台幣(A)不配息,,TWD,10
202003,AA1,76959044,元大台灣高股息優質龍頭基金-新台幣(B)配息,,TWD,10
202003,AA1,81584335,元大高科技基金,,TWD,18.79
202003,AA1,83863951,元大經貿基金,,TWD,33.06
202003,AA1,92001765,元大多多基金,,TWD,16.86
202003,AA1,92026219,元大卓越基金,,TWD,37.83
202003,AA1,17140568,景順主流基金,,TWD,17.25
202003,AA1,73989256,景順台灣科技基金,,TWD,30.51
202003,AA1,92019786,景順潛力基金,,TWD,28.67
202003,AA1,81595924,瀚亞中小型股基金,,TWD,19.45
202003,AA1,92003102,瀚亞高科技基金,,TWD,55.99
202003,AA1,92012572,瀚亞外銷基金,,TWD,36.65
202003,AA1,97990696,瀚亞菁華基金,,TWD,19.22
202003,AA1,01032183,保德信高成長基金,,TWD,96.94
202003,AA1,17602625,保德信新世紀基金,,TWD,8.91
202003,AA1,73990649,保德信科技島基金,,TWD,27.74
202003,AA1,83866508,保德信中小型股基金,,TWD,48.39
202003,AA1,92013967,保德信金滿意基金,,TWD,40.58
202003,AA1,97988636,保德信店頭市場基金,,TWD,37.75
202003,AA1,01031699,統一全天候基金-A類型,,TWD,107.09
202003,AA1,01031699,統一全天候基金-I類型,,TWD,108.14
202003,AA1,17605622,統一大滿貫基金-A類型,,TWD,34.91
202003,AA1,17605622,統一大滿貫基金-I類型,,TWD,34.95
202003,AA1,48934304,統一台灣動力基金,,TWD,19.02
202003,AA1,73990253,統一奔騰基金,,TWD,57.59
202003,AA1,77537493,統一統信基金,,TWD,28.06
202003,AA1,81581724,統一經建基金,,TWD,44.44
202003,AA1,92002244,統一黑馬基金,,TWD,57.93
202003,AA1,92012762,統一龍馬基金,,TWD,70.9
202003,AA1,97977878,統一中小基金,,TWD,23.9
202003,AA1,00974018,富邦基金A類型,,TWD,13.22
202003,AA1,00974018,富邦基金I類型,,TWD,13.22
202003,AA1,17148301,富邦台灣心基金,,TWD,21.51
202003,AA1,20089755,富邦精銳中小基金,,TWD,10.86
202003,AA1,81585475,富邦高成長基金,,TWD,23.45
202003,AA1,83864683,富邦科技基金,,TWD,22.6
202003,AA1,92002384,富邦精準基金,,TWD,42.54
202003,AA1,92010477,富邦長紅基金,,TWD,60.41
202003,AA1,01032162,摩根台灣增長基金,,TWD,44.86
202003,AA1,25636367,摩根台灣金磚基金-累積型,,TWD,18.1
202003,AA1,25636367,摩根台灣金磚基金-機構法人型,,TWD,18.1
202003,AA1,73989501,摩根中小基金,,TWD,21.15
202003,AA1,92012025,摩根新興科技基金,,TWD,51.39
202003,AA1,00973762,華南永昌永昌基金,,TWD,18.64
202003,AA1,42298518,華南永昌物聯網精選基金,,TWD,11.95
202003,AA1,00974241,新光台灣富貴基金,,TWD,21.82
202003,AA1,13986924,新光大三通基金,,TWD,17.39
202003,AA1,73998071,新光店頭基金,,TWD,20.49
202003,AA1,81585242,新光創新科技基金,,TWD,11.89
202003,AA1,19339782,群益創新科技基金,,TWD,31.21
202003,AA1,20081352,群益店頭市場基金,,TWD,87.57
202003,AA1,48675778,群益奧斯卡基金,,TWD,27.34
202003,AA1,48749899,群益葛萊美基金,,TWD,20.59
202003,AA1,81591434,群益長安基金,,TWD,27.77
202003,AA1,92028997,群益中小型股基金,,TWD,41.8
202003,AA1,97984293,群益馬拉松基金,,TWD,107.82
202003,AA1,97984293,群益馬拉松基金I類型,,TWD,0
202003,AA1,18033138,德信數位時代基金,,TWD,29.24
202003,AA1,26288534,德信台灣主流中小基金,,TWD,18.15
202003,AA1,97972846,德信大發基金,,TWD,27.93
202003,AA1,97997635,聯博大利基金,,TWD,34.41
202003,AA1,17147078,日盛精選五虎基金,,TWD,35.37
202003,AA1,17607591,日盛高科技基金,,TWD,18.27
202003,AA1,20084317,日盛日盛基金,,TWD,11.63
202003,AA1,26273336,日盛MIT主流基金,,TWD,15.76
202003,AA1,48948481,日盛首選基金,,TWD,18.16
202003,AA1,73988876,日盛小而美基金,,TWD,18.79
202003,AA1,81584975,日盛上選基金(A類型),,TWD,33.91
202003,AA1,81584975,日盛上選基金(I類型),,TWD,33.91
202003,AA1,94991068,日盛新台商基金,,TWD,40.53
202003,AA1,20094820,柏瑞巨人基金-A類型,,TWD,11.74
202003,AA1,20094820,柏瑞巨人基金-I類型,,TWD,0
202003,AA1,17608487,復華數位經濟基金,,TWD,43
202003,AA1,18488279,復華中小精選基金,,TWD,57.65
202003,AA1,21759676,復華全方位基金,,TWD,27.54
202003,AA1,73998086,復華高成長基金,,TWD,61.93
202003,AA1,81587889,復華復華基金,,TWD,19.21
202003,AA1,13998344,永豐中小基金-A類型,,TWD,49.06
202003,AA1,13998344,永豐中小基金-I類型,,TWD,49.06
202003,AA1,73992013,永豐領航科技基金,,TWD,36
202003,AA1,81594690,永豐永豐基金-A類型,,TWD,31.1
202003,AA1,81594690,永豐永豐基金-I類型,,TWD,31.1
202003,AA1,48893417,中國信託台灣活力基金,,TWD,11.71
202003,AA1,17144889,宏利台灣動力基金A類型,,TWD,29.29
202003,AA1,17144889,宏利台灣動力基金I類型,,TWD,29.29
202003,AA1,73982057,宏利臺灣股息收益基金A類型,,TWD,24.92
202003,AA1,73982057,宏利臺灣股息收益基金I類型,,TWD,24.92
202003,AA1,19330712,貝萊德寶利基金,,TWD,25.4
202003,AA1,00968493,野村鴻運基金,,TWD,18.41
202003,AA1,00988316,野村台灣運籌基金,,TWD,34.4
202003,AA1,01031564,野村積極成長基金,,TWD,12.79
202003,AA1,17146752,野村成長基金,,TWD,30.04
202003,AA1,17600534,野村高科技基金,,TWD,10.78
202003,AA1,18037937,野村ｅ科技基金,,TWD,20.41
202003,AA1,18488469,野村中小基金-累積類型,,TWD,46.98
202003,AA1,18488469,野村中小基金-S類型,,TWD,10
202003,AA1,19330754,野村優質基金-累積類型新臺幣計價,,TWD,36.26
202003,AA1,19330754,野村優質基金-S類型新臺幣計價,,TWD,10.03
202003,AA1,99973878,野村台灣高股息基金,,TWD,23.83
202003,AA1,17597236,聯邦精選科技基金,,TWD,12.28
202003,AA1,18496290,聯邦中國龍基金,,TWD,24.33
202003,AA1,17597600,鋒裕匯理阿波羅基金,,TWD,9.53
202003,AA1,17604124,安聯台灣大壩基金-A類型-新臺幣,,TWD,31.59
202003,AA1,17604124,安聯台灣大壩基金-G類型-新臺幣,,TWD,9.36
202003,AA1,18480065,安聯台灣科技基金,,TWD,50.54
202003,AA1,48997911,安聯台灣智慧基金,,TWD,38.85
202003,AA1,01031874,國泰小龍基金-新台幣,,TWD,14.16
202003,AA1,01031874,國泰小龍基金-美元I,,USD,14.1591
202003,AA1,14705562,國泰科技生化基金,,TWD,33.47
202003,AA1,17612497,國泰國泰基金-新台幣A,,TWD,21.43
202003,AA1,17612497,國泰國泰基金-新台幣I,,TWD,21.43
202003,AA1,18043059,國泰中小成長基金-新台幣,,TWD,41.5
202003,AA1,18043059,國泰中小成長基金-美元I,,USD,41.5006
202003,AA1,19291128,國泰大中華基金,,TWD,18.51
202003,AA1,13984165,富達台灣成長基金,,TWD,28.5
202003,AA1,18499732,德銀遠東DWS台灣旗艦基金,,TWD,16.09
202003,AA1,13539952,凱基開創基金,,TWD,26.39
202003,AA1,25612029,凱基台灣精五門基金,,TWD,21.39
202003,AA1,48948834,施羅德台灣樂活中小基金-A類型,,TWD,18.18
202003,AA1,48948834,施羅德台灣樂活中小基金-I類型,,TWD,4255.66
202003,AA1,48948834,施羅德台灣樂活中小基金-C類型,,TWD,3000
202003,AA1,14694495,街口台灣基金,,TWD,22.36
202003,AA1,80892778,街口中小型基金,,TWD,20.49
202003,AA1,15733973,富蘭克林華美第一富基金,,TWD,36.64
202003,AA1,26310297,富蘭克林華美台股傘型基金之高科技基金,,TWD,21.22
202003,AA1,17602821,台新2000高科技基金,,TWD,28.52
202003,AA1,48858663,台新主流基金,,TWD,21.8
202003,AA1,80894446,台新中國通基金,,TWD,42.95
202003,AA1,81588536,台新台灣中小基金,,TWD,31.94
202003,AA1,26320632,合庫台灣基金,,TWD,10.41
202003,AA1,42532205,路博邁AR台灣股票基金T累積級別(新臺幣),,TWD,9.41
202003,AA1,42532205,路博邁AR台灣股票基金T月配級別(新臺幣),,TWD,8.22
202003,AA1,42532205,路博邁AR台灣股票基金N累積級別(新臺幣),,TWD,10
202003,AA1,42532205,路博邁AR台灣股票基金N月配級別(新臺幣),,TWD,10
202006,AA1,00965469,兆豐國際第一基金,,TWD,16.22
202006,AA1,01050148,兆豐國際國民基金,,TWD,26.67
202006,AA1,10341837,兆豐國際豐台灣基金,,TWD,38.79
202006,AA1,73991751,兆豐國際電子基金,,TWD,30.55
202006,AA1,19341318,第一金電子基金,,TWD,40.25
202006,AA1,20092528,第一金店頭市場基金,,TWD,9.13
202006,AA1,26202396,第一金創新趨勢基金-A類型,,TWD,24.28
202006,AA1,26202396,第一金創新趨勢基金-I類型,,TWD,0
202006,AA1,73989002,第一金小型精選基金,,TWD,38.21
202006,AA1,01031298,匯豐龍鳳基金-A類型,,TWD,59.56
202006,AA1,01031298,匯豐龍鳳基金-I類型,,TWD,0
202006,AA1,73987671,匯豐台灣精典基金,,TWD,27.46
202006,AA1,76941376,匯豐成功基金,,TWD,39.48
202006,AA1,92017794,匯豐龍騰電子基金,,TWD,45.56
202006,AA1,00974066,元大2001基金,,TWD,73.91
202006,AA1,01032058,元大多福基金,,TWD,58.96
202006,AA1,17139204,元大新主流基金,,TWD,29.09
202006,AA1,20080023,元大店頭基金,,TWD,10.62
202006,AA1,76959044,元大台灣高股息優質龍頭基金-新台幣(A)不配息,,TWD,10.7
202006,AA1,76959044,元大台灣高股息優質龍頭基金-新台幣(B)配息,,TWD,10.7
202006,AA1,81584335,元大高科技基金,,TWD,23.74
202006,AA1,83863951,元大經貿基金,,TWD,41.38
202006,AA1,92001765,元大多多基金,,TWD,21.1
202006,AA1,92026219,元大卓越基金,,TWD,43.45
202006,AA1,17140568,景順主流基金,,TWD,21.34
202006,AA1,73989256,景順台灣科技基金,,TWD,38.23
202006,AA1,92019786,景順潛力基金,,TWD,34.83
202006,AA1,81595924,瀚亞中小型股基金,,TWD,25.71
202006,AA1,92003102,瀚亞高科技基金,,TWD,73.7
202006,AA1,92012572,瀚亞外銷基金,,TWD,45.79
202006,AA1,97990696,瀚亞菁華基金,,TWD,24.76
202006,AA1,01032183,保德信高成長基金,,TWD,126.08
202006,AA1,17602625,保德信新世紀基金,,TWD,10.59
202006,AA1,73990649,保德信科技島基金,,TWD,35.69
202006,AA1,83866508,保德信中小型股基金,,TWD,63.54
202006,AA1,92013967,保德信金滿意基金,,TWD,51.37
202006,AA1,97988636,保德信店頭市場基金,,TWD,50.45
202006,AA1,01031699,統一全天候基金-A類型,,TWD,134.44
202006,AA1,01031699,統一全天候基金-I類型,,TWD,135.96
202006,AA1,17605622,統一大滿貫基金-A類型,,TWD,41.66
202006,AA1,17605622,統一大滿貫基金-I類型,,TWD,41.79
202006,AA1,48934304,統一台灣動力基金,,TWD,24.84
202006,AA1,73990253,統一奔騰基金,,TWD,72.54
202006,AA1,77537493,統一統信基金,,TWD,37.4
202006,AA1,81581724,統一經建基金,,TWD,56.8
202006,AA1,92002244,統一黑馬基金,,TWD,72.57
202006,AA1,92012762,統一龍馬基金,,TWD,86.65
202006,AA1,97977878,統一中小基金,,TWD,29.62
202006,AA1,00974018,富邦基金A類型,,TWD,17.47
202006,AA1,00974018,富邦基金I類型,,TWD,17.47
202006,AA1,17148301,富邦台灣心基金,,TWD,29.13
202006,AA1,20089755,富邦精銳中小基金,,TWD,14.33
202006,AA1,81585475,富邦高成長基金,,TWD,32.45
202006,AA1,83864683,富邦科技基金,,TWD,31.48
202006,AA1,92002384,富邦精準基金,,TWD,57.73
202006,AA1,92010477,富邦長紅基金,,TWD,83.77
202006,AA1,01032162,摩根台灣增長基金,,TWD,54.77
202006,AA1,25636367,摩根台灣金磚基金-累積型,,TWD,23.41
202006,AA1,25636367,摩根台灣金磚基金-機構法人型,,TWD,23.41
202006,AA1,73989501,摩根中小基金,,TWD,27.6
202006,AA1,92012025,摩根新興科技基金,,TWD,66.55
202006,AA1,00973762,華南永昌永昌基金,,TWD,24.35
202006,AA1,42298518,華南永昌物聯網精選基金,,TWD,15.62
202006,AA1,00974241,新光台灣富貴基金,,TWD,27.7
202006,AA1,13986924,新光大三通基金,,TWD,23.2
202006,AA1,73998071,新光店頭基金,,TWD,27.4
202006,AA1,81585242,新光創新科技基金,,TWD,15.41
202006,AA1,19339782,群益創新科技基金,,TWD,41.13
202006,AA1,20081352,群益店頭市場基金,,TWD,112.73
202006,AA1,48675778,群益奧斯卡基金,,TWD,36.12
202006,AA1,48749899,群益葛萊美基金,,TWD,26.83
202006,AA1,81591434,群益長安基金,,TWD,34.58
202006,AA1,92028997,群益中小型股基金,,TWD,53.52
202006,AA1,97984293,群益馬拉松基金,,TWD,131.37
202006,AA1,97984293,群益馬拉松基金I類型,,TWD,0
202006,AA1,18033138,德信數位時代基金,,TWD,36.66
202006,AA1,26288534,德信台灣主流中小基金,,TWD,23.96
202006,AA1,97972846,德信大發基金,,TWD,34.58
202006,AA1,97997635,聯博大利基金,,TWD,41.54
202006,AA1,17147078,日盛精選五虎基金,,TWD,42.23
202006,AA1,17607591,日盛高科技基金,,TWD,23.51
202006,AA1,20084317,日盛日盛基金,,TWD,12.19
202006,AA1,26273336,日盛MIT主流基金,,TWD,18.4
202006,AA1,48948481,日盛首選基金,,TWD,23.08
202006,AA1,73988876,日盛小而美基金,,TWD,22.73
202006,AA1,81584975,日盛上選基金(A類型),,TWD,43.21
202006,AA1,81584975,日盛上選基金(I類型),,TWD,43.21
202006,AA1,94991068,日盛新台商基金,,TWD,52.48
202006,AA1,20094820,柏瑞巨人基金-A類型,,TWD,13.54
202006,AA1,20094820,柏瑞巨人基金-I類型,,TWD,0
202006,AA1,17608487,復華數位經濟基金,,TWD,55.29
202006,AA1,18488279,復華中小精選基金,,TWD,75.29
202006,AA1,21759676,復華全方位基金,,TWD,35.34
202006,AA1,73998086,復華高成長基金,,TWD,74.84
202006,AA1,81587889,復華復華基金,,TWD,23.74
202006,AA1,13998344,永豐中小基金-A類型,,TWD,61.69
202006,AA1,13998344,永豐中小基金-I類型,,TWD,61.69
202006,AA1,73992013,永豐領航科技基金,,TWD,43.11
202006,AA1,77074486,永豐臺灣ESG永續優選基金-A累積類型,,TWD,10.16
202006,AA1,77074486,永豐臺灣ESG永續優選基金-A年配類型,,TWD,10.16
202006,AA1,77074486,永豐臺灣ESG永續優選基金-I類型,,TWD,10.16
202006,AA1,81594690,永豐永豐基金-A類型,,TWD,38.47
202006,AA1,81594690,永豐永豐基金-I類型,,TWD,38.47
202006,AA1,48893417,中國信託台灣活力基金,,TWD,15.03
202006,AA1,17144889,宏利台灣動力基金A類型,,TWD,37.06
202006,AA1,17144889,宏利台灣動力基金I類型,,TWD,37.07
202006,AA1,73982057,宏利臺灣股息收益基金A類型,,TWD,30.3
202006,AA1,73982057,宏利臺灣股息收益基金I類型,,TWD,30.3
202006,AA1,19330712,貝萊德寶利基金,,TWD,33.08
202006,AA1,00968493,野村鴻運基金,,TWD,25.08
202006,AA1,00988316,野村台灣運籌基金,,TWD,45.1
202006,AA1,01031564,野村積極成長基金,,TWD,17.8
202006,AA1,17146752,野村成長基金,,TWD,41.78
202006,AA1,17600534,野村高科技基金,,TWD,13.53
202006,AA1,18037937,野村ｅ科技基金,,TWD,25.63
202006,AA1,18488469,野村中小基金-累積類型,,TWD,61.36
202006,AA1,18488469,野村中小基金-S類型,,TWD,10
202006,AA1,19330754,野村優質基金-累積類型新臺幣計價,,TWD,52.34
202006,AA1,19330754,野村優質基金-S類型新臺幣計價,,TWD,14.5
202006,AA1,99973878,野村台灣高股息基金,,TWD,28.75
202006,AA1,17597236,聯邦精選科技基金,,TWD,15.42
202006,AA1,18496290,聯邦中國龍基金,,TWD,30.7
202006,AA1,17597600,鋒裕匯理阿波羅基金,,TWD,12.49
202006,AA1,17604124,安聯台灣大壩基金-A類型-新臺幣,,TWD,42.14
202006,AA1,17604124,安聯台灣大壩基金-G類型-新臺幣,,TWD,12.51
202006,AA1,18480065,安聯台灣科技基金,,TWD,67.69
202006,AA1,48997911,安聯台灣智慧基金,,TWD,50.37
202006,AA1,01031874,國泰小龍基金-新台幣,,TWD,17.73
202006,AA1,01031874,國泰小龍基金-美元I,,USD,17.7297
202006,AA1,14705562,國泰科技生化基金,,TWD,43.16
202006,AA1,17612497,國泰國泰基金-新台幣A,,TWD,27.83
202006,AA1,17612497,國泰國泰基金-新台幣I,,TWD,27.83
202006,AA1,18043059,國泰中小成長基金-新台幣,,TWD,52.89
202006,AA1,18043059,國泰中小成長基金-美元I,,USD,52.8902
202006,AA1,19291128,國泰大中華基金,,TWD,24.58
202006,AA1,13984165,富達台灣成長基金,,TWD,35.1
202006,AA1,18499732,德銀遠東DWS台灣旗艦基金,,TWD,21.76
202006,AA1,13539952,凱基開創基金,,TWD,31.83
202006,AA1,25612029,凱基台灣精五門基金,,TWD,25.68
202006,AA1,48948834,施羅德台灣樂活中小基金-A類型,,TWD,23.22
202006,AA1,48948834,施羅德台灣樂活中小基金-I類型,,TWD,5454.8
202006,AA1,48948834,施羅德台灣樂活中小基金-C類型,,TWD,3000
202006,AA1,14694495,街口台灣基金,,TWD,28.55
202006,AA1,80892778,街口中小型基金,,TWD,27.67
202006,AA1,15733973,富蘭克林華美第一富基金,,TWD,45.25
202006,AA1,26310297,富蘭克林華美台股傘型基金之高科技基金,,TWD,26.39
202006,AA1,17602821,台新2000高科技基金,,TWD,36.47
202006,AA1,48858663,台新主流基金,,TWD,27.38
202006,AA1,80894446,台新中國通基金,,TWD,55.38
202006,AA1,81588536,台新台灣中小基金,,TWD,41.25
202006,AA1,26320632,合庫台灣基金,,TWD,12.94
202006,AA1,42532205,路博邁AR台灣股票基金T累積級別(新臺幣),,TWD,10.55
202006,AA1,42532205,路博邁AR台灣股票基金T月配級別(新臺幣),,TWD,9.09
202006,AA1,42532205,路博邁AR台灣股票基金N累積級別(新臺幣),,TWD,10.16
202006,AA1,42532205,路博邁AR台灣股票基金N月配級別(新臺幣),,TWD,10.91
202009,AA1,00965469,兆豐國際第一基金,,TWD,16.79
202009,AA1,01050148,兆豐國際國民基金,,TWD,27.16
202009,AA1,10341837,兆豐國際豐台灣基金,,TWD,40.06
202009,AA1,73991751,兆豐國際電子基金,,TWD,31.37
202009,AA1,88090408,兆豐國際台灣先進通訊基金,,TWD,10.01
202009,AA1,19341318,第一金電子基金,,TWD,42.82
202009,AA1,20092528,第一金店頭市場基金,,TWD,9.14
202009,AA1,26202396,第一金創新趨勢基金-A類型,,TWD,25.04
202009,AA1,26202396,第一金創新趨勢基金-I類型,,TWD,0
202009,AA1,73989002,第一金小型精選基金,,TWD,38.84
202009,AA1,01031298,匯豐龍鳳基金-A類型,,TWD,62.08
202009,AA1,01031298,匯豐龍鳳基金-I類型,,TWD,0
202009,AA1,73987671,匯豐台灣精典基金,,TWD,28.55
202009,AA1,76941376,匯豐成功基金,,TWD,41.26
202009,AA1,92017794,匯豐龍騰電子基金,,TWD,48.28
202009,AA1,00974066,元大2001基金,,TWD,80.77
202009,AA1,01032058,元大多福基金,,TWD,60.93
202009,AA1,17139204,元大新主流基金,,TWD,31.79
202009,AA1,20080023,元大店頭基金,,TWD,10.27
202009,AA1,76959044,元大台灣高股息優質龍頭基金-新台幣(A)不配息,,TWD,11.14
202009,AA1,76959044,元大台灣高股息優質龍頭基金-新台幣(B)配息,,TWD,11.14
202009,AA1,76959044,元大台灣高股息優質龍頭基金-I類型累積級別,,TWD,11.14
202009,AA1,76959044,元大台灣高股息優質龍頭基金-I類型配息級別,,TWD,11.14
202009,AA1,81584335,元大高科技基金,,TWD,24.39
202009,AA1,83863951,元大經貿基金,,TWD,44.6
202009,AA1,92001765,元大多多基金,,TWD,21.99
202009,AA1,92026219,元大卓越基金,,TWD,44.92
202009,AA1,17140568,景順主流基金,,TWD,22.55
202009,AA1,73989256,景順台灣科技基金,,TWD,40.2
202009,AA1,92019786,景順潛力基金,,TWD,35.51
202009,AA1,81595924,瀚亞中小型股基金,,TWD,27.16
202009,AA1,92003102,瀚亞高科技基金,,TWD,80.56
202009,AA1,92012572,瀚亞外銷基金,,TWD,48.51
202009,AA1,97990696,瀚亞菁華基金,,TWD,26.71
202009,AA1,01032183,保德信高成長基金,,TWD,134.97
202009,AA1,17602625,保德信新世紀基金,,TWD,10.67
202009,AA1,73990649,保德信科技島基金,,TWD,38.44
202009,AA1,83866508,保德信中小型股基金,,TWD,65.33
202009,AA1,92013967,保德信金滿意基金,,TWD,52.85
202009,AA1,97988636,保德信店頭市場基金,,TWD,51.15
202009,AA1,01031699,統一全天候基金-A類型,,TWD,146.3
202009,AA1,01031699,統一全天候基金-I類型,,TWD,148.18
202009,AA1,17605622,統一大滿貫基金-A類型,,TWD,41.38
202009,AA1,17605622,統一大滿貫基金-I類型,,TWD,43.01
202009,AA1,48934304,統一台灣動力基金,,TWD,25.34
202009,AA1,73990253,統一奔騰基金,,TWD,70.85
202009,AA1,77537493,統一統信基金,,TWD,38.38
202009,AA1,81581724,統一經建基金,,TWD,57.46
202009,AA1,92002244,統一黑馬基金,,TWD,71.5
202009,AA1,92012762,統一龍馬基金,,TWD,86.23
202009,AA1,97977878,統一中小基金,,TWD,30.17
202009,AA1,00974018,富邦基金A類型,,TWD,18.85
202009,AA1,00974018,富邦基金I類型,,TWD,18.85
202009,AA1,17148301,富邦台灣心基金,,TWD,30.24
202009,AA1,20089755,富邦精銳中小基金,,TWD,15.42
202009,AA1,81585475,富邦高成長基金,,TWD,32.63
202009,AA1,83864683,富邦科技基金,,TWD,31.51
202009,AA1,88095396,富邦台灣永續發展高股息基金-A類型,,TWD,9.71
202009,AA1,88095396,富邦台灣永續發展高股息基金-B類型,,TWD,9.71
202009,AA1,92002384,富邦精準基金,,TWD,61.01
202009,AA1,92010477,富邦長紅基金,,TWD,84.32
202009,AA1,01032162,摩根台灣增長基金,,TWD,56.89
202009,AA1,25636367,摩根台灣金磚基金-累積型,,TWD,24.96
202009,AA1,25636367,摩根台灣金磚基金-機構法人型,,TWD,24.96
202009,AA1,73989501,摩根中小基金,,TWD,28.54
202009,AA1,92012025,摩根新興科技基金,,TWD,71.26
202009,AA1,00973762,華南永昌永昌基金,,TWD,27.2
202009,AA1,42298518,華南永昌物聯網精選基金,,TWD,17.06
202009,AA1,00974241,新光台灣富貴基金,,TWD,29.98
202009,AA1,13986924,新光大三通基金,,TWD,25.51
202009,AA1,73998071,新光店頭基金,,TWD,29.47
202009,AA1,81585242,新光創新科技基金,,TWD,16.59
202009,AA1,19339782,群益創新科技基金,,TWD,44.68
202009,AA1,20081352,群益店頭市場基金,,TWD,117.18
202009,AA1,48675778,群益奧斯卡基金,,TWD,38.69
202009,AA1,48749899,群益葛萊美基金,,TWD,29.45
202009,AA1,81591434,群益長安基金,,TWD,37.47
202009,AA1,92028997,群益中小型股基金,,TWD,58.79
202009,AA1,97984293,群益馬拉松基金,,TWD,131.93
202009,AA1,97984293,群益馬拉松基金I類型,,TWD,0
202009,AA1,18033138,德信數位時代基金,,TWD,44.17
202009,AA1,26288534,德信台灣主流中小基金,,TWD,26.21
202009,AA1,97972846,德信大發基金,,TWD,37.1
202009,AA1,97997635,聯博大利基金,,TWD,44
202009,AA1,17147078,日盛精選五虎基金,,TWD,45.08
202009,AA1,17607591,日盛高科技基金,,TWD,25.66
202009,AA1,20084317,日盛日盛基金,,TWD,12.66
202009,AA1,26273336,日盛MIT主流基金,,TWD,18.65
202009,AA1,48948481,日盛首選基金,,TWD,23.8
202009,AA1,73988876,日盛小而美基金,,TWD,23.71
202009,AA1,81584975,日盛上選基金(A類型),,TWD,44.89
202009,AA1,81584975,日盛上選基金(I類型),,TWD,44.89
202009,AA1,94991068,日盛新台商基金,,TWD,54.76
202009,AA1,20094820,柏瑞巨人基金-A類型,,TWD,14.3
202009,AA1,20094820,柏瑞巨人基金-I類型,,TWD,0
202009,AA1,17608487,復華數位經濟基金,,TWD,58.72
202009,AA1,18488279,復華中小精選基金,,TWD,82.85
202009,AA1,21759676,復華全方位基金,,TWD,37.51
202009,AA1,73998086,復華高成長基金,,TWD,78.29
202009,AA1,81587889,復華復華基金,,TWD,25.36
202009,AA1,13998344,永豐中小基金-A類型,,TWD,61.08
202009,AA1,13998344,永豐中小基金-I類型,,TWD,61.08
202009,AA1,73992013,永豐領航科技基金,,TWD,44.52
202009,AA1,77074486,永豐臺灣ESG永續優選基金-A累積類型,,TWD,10.63
202009,AA1,77074486,永豐臺灣ESG永續優選基金-A年配類型,,TWD,10.63
202009,AA1,77074486,永豐臺灣ESG永續優選基金-I類型,,TWD,10.63
202009,AA1,81594690,永豐永豐基金-A類型,,TWD,38.78
202009,AA1,81594690,永豐永豐基金-I類型,,TWD,38.78
202009,AA1,48893417,中國信託台灣活力基金,,TWD,15.1
202009,AA1,17144889,宏利台灣動力基金A類型,,TWD,38.95
202009,AA1,17144889,宏利台灣動力基金I類型,,TWD,39.06
202009,AA1,73982057,宏利臺灣股息收益基金A類型,,TWD,31.84
202009,AA1,73982057,宏利臺灣股息收益基金I類型,,TWD,31.84
202009,AA1,19330712,貝萊德寶利基金,,TWD,34.82
202009,AA1,00968493,野村鴻運基金,,TWD,27.4
202009,AA1,00988316,野村台灣運籌基金,,TWD,49.75
202009,AA1,01031564,野村積極成長基金,,TWD,19.91
202009,AA1,17146752,野村成長基金,,TWD,46.63
202009,AA1,17600534,野村高科技基金,,TWD,14.53
202009,AA1,18037937,野村ｅ科技基金,,TWD,27.33
202009,AA1,18488469,野村中小基金-累積類型,,TWD,67.12
202009,AA1,18488469,野村中小基金-S類型,,TWD,10
202009,AA1,19330754,野村優質基金-累積類型新臺幣計價,,TWD,59.99
202009,AA1,19330754,野村優質基金-S類型新臺幣計價,,TWD,16.64
202009,AA1,99973878,野村台灣高股息基金,,TWD,29.4
202009,AA1,17597236,聯邦精選科技基金,,TWD,16.25
202009,AA1,18496290,聯邦中國龍基金,,TWD,31.79
202009,AA1,17597600,鋒裕匯理阿波羅基金,,TWD,12.74
202009,AA1,17604124,安聯台灣大壩基金-A類型-新臺幣,,TWD,43.96
202009,AA1,17604124,安聯台灣大壩基金-G類型-新臺幣,,TWD,13.08
202009,AA1,18480065,安聯台灣科技基金,,TWD,73.68
202009,AA1,48997911,安聯台灣智慧基金,,TWD,53.19
202009,AA1,01031874,國泰小龍基金-新台幣,,TWD,18.42
202009,AA1,01031874,國泰小龍基金-美元I,,USD,18.4211
202009,AA1,14705562,國泰科技生化基金,,TWD,48.52
202009,AA1,17612497,國泰國泰基金-新台幣A,,TWD,30.55
202009,AA1,17612497,國泰國泰基金-新台幣I,,TWD,30.55
202009,AA1,18043059,國泰中小成長基金-新台幣,,TWD,57.66
202009,AA1,18043059,國泰中小成長基金-美元I,,USD,57.6586
202009,AA1,19291128,國泰大中華基金,,TWD,25.78
202009,AA1,88090934,國泰台灣高股息傘型基金之台灣高股息基金-新台幣A(不配息),,TWD,9.75
202009,AA1,88090934,國泰台灣高股息傘型基金之台灣高股息基金-新台幣B(配息),,TWD,9.75
202009,AA1,13984165,富達台灣成長基金,,TWD,35.92
202009,AA1,18499732,德銀遠東DWS台灣旗艦基金,,TWD,24
202009,AA1,13539952,凱基開創基金,,TWD,32.84
202009,AA1,25612029,凱基台灣精五門基金,,TWD,26.18
202009,AA1,48948834,施羅德台灣樂活中小基金-A類型,,TWD,25.86
202009,AA1,48948834,施羅德台灣樂活中小基金-I類型,,TWD,6100.97
202009,AA1,48948834,施羅德台灣樂活中小基金-C類型,,TWD,3000
202009,AA1,14694495,街口台灣基金,,TWD,29.3
202009,AA1,80892778,街口中小型基金,,TWD,28.16
202009,AA1,15733973,富蘭克林華美第一富基金,,TWD,48.29
202009,AA1,26310297,富蘭克林華美台股傘型基金之高科技基金,,TWD,27.55
202009,AA1,17602821,台新2000高科技基金,,TWD,39.06
202009,AA1,48858663,台新主流基金,,TWD,27.59
202009,AA1,80894446,台新中國通基金,,TWD,60.04
202009,AA1,81588536,台新台灣中小基金,,TWD,42.22
202009,AA1,26320632,合庫台灣基金,,TWD,13.26
202009,AA1,77713842,合庫台灣高科技基金,,TWD,9.78
202009,AA1,42532205,路博邁AR台灣股票基金T累積級別(新臺幣),,TWD,11.13
202009,AA1,42532205,路博邁AR台灣股票基金T月配級別(新臺幣),,TWD,9.46
202009,AA1,42532205,路博邁AR台灣股票基金N累積級別(新臺幣),,TWD,10.16
202009,AA1,42532205,路博邁AR台灣股票基金N月配級別(新臺幣),,TWD,11.38
202012,AA1,00965469,兆豐國際第一基金,,TWD,19.1
202012,AA1,01050148,兆豐國際國民基金,,TWD,31.27
202012,AA1,10341837,兆豐國際豐台灣基金,,TWD,45.8
202012,AA1,73991751,兆豐國際電子基金,,TWD,35.97
202012,AA1,88090408,兆豐國際台灣先進通訊基金,,TWD,10.68
202012,AA1,19341318,第一金電子基金,,TWD,52.04
202012,AA1,20092528,第一金店頭市場基金,,TWD,10.73
202012,AA1,26202396,第一金創新趨勢基金-A類型,,TWD,29.84
202012,AA1,26202396,第一金創新趨勢基金-I類型,,TWD,0
202012,AA1,73989002,第一金小型精選基金,,TWD,44.35
202012,AA1,01031298,匯豐龍鳳基金-A類型,,TWD,73.57
202012,AA1,01031298,匯豐龍鳳基金-I類型,,TWD,0
202012,AA1,73987671,匯豐台灣精典基金,,TWD,33.73
202012,AA1,76941376,匯豐成功基金,,TWD,47.13
202012,AA1,92017794,匯豐龍騰電子基金,,TWD,56.81
202012,AA1,00974066,元大2001基金,,TWD,94.32
202012,AA1,01032058,元大多福基金,,TWD,73.61
202012,AA1,17139204,元大新主流基金,,TWD,37.13
202012,AA1,20080023,元大店頭基金,,TWD,12.42
202012,AA1,76959044,元大台灣高股息優質龍頭基金-新台幣(A)不配息,,TWD,12.59
202012,AA1,76959044,元大台灣高股息優質龍頭基金-新台幣(B)配息,,TWD,12.49
202012,AA1,76959044,元大台灣高股息優質龍頭基金-I類型累積級別,,TWD,12.59
202012,AA1,76959044,元大台灣高股息優質龍頭基金-I類型配息級別,,TWD,12.49
202012,AA1,81584335,元大高科技基金,,TWD,28.62
202012,AA1,83863951,元大經貿基金,,TWD,51.49
202012,AA1,92001765,元大多多基金,,TWD,27.34
202012,AA1,92026219,元大卓越基金,,TWD,54.6
202012,AA1,17140568,景順主流基金,,TWD,26.63
202012,AA1,73989256,景順台灣科技基金,,TWD,47.6
202012,AA1,92019786,景順潛力基金,,TWD,41.28
202012,AA1,81595924,瀚亞中小型股基金,,TWD,32.12
202012,AA1,92003102,瀚亞高科技基金,,TWD,93.01
202012,AA1,92012572,瀚亞外銷基金,,TWD,56.41
202012,AA1,97990696,瀚亞菁華基金,,TWD,32.13
202012,AA1,01032183,保德信高成長基金,,TWD,155.19
202012,AA1,17602625,保德信新世紀基金,,TWD,12.3
202012,AA1,73990649,保德信科技島基金,,TWD,43.35
202012,AA1,83866508,保德信中小型股基金,,TWD,72.94
202012,AA1,92013967,保德信金滿意基金,,TWD,59.4
202012,AA1,97988636,保德信店頭市場基金,,TWD,58.49
202012,AA1,01031699,統一全天候基金-A類型,,TWD,175.35
202012,AA1,01031699,統一全天候基金-I類型,,TWD,177.87
202012,AA1,17605622,統一大滿貫基金-A類型,,TWD,46.37
202012,AA1,17605622,統一大滿貫基金-I類型,,TWD,46.37
202012,AA1,48934304,統一台灣動力基金,,TWD,28.29
202012,AA1,73990253,統一奔騰基金,,TWD,84.99
202012,AA1,77537493,統一統信基金,,TWD,44.18
202012,AA1,81581724,統一經建基金,,TWD,64.3
202012,AA1,92002244,統一黑馬基金,,TWD,88.07
202012,AA1,92012762,統一龍馬基金,,TWD,97.73
202012,AA1,97977878,統一中小基金,,TWD,36.15
202012,AA1,00974018,富邦基金A類型,,TWD,21.5
202012,AA1,00974018,富邦基金I類型,,TWD,21.51
202012,AA1,17148301,富邦台灣心基金,,TWD,35.84
202012,AA1,20089755,富邦精銳中小基金,,TWD,17.63
202012,AA1,81585475,富邦高成長基金,,TWD,38.14
202012,AA1,83864683,富邦科技基金,,TWD,36.78
202012,AA1,88095396,富邦台灣永續發展高股息基金-A類型,,TWD,11.43
202012,AA1,88095396,富邦台灣永續發展高股息基金-B類型,,TWD,11.43
202012,AA1,92002384,富邦精準基金,,TWD,74.34
202012,AA1,92010477,富邦長紅基金,,TWD,98.15
202012,AA1,01032162,摩根台灣增長基金,,TWD,65.83
202012,AA1,25636367,摩根台灣金磚基金-累積型,,TWD,29.57
202012,AA1,25636367,摩根台灣金磚基金-機構法人型,,TWD,29.57
202012,AA1,73989501,摩根中小基金,,TWD,33.65
202012,AA1,92012025,摩根新興科技基金,,TWD,86.69
202012,AA1,00973762,華南永昌永昌基金,,TWD,31.49
202012,AA1,42298518,華南永昌物聯網精選基金,,TWD,19.51
202012,AA1,00974241,新光台灣富貴基金,,TWD,37.67
202012,AA1,13986924,新光大三通基金,,TWD,30.53
202012,AA1,73998071,新光店頭基金,,TWD,35.57
202012,AA1,81585242,新光創新科技基金,,TWD,19.42
202012,AA1,19339782,群益創新科技基金,,TWD,51.08
202012,AA1,20081352,群益店頭市場基金,,TWD,126.03
202012,AA1,48675778,群益奧斯卡基金,,TWD,46.11
202012,AA1,48749899,群益葛萊美基金,,TWD,35.17
202012,AA1,81591434,群益長安基金,,TWD,45.18
202012,AA1,92028997,群益中小型股基金,,TWD,67.45
202012,AA1,97984293,群益馬拉松基金,,TWD,152.58
202012,AA1,97984293,群益馬拉松基金I類型,,TWD,0
202012,AA1,18033138,德信數位時代基金,,TWD,45.74
202012,AA1,26288534,德信台灣主流中小基金,,TWD,28.24
202012,AA1,97972846,德信大發基金,,TWD,40.4
202012,AA1,97997635,聯博大利基金,,TWD,52.78
202012,AA1,17147078,日盛精選五虎基金,,TWD,52.86
202012,AA1,17607591,日盛高科技基金,,TWD,28.4
202012,AA1,20084317,日盛日盛基金,,TWD,13.84
202012,AA1,26273336,日盛MIT主流基金,,TWD,22.6
202012,AA1,48948481,日盛首選基金,,TWD,26.1
202012,AA1,73988876,日盛小而美基金,,TWD,27.23
202012,AA1,81584975,日盛上選基金(A類型),,TWD,51.41
202012,AA1,81584975,日盛上選基金(I類型),,TWD,51.41
202012,AA1,81584975,日盛上選基金(N類型),,TWD,51.42
202012,AA1,94991068,日盛新台商基金,,TWD,61.73
202012,AA1,20094820,柏瑞巨人基金-A類型,,TWD,16.58
202012,AA1,20094820,柏瑞巨人基金-I類型,,TWD,0
202012,AA1,17608487,復華數位經濟基金,,TWD,64.56
202012,AA1,18488279,復華中小精選基金,,TWD,101
202012,AA1,21759676,復華全方位基金,,TWD,41.36
202012,AA1,73998086,復華高成長基金,,TWD,89.88
202012,AA1,81587889,復華復華基金,,TWD,30.22
202012,AA1,13998344,永豐中小基金-A類型,,TWD,63.8
202012,AA1,13998344,永豐中小基金-I類型,,TWD,63.8
202012,AA1,73992013,永豐領航科技基金,,TWD,49.91
202012,AA1,77074486,永豐臺灣ESG永續優選基金-A累積類型,,TWD,12.65
202012,AA1,77074486,永豐臺灣ESG永續優選基金-A年配類型,,TWD,12.03
202012,AA1,77074486,永豐臺灣ESG永續優選基金-I類型,,TWD,12.65
202012,AA1,81594690,永豐永豐基金-A類型,,TWD,43.09
202012,AA1,81594690,永豐永豐基金-I類型,,TWD,43.09
202012,AA1,48893417,中國信託台灣活力基金,,TWD,16.33
202012,AA1,17144889,宏利台灣動力基金A類型,,TWD,43.92
202012,AA1,17144889,宏利台灣動力基金I類型,,TWD,44.15
202012,AA1,73982057,宏利臺灣股息收益基金A類型,,TWD,35.43
202012,AA1,19330712,貝萊德寶利基金,,TWD,38.92
202012,AA1,00968493,野村鴻運基金,,TWD,31.53
202012,AA1,00988316,野村台灣運籌基金,,TWD,58.19
202012,AA1,01031564,野村積極成長基金,,TWD,23.09
202012,AA1,17146752,野村成長基金,,TWD,54.35
202012,AA1,17600534,野村高科技基金,,TWD,17.18
202012,AA1,18037937,野村ｅ科技基金,,TWD,32.18
202012,AA1,18488469,野村中小基金-累積類型,,TWD,77.16
202012,AA1,18488469,野村中小基金-S類型,,TWD,10
202012,AA1,19330754,野村優質基金-累積類型新臺幣計價,,TWD,70.43
202012,AA1,19330754,野村優質基金-S類型新臺幣計價,,TWD,19.56
202012,AA1,99973878,野村台灣高股息基金,,TWD,32.95
202012,AA1,17597236,聯邦精選科技基金,,TWD,18.65
202012,AA1,18496290,聯邦中國龍基金,,TWD,36.61
202012,AA1,17597600,鋒裕匯理阿波羅基金,,TWD,13.91
202012,AA1,17604124,安聯台灣大壩基金-A類型-新臺幣,,TWD,49.66
202012,AA1,17604124,安聯台灣大壩基金-G類型-新臺幣,,TWD,14.82
202012,AA1,18480065,安聯台灣科技基金,,TWD,87.91
202012,AA1,48997911,安聯台灣智慧基金,,TWD,61.31
202012,AA1,01031874,國泰小龍基金-新台幣,,TWD,20.45
202012,AA1,01031874,國泰小龍基金-美元I,,USD,20.449
202012,AA1,14705562,國泰科技生化基金,,TWD,56.25
202012,AA1,17612497,國泰國泰基金-新台幣A,,TWD,34.47
202012,AA1,17612497,國泰國泰基金-新台幣I,,TWD,34.47
202012,AA1,18043059,國泰中小成長基金-新台幣,,TWD,65.73
202012,AA1,18043059,國泰中小成長基金-美元I,,USD,65.7301
202012,AA1,19291128,國泰大中華基金,,TWD,29.6
202012,AA1,88090934,國泰台灣高股息傘型基金之台灣高股息基金-新台幣A(不配息),,TWD,12.02
202012,AA1,88090934,國泰台灣高股息傘型基金之台灣高股息基金-新台幣B(配息),,TWD,11.93
202012,AA1,13984165,富達台灣成長基金,,TWD,41.52
202012,AA1,18499732,德銀遠東DWS台灣旗艦基金,,TWD,27.31
202012,AA1,13539952,凱基開創基金,,TWD,39.44
202012,AA1,25612029,凱基台灣精五門基金,,TWD,30.49
202012,AA1,48948834,施羅德台灣樂活中小基金-A類型,,TWD,30.01
202012,AA1,48948834,施羅德台灣樂活中小基金-I類型,,TWD,7106.82
202012,AA1,48948834,施羅德台灣樂活中小基金-C類型,,TWD,3000
202012,AA1,14694495,街口台灣基金,,TWD,34.83
202012,AA1,80892778,街口中小型基金,,TWD,35.97
202012,AA1,15733973,富蘭克林華美第一富基金,,TWD,59.28
202012,AA1,26310297,富蘭克林華美台股傘型基金之高科技基金,,TWD,31.08
202012,AA1,17602821,台新2000高科技基金,,TWD,45.66
202012,AA1,17602821,台新2000高科技基金(法人),,TWD,45.66
202012,AA1,48858663,台新主流基金,,TWD,31.38
202012,AA1,80894446,台新中國通基金,,TWD,65.4
202012,AA1,81588536,台新台灣中小基金,,TWD,47.91
202012,AA1,26320632,合庫台灣基金,,TWD,16.57
202012,AA1,77713842,合庫台灣高科技基金,,TWD,11.49
202012,AA1,42532205,路博邁AR台灣股票基金T累積級別(新臺幣),,TWD,12.38
202012,AA1,42532205,路博邁AR台灣股票基金T月配級別(新臺幣),,TWD,10.39
202012,AA1,42532205,路博邁AR台灣股票基金N累積級別(新臺幣),,TWD,10.16
202012,AA1,42532205,路博邁AR台灣股票基金N月配級別(新臺幣),,TWD,12.52
202103,AA1,00965469,兆豐國際第一基金,,TWD,22.35
202103,AA1,01050148,兆豐國際國民基金,,TWD,35.24
202103,AA1,10341837,兆豐國際豐台灣基金,,TWD,52.39
202103,AA1,73991751,兆豐國際電子基金,,TWD,43.42
202103,AA1,88090408,兆豐國際台灣先進通訊基金,,TWD,12.42
202103,AA1,19341318,第一金電子基金,,TWD,60.29
202103,AA1,20092528,第一金店頭市場基金,,TWD,11.91
202103,AA1,26202396,第一金創新趨勢基金-A類型,,TWD,34.66
202103,AA1,26202396,第一金創新趨勢基金-I類型,,TWD,0
202103,AA1,73989002,第一金小型精選基金,,TWD,50.31
202103,AA1,01031298,匯豐龍鳳基金-A類型,,TWD,81.63
202103,AA1,01031298,匯豐龍鳳基金-I類型,,TWD,0
202103,AA1,73987671,匯豐台灣精典基金,,TWD,37.25
202103,AA1,76941376,匯豐成功基金,,TWD,50.1
202103,AA1,92017794,匯豐龍騰電子基金,,TWD,63.54
202103,AA1,00974066,元大2001基金,,TWD,114.91
202103,AA1,01032058,元大多福基金,,TWD,83.23
202103,AA1,17139204,元大新主流基金,,TWD,41.82
202103,AA1,20080023,元大店頭基金,,TWD,14.87
202103,AA1,76959044,元大台灣高股息優質龍頭基金-新台幣(A)不配息,,TWD,14.79
202103,AA1,76959044,元大台灣高股息優質龍頭基金-新台幣(B)配息,,TWD,13.64
202103,AA1,76959044,元大台灣高股息優質龍頭基金-I類型累積級別,,TWD,14.79
202103,AA1,76959044,元大台灣高股息優質龍頭基金-I類型配息級別,,TWD,13.64
202103,AA1,81584335,元大高科技基金,,TWD,34.66
202103,AA1,83863951,元大經貿基金,,TWD,64.03
202103,AA1,92001765,元大多多基金,,TWD,31.09
202103,AA1,92026219,元大卓越基金,,TWD,64.68
202103,AA1,17140568,景順主流基金,,TWD,30.71
202103,AA1,73989256,景順台灣科技基金,,TWD,55.08
202103,AA1,92019786,景順潛力基金,,TWD,44.87
202103,AA1,81595924,瀚亞中小型股基金,,TWD,37.39
202103,AA1,92003102,瀚亞高科技基金,,TWD,110.83
202103,AA1,92012572,瀚亞外銷基金,,TWD,66.29
202103,AA1,97990696,瀚亞菁華基金,,TWD,37.18
202103,AA1,01032183,保德信高成長基金,,TWD,183.32
202103,AA1,17602625,保德信新世紀基金,,TWD,13.55
202103,AA1,73990649,保德信科技島基金,,TWD,50.14
202103,AA1,83866508,保德信中小型股基金,,TWD,81.19
202103,AA1,92013967,保德信金滿意基金,,TWD,68.49
202103,AA1,97988636,保德信店頭市場基金,,TWD,66.59
202103,AA1,01031699,統一全天候基金-A類型,,TWD,201.13
202103,AA1,01031699,統一全天候基金-I類型,,TWD,204.32
202103,AA1,17605622,統一大滿貫基金-A類型,,TWD,53.47
202103,AA1,17605622,統一大滿貫基金-I類型,,TWD,53.47
202103,AA1,48934304,統一台灣動力基金,,TWD,33.97
202103,AA1,73990253,統一奔騰基金,,TWD,112.45
202103,AA1,77537493,統一統信基金,,TWD,51.65
202103,AA1,81581724,統一經建基金,,TWD,77.23
202103,AA1,92002244,統一黑馬基金,,TWD,115.24
202103,AA1,92012762,統一龍馬基金,,TWD,117.82
202103,AA1,97977878,統一中小基金,,TWD,45.94
202103,AA1,00974018,富邦基金A類型,,TWD,25.31
202103,AA1,00974018,富邦基金I類型,,TWD,25.36
202103,AA1,17148301,富邦台灣心基金,,TWD,42.33
202103,AA1,20089755,富邦精銳中小基金,,TWD,20.78
202103,AA1,81585475,富邦高成長基金,,TWD,44.23
202103,AA1,83864683,富邦科技基金,,TWD,42.98
202103,AA1,88095396,富邦台灣永續發展高股息基金-A類型,,TWD,13.21
202103,AA1,88095396,富邦台灣永續發展高股息基金-B類型,,TWD,13.21
202103,AA1,92002384,富邦精準基金,,TWD,83.94
202103,AA1,92010477,富邦長紅基金,,TWD,113.97
202103,AA1,01032162,摩根台灣增長基金,,TWD,73.54
202103,AA1,25636367,摩根台灣金磚基金-累積型,,TWD,32.98
202103,AA1,25636367,摩根台灣金磚基金-機構法人型,,TWD,32.98
202103,AA1,73989501,摩根中小基金,,TWD,37.05
202103,AA1,92012025,摩根新興科技基金,,TWD,95.68
202103,AA1,00973762,華南永昌永昌基金,,TWD,34.93
202103,AA1,00974241,新光台灣富貴基金,,TWD,45.36
202103,AA1,13986924,新光大三通基金,,TWD,37.33
202103,AA1,73998071,新光店頭基金,,TWD,42.93
202103,AA1,81585242,新光創新科技基金,,TWD,23.75
202103,AA1,19339782,群益創新科技基金,,TWD,55.39
202103,AA1,20081352,群益店頭市場基金,,TWD,143.7
202103,AA1,48675778,群益奧斯卡基金,,TWD,51.7
202103,AA1,48749899,群益葛萊美基金,,TWD,40.41
202103,AA1,81591434,群益長安基金,,TWD,50.62
202103,AA1,92028997,群益中小型股基金,,TWD,75.09
202103,AA1,97984293,群益馬拉松基金,,TWD,174.46
202103,AA1,97984293,群益馬拉松基金I類型,,TWD,0
202103,AA1,18033138,台中銀數位時代基金,,TWD,48.95
202103,AA1,26288534,台中銀台灣主流中小基金,,TWD,32.7
202103,AA1,97972846,台中銀大發基金,,TWD,45.26
202103,AA1,97997635,聯博大利基金,,TWD,60.73
202103,AA1,17147078,日盛精選五虎基金,,TWD,61.39
202103,AA1,17607591,日盛高科技基金,,TWD,31.9
202103,AA1,20084317,日盛日盛基金,,TWD,15.41
202103,AA1,26273336,日盛MIT主流基金,,TWD,26.07
202103,AA1,48948481,日盛首選基金,,TWD,29.13
202103,AA1,73988876,日盛小而美基金,,TWD,32.06
202103,AA1,81584975,日盛上選基金(A類型),,TWD,57.55
202103,AA1,81584975,日盛上選基金(I類型),,TWD,57.55
202103,AA1,81584975,日盛上選基金(N類型),,TWD,57.56
202103,AA1,94991068,日盛新台商基金,,TWD,69.57
202103,AA1,20094820,柏瑞巨人基金-A類型,,TWD,18.37
202103,AA1,20094820,柏瑞巨人基金-I類型,,TWD,0
202103,AA1,17608487,復華數位經濟基金,,TWD,75.03
202103,AA1,18488279,復華中小精選基金,,TWD,120.99
202103,AA1,21759676,復華全方位基金,,TWD,47.12
202103,AA1,73998086,復華高成長基金,,TWD,105.59
202103,AA1,81587889,復華復華基金,,TWD,34.1
202103,AA1,88122295,復華台灣好收益基金,,TWD,11.12
202103,AA1,13998344,永豐中小基金-A類型,,TWD,70.19
202103,AA1,13998344,永豐中小基金-I類型,,TWD,70.19
202103,AA1,73992013,永豐領航科技基金,,TWD,57.41
202103,AA1,77074486,永豐臺灣ESG永續優選基金-A累積類型,,TWD,14.04
202103,AA1,77074486,永豐臺灣ESG永續優選基金-A年配類型,,TWD,13.34
202103,AA1,77074486,永豐臺灣ESG永續優選基金-I類型,,TWD,14.04
202103,AA1,81594690,永豐永豐基金-A類型,,TWD,47.2
202103,AA1,81594690,永豐永豐基金-I類型,,TWD,47.2
202103,AA1,48893417,中國信託台灣活力基金,,TWD,17.98
202103,AA1,17144889,宏利台灣動力基金A類型,,TWD,50.36
202103,AA1,17144889,宏利台灣動力基金I類型,,TWD,50.76
202103,AA1,73982057,宏利臺灣股息收益基金A類型,,TWD,39.97
202103,AA1,19330712,貝萊德寶利基金,,TWD,44.41
202103,AA1,00968493,野村鴻運基金,,TWD,40.11
202103,AA1,00988316,野村台灣運籌基金,,TWD,71.96
202103,AA1,01031564,野村積極成長基金,,TWD,29.61
202103,AA1,17146752,野村成長基金,,TWD,69.77
202103,AA1,17600534,野村高科技基金,,TWD,20.93
202103,AA1,18037937,野村ｅ科技基金,,TWD,39.08
202103,AA1,18488469,野村中小基金-累積類型,,TWD,98.22
202103,AA1,18488469,野村中小基金-S類型,,TWD,9.97
202103,AA1,19330754,野村優質基金-累積類型新臺幣計價,,TWD,88.52
202103,AA1,19330754,野村優質基金-S類型新臺幣計價,,TWD,24.61
202103,AA1,99973878,野村台灣高股息基金,,TWD,36.33
202103,AA1,17597236,聯邦精選科技基金,,TWD,20.91
202103,AA1,18496290,聯邦中國龍基金,,TWD,42.17
202103,AA1,17597600,鋒裕匯理阿波羅基金,,TWD,15.29
202103,AA1,17604124,安聯台灣大壩基金-A類型-新臺幣,,TWD,54.72
202103,AA1,17604124,安聯台灣大壩基金-G類型-新臺幣,,TWD,16.37
202103,AA1,18480065,安聯台灣科技基金,,TWD,101.73
202103,AA1,48997911,安聯台灣智慧基金,,TWD,69.25
202103,AA1,01031874,國泰小龍基金-新台幣,,TWD,23.81
202103,AA1,01031874,國泰小龍基金-美元I,,USD,23.8101
202103,AA1,14705562,國泰科技生化基金,,TWD,67.78
202103,AA1,17612497,國泰國泰基金-新台幣A,,TWD,41.26
202103,AA1,17612497,國泰國泰基金-新台幣I,,TWD,41.26
202103,AA1,18043059,國泰中小成長基金-新台幣,,TWD,77.76
202103,AA1,18043059,國泰中小成長基金-美元I,,USD,77.7602
202103,AA1,19291128,國泰大中華基金,,TWD,35.87
202103,AA1,88090934,國泰台灣高股息傘型基金之台灣高股息基金-新台幣A(不配息),,TWD,13.66
202103,AA1,88090934,國泰台灣高股息傘型基金之台灣高股息基金-新台幣B(配息),,TWD,13.15
202103,AA1,13984165,富達台灣成長基金,,TWD,46.06
202103,AA1,18499732,德銀遠東DWS台灣旗艦基金,,TWD,31.66
202103,AA1,13539952,凱基開創基金,,TWD,46.51
202103,AA1,25612029,凱基台灣精五門基金,,TWD,33.49
202103,AA1,48948834,施羅德台灣樂活中小基金-A類型,,TWD,34.91
202103,AA1,48948834,施羅德台灣樂活中小基金-I類型,,TWD,8300.27
202103,AA1,48948834,施羅德台灣樂活中小基金-C類型,,TWD,3000
202103,AA1,14694495,街口台灣基金,,TWD,41.28
202103,AA1,80892778,街口中小型基金,,TWD,42.43
202103,AA1,15733973,富蘭克林華美第一富基金,,TWD,67.82
202103,AA1,26310297,富蘭克林華美台股傘型基金之高科技基金,,TWD,35.36
202103,AA1,17602821,台新2000高科技基金,,TWD,53.23
202103,AA1,17602821,台新2000高科技基金(法人),,TWD,53.23
202103,AA1,48858663,台新主流基金,,TWD,36.63
202103,AA1,80894446,台新中國通基金,,TWD,77.94
202103,AA1,81588536,台新台灣中小基金,,TWD,56.9
202103,AA1,26320632,合庫台灣基金,,TWD,18.33
202103,AA1,77713842,合庫台灣高科技基金,,TWD,13.09
202103,AA1,42532205,路博邁AR台灣股票基金T累積級別(新臺幣),,TWD,14.13
202103,AA1,42532205,路博邁AR台灣股票基金T月配級別(新臺幣),,TWD,11.67
202103,AA1,42532205,路博邁AR台灣股票基金N累積級別(新臺幣),,TWD,10.16
202103,AA1,42532205,路博邁AR台灣股票基金N月配級別(新臺幣),,TWD,14.09
202106,AA1,00965469,兆豐國際第一基金,,TWD,25.55
202106,AA1,01050148,兆豐國際國民基金,,TWD,38.38
202106,AA1,10341837,兆豐國際豐台灣基金,,TWD,57.82
202106,AA1,73991751,兆豐國際電子基金,,TWD,47.56
202106,AA1,88090408,兆豐國際台灣先進通訊基金,,TWD,14.18
202106,AA1,19341318,第一金電子基金,,TWD,60.37
202106,AA1,20092528,第一金店頭市場基金,,TWD,12.61
202106,AA1,26202396,第一金創新趨勢基金-A類型,,TWD,37.74
202106,AA1,26202396,第一金創新趨勢基金-I類型,,TWD,0
202106,AA1,73989002,第一金小型精選基金,,TWD,57.07
202106,AA1,01031298,匯豐龍鳳基金-A類型,,TWD,92.01
202106,AA1,01031298,匯豐龍鳳基金-I類型,,TWD,0
202106,AA1,73987671,匯豐台灣精典基金,,TWD,42.09
202106,AA1,76941376,匯豐成功基金,,TWD,60.47
202106,AA1,92017794,匯豐龍騰電子基金,,TWD,64.23
202106,AA1,00974066,元大2001基金,,TWD,118.25
202106,AA1,01032058,元大多福基金,,TWD,95.26
202106,AA1,17139204,元大新主流基金,,TWD,44.65
202106,AA1,20080023,元大店頭基金,,TWD,16.39
202106,AA1,76959044,元大台灣高股息優質龍頭基金-新台幣(A)不配息,,TWD,15.13
202106,AA1,76959044,元大台灣高股息優質龍頭基金-新台幣(B)配息,,TWD,13.85
202106,AA1,76959044,元大台灣高股息優質龍頭基金-I類型累積級別,,TWD,15.13
202106,AA1,76959044,元大台灣高股息優質龍頭基金-I類型配息級別,,TWD,13.85
202106,AA1,81584335,元大高科技基金,,TWD,37.51
202106,AA1,83863951,元大經貿基金,,TWD,69.34
202106,AA1,92001765,元大多多基金,,TWD,33.83
202106,AA1,92026219,元大卓越基金,,TWD,71.63
202106,AA1,17140568,景順主流基金,,TWD,31.67
202106,AA1,73989256,景順台灣科技基金,,TWD,56.05
202106,AA1,92019786,景順潛力基金,,TWD,46.26
202106,AA1,81595924,瀚亞中小型股基金,,TWD,41.74
202106,AA1,92003102,瀚亞高科技基金,,TWD,128.63
202106,AA1,92012572,瀚亞外銷基金,,TWD,76.36
202106,AA1,97990696,瀚亞菁華基金,,TWD,45.31
202106,AA1,01032183,保德信高成長基金,,TWD,197.4
202106,AA1,17602625,保德信新世紀基金,,TWD,15.51
202106,AA1,73990649,保德信科技島基金,,TWD,50.86
202106,AA1,83866508,保德信中小型股基金,,TWD,85.73
202106,AA1,92013967,保德信金滿意基金,,TWD,70.98
202106,AA1,97988636,保德信店頭市場基金,,TWD,68.93
202106,AA1,01031699,統一全天候基金-A類型,,TWD,217.82
202106,AA1,01031699,統一全天候基金-I類型,,TWD,221.6
202106,AA1,17605622,統一大滿貫基金-A類型,,TWD,58.56
202106,AA1,17605622,統一大滿貫基金-I類型,,TWD,58.56
202106,AA1,48934304,統一台灣動力基金,,TWD,38.79
202106,AA1,73990253,統一奔騰基金,,TWD,137.29
202106,AA1,77537493,統一統信基金,,TWD,61.28
202106,AA1,81581724,統一經建基金,,TWD,88.88
202106,AA1,92002244,統一黑馬基金,,TWD,139.68
202106,AA1,92012762,統一龍馬基金,,TWD,132.53
202106,AA1,97977878,統一中小基金,,TWD,50.15
202106,AA1,00974018,富邦基金A類型,,TWD,26.32
202106,AA1,00974018,富邦基金I類型,,TWD,27.53
202106,AA1,17148301,富邦台灣心基金,,TWD,47.03
202106,AA1,20089755,富邦精銳中小基金,,TWD,23.39
202106,AA1,81585475,富邦高成長基金,,TWD,46.99
202106,AA1,83864683,富邦科技基金,,TWD,45.21
202106,AA1,88095396,富邦台灣永續發展高股息基金-A類型,,TWD,14.16
202106,AA1,88095396,富邦台灣永續發展高股息基金-B類型,,TWD,14.15
202106,AA1,92002384,富邦精準基金,,TWD,89.21
202106,AA1,92010477,富邦長紅基金,,TWD,121
202106,AA1,01032162,摩根台灣增長基金,,TWD,75.93
202106,AA1,25636367,摩根台灣金磚基金-累積型,,TWD,35.88
202106,AA1,25636367,摩根台灣金磚基金-機構法人型,,TWD,35.88
202106,AA1,73989501,摩根中小基金,,TWD,41.71
202106,AA1,92012025,摩根新興科技基金,,TWD,101.99
202106,AA1,00973762,華南永昌永昌基金,,TWD,40.54
202106,AA1,00974241,新光台灣富貴基金,,TWD,54
202106,AA1,13986924,新光大三通基金,,TWD,42.24
202106,AA1,73998071,新光店頭基金,,TWD,49.29
202106,AA1,81585242,新光創新科技基金,,TWD,29.55
202106,AA1,19339782,群益創新科技基金,,TWD,60.99
202106,AA1,20081352,群益店頭市場基金,,TWD,154.18
202106,AA1,48675778,群益奧斯卡基金,,TWD,53.33
202106,AA1,48749899,群益葛萊美基金,,TWD,44.24
202106,AA1,81591434,群益長安基金,,TWD,63.42
202106,AA1,92028997,群益中小型股基金,,TWD,85.01
202106,AA1,97984293,群益馬拉松基金,,TWD,205.62
202106,AA1,97984293,群益馬拉松基金I類型,,TWD,0
202106,AA1,18033138,台中銀數位時代基金,,TWD,48.25
202106,AA1,26288534,台中銀台灣主流中小基金,,TWD,33.43
202106,AA1,97972846,台中銀大發基金,,TWD,46.77
202106,AA1,97997635,聯博大利基金,,TWD,65.36
202106,AA1,17147078,日盛精選五虎基金,,TWD,73.15
202106,AA1,17607591,日盛高科技基金,,TWD,32.72
202106,AA1,20084317,日盛日盛基金,,TWD,12.91
202106,AA1,26273336,日盛MIT主流基金,,TWD,32.13
202106,AA1,48948481,日盛首選基金,,TWD,28.81
202106,AA1,73988876,日盛小而美基金,,TWD,34.55
202106,AA1,81584975,日盛上選基金(A類型),,TWD,70.51
202106,AA1,81584975,日盛上選基金(I類型),,TWD,70.51
202106,AA1,81584975,日盛上選基金(N類型),,TWD,70.53
202106,AA1,88175551,日盛台灣永續成長股息基金,,TWD,11.12
202106,AA1,94991068,日盛新台商基金,,TWD,71.73
202106,AA1,20094820,柏瑞巨人基金-A類型,,TWD,20.08
202106,AA1,20094820,柏瑞巨人基金-I類型,,TWD,0
202106,AA1,17608487,復華數位經濟基金,,TWD,78.3
202106,AA1,18488279,復華中小精選基金,,TWD,134.51
202106,AA1,21759676,復華全方位基金,,TWD,53.36
202106,AA1,73998086,復華高成長基金,,TWD,113.81
202106,AA1,81587889,復華復華基金,,TWD,36.26
202106,AA1,88122295,復華台灣好收益基金,,TWD,11.95
202106,AA1,13998344,永豐中小基金-A類型,,TWD,77.75
202106,AA1,13998344,永豐中小基金-I類型,,TWD,77.75
202106,AA1,73992013,永豐領航科技基金,,TWD,60.76
202106,AA1,77074486,永豐臺灣ESG永續優選基金-A累積類型,,TWD,15.63
202106,AA1,77074486,永豐臺灣ESG永續優選基金-A年配類型,,TWD,14.86
202106,AA1,77074486,永豐臺灣ESG永續優選基金-I類型,,TWD,15.63
202106,AA1,81594690,永豐永豐基金-A類型,,TWD,49.09
202106,AA1,81594690,永豐永豐基金-I類型,,TWD,49.09
202106,AA1,48893417,中國信託台灣活力基金,,TWD,19.86
202106,AA1,17144889,宏利台灣動力基金A類型,,TWD,56.4
202106,AA1,17144889,宏利台灣動力基金I類型,,TWD,56.99
202106,AA1,73982057,宏利臺灣股息收益基金A類型,,TWD,42
202106,AA1,19330712,貝萊德寶利基金,,TWD,46.02
202106,AA1,00968493,野村鴻運基金,,TWD,43.4
202106,AA1,00988316,野村台灣運籌基金,,TWD,73
202106,AA1,01031564,野村積極成長基金,,TWD,30.46
202106,AA1,17146752,野村成長基金,,TWD,72.11
202106,AA1,17600534,野村高科技基金,,TWD,21.96
202106,AA1,18037937,野村ｅ科技基金,,TWD,41.2
202106,AA1,18488469,野村中小基金-累積類型,,TWD,105.85
202106,AA1,18488469,野村中小基金-S類型,,TWD,10.52
202106,AA1,19330754,野村優質基金-累積類型新臺幣計價,,TWD,89.8
202106,AA1,19330754,野村優質基金-S類型新臺幣計價,,TWD,25
202106,AA1,99973878,野村台灣高股息基金,,TWD,40.33
202106,AA1,17597236,聯邦精選科技基金,,TWD,24.03
202106,AA1,18496290,聯邦中國龍基金,,TWD,48.94
202106,AA1,17597600,鋒裕匯理阿波羅基金,,TWD,19.06
202106,AA1,17604124,安聯台灣大壩基金-A類型-新臺幣,,TWD,69.54
202106,AA1,17604124,安聯台灣大壩基金-G類型-新臺幣,,TWD,20.85
202106,AA1,18480065,安聯台灣科技基金,,TWD,110.29
202106,AA1,48997911,安聯台灣智慧基金,,TWD,82.83
202106,AA1,01031874,國泰小龍基金-新台幣,,TWD,26.04
202106,AA1,01031874,國泰小龍基金-美元I,,USD,26.0398
202106,AA1,14705562,國泰科技生化基金,,TWD,70.19
202106,AA1,17612497,國泰國泰基金-新台幣A,,TWD,45.29
202106,AA1,17612497,國泰國泰基金-新台幣I,,TWD,45.29
202106,AA1,18043059,國泰中小成長基金-新台幣,,TWD,84.96
202106,AA1,18043059,國泰中小成長基金-美元I,,USD,84.9592
202106,AA1,19291128,國泰大中華基金,,TWD,38.63
202106,AA1,88090934,國泰台灣高股息傘型基金之台灣高股息基金-新台幣A(不配息),,TWD,16.77
202106,AA1,88090934,國泰台灣高股息傘型基金之台灣高股息基金-新台幣B(配息),,TWD,15.99
202106,AA1,13984165,富達台灣成長基金,,TWD,49
202106,AA1,18499732,德銀遠東DWS台灣旗艦基金,,TWD,32.69
202106,AA1,13539952,凱基開創基金,,TWD,54.33
202106,AA1,25612029,凱基台灣精五門基金,,TWD,38.37
202106,AA1,48948834,施羅德台灣樂活中小基金-A類型,,TWD,37.43
202106,AA1,48948834,施羅德台灣樂活中小基金-I類型,,TWD,8936.02
202106,AA1,48948834,施羅德台灣樂活中小基金-C類型,,TWD,3000
202106,AA1,14694495,街口台灣基金,,TWD,39.24
202106,AA1,80892778,街口中小型基金,,TWD,42.04
202106,AA1,15733973,富蘭克林華美第一富基金,,TWD,84.69
202106,AA1,26310297,富蘭克林華美台股傘型基金之高科技基金,,TWD,38.26
202106,AA1,17602821,台新2000高科技基金,,TWD,58.03
202106,AA1,17602821,台新2000高科技基金(法人),,TWD,58.03
202106,AA1,48858663,台新主流基金,,TWD,39
202106,AA1,80894446,台新中國通基金,,TWD,88.12
202106,AA1,81588536,台新台灣中小基金,,TWD,68.18
202106,AA1,26320632,合庫台灣基金,,TWD,21.73
202106,AA1,77713842,合庫台灣高科技基金,,TWD,15.92
202106,AA1,42532205,路博邁AR台灣股票基金T累積級別(新臺幣),,TWD,14.35
202106,AA1,42532205,路博邁AR台灣股票基金T月配級別(新臺幣),,TWD,11.72
202106,AA1,42532205,路博邁AR台灣股票基金N累積級別(新臺幣),,TWD,11.39
202106,AA1,42532205,路博邁AR台灣股票基金N月配級別(新臺幣),,TWD,14.18
202109,AA1,00965469,兆豐國際第一基金,,TWD,25.73
202109,AA1,01050148,兆豐國際國民基金,,TWD,37.56
202109,AA1,10341837,兆豐國際豐台灣基金,,TWD,57.74
202109,AA1,73991751,兆豐國際電子基金,,TWD,49.32
202109,AA1,88090408,兆豐國際台灣先進通訊基金,,TWD,14.29
202109,AA1,88198077,兆豐台灣金傳精選股息基金-累積型,,TWD,10
202109,AA1,88198077,兆豐台灣金傳精選股息基金-後收型,,TWD,10
202109,AA1,19341318,第一金電子基金,,TWD,59.39
202109,AA1,20092528,第一金店頭市場基金,,TWD,12.55
202109,AA1,26202396,第一金創新趨勢基金-A類型,,TWD,36.67
202109,AA1,26202396,第一金創新趨勢基金-I類型,,TWD,0
202109,AA1,73989002,第一金小型精選基金,,TWD,54.83
202109,AA1,01031298,匯豐龍鳳基金-A類型,,TWD,87.85
202109,AA1,01031298,匯豐龍鳳基金-I類型,,TWD,0
202109,AA1,01031298,匯豐龍鳳基金-R類型,,TWD,87.87
202109,AA1,73987671,匯豐台灣精典基金,,TWD,40.11
202109,AA1,76941376,匯豐成功基金,,TWD,56.64
202109,AA1,92017794,匯豐龍騰電子基金,,TWD,64.32
202109,AA1,00974066,元大2001基金,,TWD,118.52
202109,AA1,01032058,元大多福基金,,TWD,88.02
202109,AA1,17139204,元大新主流基金,,TWD,42.52
202109,AA1,20080023,元大店頭基金,,TWD,16.21
202109,AA1,76959044,元大台灣高股息優質龍頭基金-新台幣A類型不配息,,TWD,14.13
202109,AA1,76959044,元大台灣高股息優質龍頭基金-新台幣B類型配息,,TWD,12.84
202109,AA1,76959044,元大台灣高股息優質龍頭基金-新台幣I類型累積級別,,TWD,14.13
202109,AA1,76959044,元大台灣高股息優質龍頭基金-新台幣I類型配息級別,,TWD,12.84
202109,AA1,81584335,元大高科技基金,,TWD,35.58
202109,AA1,83863951,元大經貿基金,,TWD,62.83
202109,AA1,92001765,元大多多基金,,TWD,32.23
202109,AA1,92026219,元大卓越基金,,TWD,65.95
202109,AA1,17140568,景順主流基金,,TWD,29.8
202109,AA1,73989256,景順台灣科技基金,,TWD,53.08
202109,AA1,92019786,景順潛力基金,,TWD,43.63
202109,AA1,81595924,瀚亞中小型股基金,,TWD,40.43
202109,AA1,92003102,瀚亞高科技基金,,TWD,127.8
202109,AA1,92012572,瀚亞外銷基金,,TWD,74.12
202109,AA1,97990696,瀚亞菁華基金,,TWD,44.52
202109,AA1,01032183,保德信高成長基金,,TWD,182.72
202109,AA1,17602625,保德信新世紀基金,,TWD,14.7
202109,AA1,17602625,保德信新世紀基金—R級別,,TWD,9.84
202109,AA1,73990649,保德信科技島基金,,TWD,48.16
202109,AA1,83866508,保德信中小型股基金,,TWD,77.84
202109,AA1,92013967,保德信金滿意基金,,TWD,66.65
202109,AA1,92013967,保德信金滿意基金—R級別,,TWD,9.67
202109,AA1,97988636,保德信店頭市場基金,,TWD,65.4
202109,AA1,01031699,統一全天候基金-A類型,,TWD,205.94
202109,AA1,01031699,統一全天候基金-I類型,,TWD,209.84
202109,AA1,17605622,統一大滿貫基金-A類型,,TWD,55.07
202109,AA1,17605622,統一大滿貫基金-I類型,,TWD,55.07
202109,AA1,48934304,統一台灣動力基金,,TWD,38.18
202109,AA1,73990253,統一奔騰基金,,TWD,132.62
202109,AA1,77537493,統一統信基金,,TWD,57.96
202109,AA1,81581724,統一經建基金,,TWD,88.34
202109,AA1,92002244,統一黑馬基金,,TWD,133.2
202109,AA1,92012762,統一龍馬基金,,TWD,124.81
202109,AA1,97977878,統一中小基金,,TWD,47.49
202109,AA1,00974018,富邦基金A類型,,TWD,25.42
202109,AA1,00974018,富邦基金I類型,,TWD,26.64
202109,AA1,17148301,富邦台灣心基金,,TWD,44.74
202109,AA1,20089755,富邦精銳中小基金,,TWD,23.18
202109,AA1,81585475,富邦高成長基金,,TWD,47.82
202109,AA1,83864683,富邦科技基金,,TWD,47.57
202109,AA1,88095396,富邦台灣永續發展高股息基金-A類型,,TWD,13.74
202109,AA1,88095396,富邦台灣永續發展高股息基金-B類型,,TWD,13.72
202109,AA1,92002384,富邦精準基金,,TWD,85.22
202109,AA1,92010477,富邦長紅基金,,TWD,123.18
202109,AA1,01032162,摩根台灣增長基金,,TWD,75.41
202109,AA1,25636367,摩根台灣金磚基金-累積型,,TWD,36.07
202109,AA1,25636367,摩根台灣金磚基金-機構法人型,,TWD,36.07
202109,AA1,73989501,摩根中小基金,,TWD,41.24
202109,AA1,92012025,摩根新興科技基金,,TWD,100.72
202109,AA1,00973762,華南永昌永昌基金,,TWD,38.48
202109,AA1,00974241,新光台灣富貴基金,,TWD,53.27
202109,AA1,13986924,新光大三通基金,,TWD,42.92
202109,AA1,73998071,新光店頭基金,,TWD,50.93
202109,AA1,81585242,新光創新科技基金,,TWD,30.2
202109,AA1,19339782,群益創新科技基金,,TWD,60.1
202109,AA1,20081352,群益店頭市場基金,,TWD,151.41
202109,AA1,48675778,群益奧斯卡基金,,TWD,53.94
202109,AA1,48749899,群益葛萊美基金,,TWD,43.43
202109,AA1,81591434,群益長安基金,,TWD,55.59
202109,AA1,92028997,群益中小型股基金,,TWD,82.33
202109,AA1,97984293,群益馬拉松基金,,TWD,174.6
202109,AA1,97984293,群益馬拉松基金I類型,,TWD,0
202109,AA1,18033138,台中銀數位時代基金,,TWD,47.32
202109,AA1,26288534,台中銀台灣主流中小基金,,TWD,34.24
202109,AA1,97972846,台中銀大發基金,,TWD,47.72
202109,AA1,97997635,聯博大利基金,,TWD,62.77
202109,AA1,17147078,日盛精選五虎基金,,TWD,69.86
202109,AA1,17607591,日盛高科技基金,,TWD,32.51
202109,AA1,20084317,日盛日盛基金,,TWD,12.43
202109,AA1,26273336,日盛MIT主流基金,,TWD,29.35
202109,AA1,48948481,日盛首選基金,,TWD,27.64
202109,AA1,73988876,日盛小而美基金,,TWD,33.71
202109,AA1,81584975,日盛上選基金(A類型),,TWD,65.98
202109,AA1,81584975,日盛上選基金(I類型),,TWD,65.98
202109,AA1,81584975,日盛上選基金(N類型),,TWD,65.99
202109,AA1,88175551,日盛台灣永續成長股息基金,,TWD,10.44
202109,AA1,94991068,日盛新台商基金,,TWD,71.73
202109,AA1,20094820,柏瑞巨人基金-A類型,,TWD,18.87
202109,AA1,20094820,柏瑞巨人基金-I類型,,TWD,0
202109,AA1,17608487,復華數位經濟基金,,TWD,74.49
202109,AA1,18488279,復華中小精選基金,,TWD,134.59
202109,AA1,21759676,復華全方位基金,,TWD,50.64
202109,AA1,73998086,復華高成長基金,,TWD,111.17
202109,AA1,81587889,復華復華基金,,TWD,33.25
202109,AA1,88122295,復華台灣好收益基金,,TWD,10.82
202109,AA1,13998344,永豐中小基金-A類型,,TWD,77.82
202109,AA1,13998344,永豐中小基金-I類型,,TWD,77.82
202109,AA1,73992013,永豐領航科技基金,,TWD,56.25
202109,AA1,77074486,永豐臺灣ESG永續優選基金-A累積類型,,TWD,14.91
202109,AA1,77074486,永豐臺灣ESG永續優選基金-A年配類型,,TWD,14.17
202109,AA1,77074486,永豐臺灣ESG永續優選基金-I類型,,TWD,14.91
202109,AA1,81594690,永豐永豐基金-A類型,,TWD,48.74
202109,AA1,81594690,永豐永豐基金-I類型,,TWD,48.74
202109,AA1,81594690,永豐永豐基金-R類型,,TWD,48.74
202109,AA1,48893417,中國信託台灣活力基金,,TWD,18.4
202109,AA1,17144889,宏利台灣動力基金A類型,,TWD,55.73
202109,AA1,17144889,宏利台灣動力基金I類型,,TWD,56.45
202109,AA1,73982057,宏利臺灣股息收益基金A類型,,TWD,38.81
202109,AA1,19330712,貝萊德寶利基金,,TWD,45.06
202109,AA1,00968493,野村鴻運基金,,TWD,44.13
202109,AA1,00988316,野村台灣運籌基金,,TWD,74.74
202109,AA1,01031564,野村積極成長基金,,TWD,30.18
202109,AA1,17146752,野村成長基金,,TWD,71.57
202109,AA1,17600534,野村高科技基金,,TWD,20.47
202109,AA1,18037937,野村ｅ科技基金,,TWD,38.77
202109,AA1,18488469,野村中小基金-累積類型,,TWD,107.39
202109,AA1,18488469,野村中小基金-S類型,,TWD,11.62
202109,AA1,19330754,野村優質基金-累積類型新臺幣計價,,TWD,93.9
202109,AA1,19330754,野村優質基金-S類型新臺幣計價,,TWD,26.17
202109,AA1,99973878,野村台灣高股息基金,,TWD,38.9
202109,AA1,17597236,聯邦精選科技基金,,TWD,24.5
202109,AA1,18496290,聯邦中國龍基金,,TWD,50.64
202109,AA1,17597600,鋒裕匯理阿波羅基金,,TWD,17.78
202109,AA1,17604124,安聯台灣大壩基金-A類型-新臺幣,,TWD,69.79
202109,AA1,17604124,安聯台灣大壩基金-G類型-新臺幣,,TWD,20.98
202109,AA1,18480065,安聯台灣科技基金,,TWD,122.68
202109,AA1,48997911,安聯台灣智慧基金,,TWD,86.04
202109,AA1,01031874,國泰小龍基金-新台幣,,TWD,26.65
202109,AA1,01031874,國泰小龍基金-美元I,,USD,26.6509
202109,AA1,01031874,國泰小龍基金-新台幣R,,TWD,26.66
202109,AA1,14705562,國泰科技生化基金,,TWD,66.42
202109,AA1,17612497,國泰國泰基金-新台幣A,,TWD,44.52
202109,AA1,17612497,國泰國泰基金-新台幣I,,TWD,44.52
202109,AA1,18043059,國泰中小成長基金-新台幣,,TWD,84.2
202109,AA1,18043059,國泰中小成長基金-美元I,,USD,84.2013
202109,AA1,19291128,國泰大中華基金,,TWD,39.55
202109,AA1,88090934,國泰台灣高股息傘型基金之台灣高股息基金-新台幣A(不配息),,TWD,16.42
202109,AA1,88090934,國泰台灣高股息傘型基金之台灣高股息基金-新台幣B(配息),,TWD,15.3
202109,AA1,13984165,富達台灣成長基金,,TWD,48.28
202109,AA1,18499732,德銀遠東DWS台灣旗艦基金,,TWD,31.11
202109,AA1,13539952,凱基開創基金,,TWD,52.74
202109,AA1,25612029,凱基台灣精五門基金,,TWD,38.11
202109,AA1,48948834,施羅德台灣樂活中小基金-A類型,,TWD,35.8
202109,AA1,48948834,施羅德台灣樂活中小基金-I類型,,TWD,8581.02
202109,AA1,48948834,施羅德台灣樂活中小基金-C類型,,TWD,3000
202109,AA1,14694495,街口台灣基金,,TWD,36.23
202109,AA1,80892778,街口中小型基金,,TWD,39.67
202109,AA1,15733973,富蘭克林華美第一富基金,,TWD,73.81
202109,AA1,26310297,富蘭克林華美台股傘型基金之高科技基金,,TWD,37.28
202109,AA1,17602821,台新2000高科技基金,,TWD,57.06
202109,AA1,17602821,台新2000高科技基金(法人),,TWD,57.06
202109,AA1,48858663,台新主流基金,,TWD,38.72
202109,AA1,80894446,台新中國通基金,,TWD,84.52
202109,AA1,81588536,台新台灣中小基金,,TWD,62.59
202109,AA1,26320632,合庫台灣基金,,TWD,19.56
202109,AA1,77713842,合庫台灣高科技基金,,TWD,14.74
202109,AA1,42532205,路博邁AR台灣股票基金T累積級別(新臺幣),,TWD,14.17
202109,AA1,42532205,路博邁AR台灣股票基金T月配級別(新臺幣),,TWD,11.45
202109,AA1,42532205,路博邁AR台灣股票基金N累積級別(新臺幣),,TWD,11.37
202109,AA1,42532205,路博邁AR台灣股票基金N月配級別(新臺幣),,TWD,13.88
202112,AA1,00965469,兆豐國際第一基金,,TWD,30.34
202112,AA1,01050148,兆豐國際國民基金,,TWD,41.19
202112,AA1,10341837,兆豐國際豐台灣基金,,TWD,67.14
202112,AA1,73991751,兆豐國際電子基金,,TWD,60.73
202112,AA1,88090408,兆豐國際台灣先進通訊基金,,TWD,16.6
202112,AA1,88198077,兆豐台灣金傳精選股息基金-累積型,,TWD,10.24
202112,AA1,88198077,兆豐台灣金傳精選股息基金-後收型,,TWD,10.24
202112,AA1,19341318,第一金電子基金,,TWD,66.74
202112,AA1,20092528,第一金店頭市場基金,,TWD,14.08
202112,AA1,26202396,第一金創新趨勢基金-A類型,,TWD,40.74
202112,AA1,26202396,第一金創新趨勢基金-I類型,,TWD,0
202112,AA1,73989002,第一金小型精選基金,,TWD,59.97
202112,AA1,01031298,匯豐龍鳳基金-A類型,,TWD,98.6
202112,AA1,01031298,匯豐龍鳳基金-I類型,,TWD,0
202112,AA1,01031298,匯豐龍鳳基金-R類型,,TWD,98.71
202112,AA1,73987671,匯豐台灣精典基金,,TWD,44.94
202112,AA1,76941376,匯豐成功基金,,TWD,57.04
202112,AA1,92017794,匯豐龍騰電子基金,,TWD,75.27
202112,AA1,00974066,元大2001基金,,TWD,141.22
202112,AA1,01032058,元大多福基金,,TWD,97.49
202112,AA1,17139204,元大新主流基金,,TWD,50.97
202112,AA1,20080023,元大店頭基金,,TWD,19.66
202112,AA1,76959044,元大台灣高股息優質龍頭基金-新台幣A類型不配息,,TWD,15.84
202112,AA1,76959044,元大台灣高股息優質龍頭基金-新台幣B類型配息(本基金之配息來源可能為收益平準金),,TWD,14.28
202112,AA1,76959044,元大台灣高股息優質龍頭基金-新台幣I類型累積級別,,TWD,15.83
202112,AA1,76959044,元大台灣高股息優質龍頭基金-新台幣I類型配息級別(本基金之配息來源可能為收益平準金),,TWD,14.28
202112,AA1,81584335,元大高科技基金,,TWD,41.4
202112,AA1,83863951,元大經貿基金,,TWD,69.13
202112,AA1,92001765,元大多多基金,,TWD,37.32
202112,AA1,92026219,元大卓越基金,,TWD,73.54
202112,AA1,17140568,景順主流基金,,TWD,34.59
202112,AA1,73989256,景順台灣科技基金,,TWD,62.45
202112,AA1,92019786,景順潛力基金,,TWD,50.67
202112,AA1,81595924,瀚亞中小型股基金,,TWD,47.09
202112,AA1,92003102,瀚亞高科技基金,,TWD,145.4
202112,AA1,92012572,瀚亞外銷基金,,TWD,86.71
202112,AA1,97990696,瀚亞菁華基金,,TWD,50.13
202112,AA1,01032183,PGIM保德信高成長基金,,TWD,201.47
202112,AA1,17602625,PGIM保德信新世紀基金,,TWD,15.01
202112,AA1,17602625,PGIM保德信新世紀基金-R級別,,TWD,10.07
202112,AA1,73990649,PGIM保德信科技島基金,,TWD,54.25
202112,AA1,83866508,PGIM保德信中小型股基金,,TWD,86.76
202112,AA1,92013967,PGIM保德信金滿意基金,,TWD,75.47
202112,AA1,92013967,PGIM保德信金滿意基金-R級別,,TWD,10.97
202112,AA1,97988636,PGIM保德信店頭市場基金,,TWD,74.78
202112,AA1,01031699,統一全天候基金-A類型,,TWD,241.35
202112,AA1,01031699,統一全天候基金-I類型,,TWD,246.29
202112,AA1,17605622,統一大滿貫基金-A類型,,TWD,64.42
202112,AA1,17605622,統一大滿貫基金-I類型,,TWD,64.42
202112,AA1,48934304,統一台灣動力基金,,TWD,44.42
202112,AA1,73990253,統一奔騰基金,,TWD,158.54
202112,AA1,77537493,統一統信基金,,TWD,69.42
202112,AA1,81581724,統一經建基金,,TWD,104.48
202112,AA1,92002244,統一黑馬基金,,TWD,160.42
202112,AA1,92012762,統一龍馬基金,,TWD,150.22
202112,AA1,97977878,統一中小基金,,TWD,55.42
202112,AA1,00974018,富邦基金A類型,,TWD,29.9
202112,AA1,00974018,富邦基金I類型,,TWD,31.38
202112,AA1,17148301,富邦台灣心基金,,TWD,56.19
202112,AA1,20089755,富邦精銳中小基金,,TWD,28.53
202112,AA1,81585475,富邦高成長基金,,TWD,57.91
202112,AA1,83864683,富邦科技基金,,TWD,58.13
202112,AA1,88095396,富邦台灣永續發展高股息基金-A類型,,TWD,15.98
202112,AA1,88095396,富邦台灣永續發展高股息基金-B類型,,TWD,15.95
202112,AA1,92002384,富邦精準基金,,TWD,106.75
202112,AA1,92010477,富邦長紅基金,,TWD,149.59
202112,AA1,01032162,摩根台灣增長基金,,TWD,81.16
202112,AA1,25636367,摩根台灣金磚基金-累積型,,TWD,40.35
202112,AA1,25636367,摩根台灣金磚基金-機構法人型,,TWD,40.35
202112,AA1,73989501,摩根中小基金,,TWD,48.01
202112,AA1,92012025,摩根新興科技基金,,TWD,118.41
202112,AA1,00973762,華南永昌永昌基金,,TWD,45.77
202112,AA1,00974241,新光台灣富貴基金,,TWD,62.73
202112,AA1,13986924,新光大三通基金,,TWD,51.93
202112,AA1,73998071,新光店頭基金,,TWD,60.61
202112,AA1,81585242,新光創新科技基金,,TWD,36.47
202112,AA1,19339782,群益創新科技基金,,TWD,76.52
202112,AA1,19339782,群益創新科技基金N類型,,TWD,76.52
202112,AA1,20081352,群益店頭市場基金,,TWD,176.05
202112,AA1,20081352,群益店頭市場基金N-新台幣,,TWD,0
202112,AA1,48675778,群益奧斯卡基金,,TWD,67.86
202112,AA1,48749899,群益葛萊美基金,,TWD,51.03
202112,AA1,81591434,群益長安基金,,TWD,62.44
202112,AA1,92028997,群益中小型股基金,,TWD,98.99
202112,AA1,97984293,群益馬拉松基金,,TWD,189.8
202112,AA1,97984293,群益馬拉松基金I類型,,TWD,0
202112,AA1,97984293,群益馬拉松基金N-新台幣,,TWD,189.78
202112,AA1,18033138,台中銀數位時代基金,,TWD,55.06
202112,AA1,26288534,台中銀台灣主流中小基金,,TWD,39.36
202112,AA1,97972846,台中銀大發基金,,TWD,54.33
202112,AA1,97997635,聯博大利基金,,TWD,70.07
202112,AA1,17147078,日盛精選五虎基金,,TWD,77.18
202112,AA1,17607591,日盛高科技基金,,TWD,38.37
202112,AA1,20084317,日盛日盛基金,,TWD,15.01
202112,AA1,26273336,日盛MIT主流基金,,TWD,34.42
202112,AA1,48948481,日盛首選基金,,TWD,32.27
202112,AA1,73988876,日盛小而美基金,,TWD,38.72
202112,AA1,81584975,日盛上選基金(A類型),,TWD,76.08
202112,AA1,81584975,日盛上選基金(I類型),,TWD,76.08
202112,AA1,81584975,日盛上選基金(N類型),,TWD,76.1
202112,AA1,88175551,日盛台灣永續成長股息基金,,TWD,12.34
202112,AA1,94991068,日盛新台商基金,,TWD,81.19
202112,AA1,20094820,柏瑞巨人基金-A類型,,TWD,19.83
202112,AA1,20094820,柏瑞巨人基金-I類型,,TWD,0
202112,AA1,17608487,復華數位經濟基金,,TWD,88.34
202112,AA1,18488279,復華中小精選基金,,TWD,158.68
202112,AA1,21759676,復華全方位基金,,TWD,61.28
202112,AA1,73998086,復華高成長基金,,TWD,128.45
202112,AA1,81587889,復華復華基金,,TWD,38.23
202112,AA1,88122295,復華台灣好收益基金,,TWD,12.62
202112,AA1,13998344,永豐中小基金-A類型,,TWD,88.74
202112,AA1,13998344,永豐中小基金-I類型,,TWD,88.74
202112,AA1,73992013,永豐領航科技基金,,TWD,63.79
202112,AA1,77074486,永豐臺灣ESG永續優選基金-A累積類型,,TWD,16.54
202112,AA1,77074486,永豐臺灣ESG永續優選基金-A年配類型,,TWD,14.94
202112,AA1,77074486,永豐臺灣ESG永續優選基金-I類型,,TWD,16.54
202112,AA1,81594690,永豐永豐基金-A類型,,TWD,54.74
202112,AA1,81594690,永豐永豐基金-I類型,,TWD,54.74
202112,AA1,81594690,永豐永豐基金-R類型,,TWD,54.86
202112,AA1,48893417,中國信託台灣活力基金,,TWD,20.49
202112,AA1,17144889,宏利台灣動力基金A類型,,TWD,66.43
202112,AA1,17144889,宏利台灣動力基金I類型,,TWD,67.46
202112,AA1,73982057,宏利臺灣股息收益基金A類型,,TWD,43.93
202112,AA1,19330712,貝萊德寶利基金,,TWD,50.36
202112,AA1,00968493,野村鴻運基金,,TWD,53.58
202112,AA1,00988316,野村台灣運籌基金,,TWD,89.15
202112,AA1,01031564,野村積極成長基金,,TWD,36.06
202112,AA1,17146752,野村成長基金,,TWD,85.39
202112,AA1,17600534,野村高科技基金,,TWD,25.49
202112,AA1,18037937,野村ｅ科技基金,,TWD,48.37
202112,AA1,18488469,野村中小基金-累積類型,,TWD,129.78
202112,AA1,18488469,野村中小基金-S類型,,TWD,14.56
202112,AA1,19330754,野村優質基金-累積類型新臺幣計價,,TWD,111.88
202112,AA1,19330754,野村優質基金-S類型新臺幣計價,,TWD,31.22
202112,AA1,99973878,野村台灣高股息基金,,TWD,42.6
202112,AA1,17597236,聯邦精選科技基金,,TWD,28.6
202112,AA1,18496290,聯邦中國龍基金,,TWD,59.43
202112,AA1,17597600,鋒裕匯理阿波羅基金,,TWD,20.45
202112,AA1,17604124,安聯台灣大壩基金-A類型-新臺幣,,TWD,81.5
202112,AA1,17604124,安聯台灣大壩基金-G類型-新臺幣,,TWD,24.56
202112,AA1,18480065,安聯台灣科技基金,,TWD,147.66
202112,AA1,48997911,安聯台灣智慧基金,,TWD,100.54
202112,AA1,01031874,國泰小龍基金-新台幣,,TWD,32.08
202112,AA1,01031874,國泰小龍基金-美元I,,USD,32.0811
202112,AA1,01031874,國泰小龍基金-新台幣R,,TWD,32.11
202112,AA1,14705562,國泰科技生化基金,,TWD,79.17
202112,AA1,17612497,國泰國泰基金-新台幣A,,TWD,53.75
202112,AA1,17612497,國泰國泰基金-新台幣I,,TWD,53.75
202112,AA1,18043059,國泰中小成長基金-新台幣,,TWD,101.88
202112,AA1,18043059,國泰中小成長基金-美元I,,USD,101.879
202112,AA1,19291128,國泰大中華基金,,TWD,47.95
202112,AA1,88090934,國泰台灣高股息傘型基金之台灣高股息基金-新台幣A(不配息),,TWD,18.98
202112,AA1,88090934,國泰台灣高股息傘型基金之台灣高股息基金-新台幣B(配息),,TWD,17.55
202112,AA1,13984165,富達台灣成長基金,,TWD,55.44
202112,AA1,18499732,德銀遠東DWS台灣旗艦基金,,TWD,37.15
202112,AA1,13539952,凱基開創基金,,TWD,59.71
202112,AA1,25612029,凱基台灣精五門基金,,TWD,42.64
202112,AA1,48948834,施羅德台灣樂活中小基金-A類型,,TWD,40.13
202112,AA1,48948834,施羅德台灣樂活中小基金-I類型,,TWD,9656.84
202112,AA1,48948834,施羅德台灣樂活中小基金-C類型,,TWD,3000
202112,AA1,14694495,街口台灣基金,,TWD,42.98
202112,AA1,80892778,街口中小型基金,,TWD,46.63
202112,AA1,15733973,富蘭克林華美第一富基金,,TWD,84.99
202112,AA1,26310297,富蘭克林華美台股傘型基金之高科技基金,,TWD,44.31
202112,AA1,17602821,台新2000高科技基金,,TWD,69.37
202112,AA1,17602821,台新2000高科技基金(法人),,TWD,69.37
202112,AA1,48858663,台新主流基金,,TWD,45.51
202112,AA1,80894446,台新中國通基金,,TWD,102.85
202112,AA1,81588536,台新台灣中小基金,,TWD,77.33
202112,AA1,26320632,合庫台灣基金,,TWD,22.65
202112,AA1,77713842,合庫台灣高科技基金,,TWD,17.21
202112,AA1,42532205,路博邁AR台灣股票基金T累積級別(新臺幣),,TWD,14.77
202112,AA1,42532205,路博邁AR台灣股票基金T月配級別(新臺幣)(基金之配息來源可能為本金),,TWD,11.81
202112,AA1,42532205,路博邁AR台灣股票基金N累積級別(新臺幣),,TWD,11.87
202112,AA1,42532205,路博邁AR台灣股票基金N月配級別(新臺幣)(基金之配息來源可能為本金),,TWD,14.35
202203,AA1,00965469,兆豐第一基金,,TWD,27.99
202203,AA1,01050148,兆豐國民基金,,TWD,36.64
202203,AA1,10341837,兆豐豐台灣基金,,TWD,60.35
202203,AA1,73991751,兆豐電子基金,,TWD,54.82
202203,AA1,88090408,兆豐台灣先進通訊基金,,TWD,14.8
202203,AA1,88198077,兆豐台灣金傳精選股息基金-累積型,,TWD,9.85
202203,AA1,88198077,兆豐台灣金傳精選股息基金-後收型,,TWD,9.86
202203,AA1,19341318,第一金電子基金,,TWD,61.74
202203,AA1,20092528,第一金店頭市場基金,,TWD,12.56
202203,AA1,26202396,第一金創新趨勢基金-A類型,,TWD,38.35
202203,AA1,26202396,第一金創新趨勢基金-I類型,,TWD,0
202203,AA1,73989002,第一金小型精選基金,,TWD,54.32
202203,AA1,01031298,匯豐龍鳳基金-A類型,,TWD,92.82
202203,AA1,01031298,匯豐龍鳳基金-I類型,,TWD,0
202203,AA1,01031298,匯豐龍鳳基金-R類型,,TWD,93.02
202203,AA1,73987671,匯豐台灣精典基金,,TWD,42.29
202203,AA1,76941376,匯豐成功基金,,TWD,54.44
202203,AA1,92017794,匯豐龍騰電子基金,,TWD,69.23
202203,AA1,00974066,元大2001基金,,TWD,132.05
202203,AA1,01032058,元大多福基金,,TWD,90.33
202203,AA1,17139204,元大新主流基金,,TWD,47.59
202203,AA1,20080023,元大店頭基金,,TWD,17.89
202203,AA1,76959044,元大台灣高股息優質龍頭基金-新台幣A類型不配息,,TWD,14.46
202203,AA1,76959044,元大台灣高股息優質龍頭基金-新台幣B類型配息(本基金之配息來源可能為收益平準金),,TWD,10.92
202203,AA1,76959044,元大台灣高股息優質龍頭基金-新台幣I類型累積級別,,TWD,14.47
202203,AA1,76959044,元大台灣高股息優質龍頭基金-新台幣I類型配息級別(本基金之配息來源可能為收益平準金),,TWD,10.93
202203,AA1,81584335,元大高科技基金,,TWD,37.74
202203,AA1,83863951,元大經貿基金,,TWD,61.97
202203,AA1,92001765,元大多多基金,,TWD,33.03
202203,AA1,92026219,元大卓越基金,,TWD,65.73
202203,AA1,17140568,景順主流基金,,TWD,31.34
202203,AA1,73989256,景順台灣科技基金,,TWD,56.02
202203,AA1,92019786,景順潛力基金,,TWD,45.82
202203,AA1,81595924,瀚亞中小型股基金,,TWD,44.16
202203,AA1,92003102,瀚亞高科技基金,,TWD,137.67
202203,AA1,92012572,瀚亞外銷基金,,TWD,79.13
202203,AA1,97990696,瀚亞菁華基金,,TWD,46.86
202203,AA1,01032183,PGIM保德信高成長基金,,TWD,189.61
202203,AA1,17602625,PGIM保德信新世紀基金,,TWD,14.79
202203,AA1,17602625,PGIM保德信新世紀基金-R級別,,TWD,9.93
202203,AA1,73990649,PGIM保德信科技島基金,,TWD,51.98
202203,AA1,83866508,PGIM保德信中小型股基金,,TWD,79.56
202203,AA1,92013967,PGIM保德信金滿意基金,,TWD,70.06
202203,AA1,92013967,PGIM保德信金滿意基金-R級別,,TWD,10.2
202203,AA1,97988636,PGIM保德信店頭市場基金,,TWD,69.22
202203,AA1,01031699,統一全天候基金-A類型,,TWD,212.81
202203,AA1,01031699,統一全天候基金-I類型,,TWD,217.48
202203,AA1,17605622,統一大滿貫基金-A類型,,TWD,58.71
202203,AA1,17605622,統一大滿貫基金-I類型,,TWD,58.71
202203,AA1,48934304,統一台灣動力基金,,TWD,39.32
202203,AA1,73990253,統一奔騰基金,,TWD,145.78
202203,AA1,77537493,統一統信基金,,TWD,63.42
202203,AA1,81581724,統一經建基金,,TWD,91.21
202203,AA1,92002244,統一黑馬基金,,TWD,149.64
202203,AA1,92012762,統一龍馬基金,,TWD,136.31
202203,AA1,97977878,統一中小基金,,TWD,48.8
202203,AA1,00974018,富邦基金A類型,,TWD,27.7
202203,AA1,00974018,富邦基金I類型,,TWD,29.12
202203,AA1,17148301,富邦台灣心基金,,TWD,53.49
202203,AA1,20089755,富邦精銳中小基金,,TWD,26.87
202203,AA1,81585475,富邦高成長基金,,TWD,53.82
202203,AA1,83864683,富邦科技基金,,TWD,53.66
202203,AA1,88095396,富邦台灣永續發展高股息基金-A類型,,TWD,14.8
202203,AA1,88095396,富邦台灣永續發展高股息基金-B類型,,TWD,14.04
202203,AA1,92002384,富邦精準基金,,TWD,101.81
202203,AA1,92010477,富邦長紅基金,,TWD,139.06
202203,AA1,01032162,摩根台灣增長基金,,TWD,77.03
202203,AA1,25636367,摩根台灣金磚基金-累積型,,TWD,35.88
202203,AA1,25636367,摩根台灣金磚基金-機構法人型,,TWD,35.88
202203,AA1,73989501,摩根中小基金,,TWD,41.65
202203,AA1,92012025,摩根新興科技基金,,TWD,103.29
202203,AA1,00973762,華南永昌永昌基金,,TWD,42.44
202203,AA1,00974241,新光台灣富貴基金,,TWD,58.23
202203,AA1,13986924,新光大三通基金,,TWD,47.69
202203,AA1,73998071,新光店頭基金,,TWD,54.9
202203,AA1,81585242,新光創新科技基金,,TWD,33.27
202203,AA1,19339782,群益創新科技基金,,TWD,70.09
202203,AA1,19339782,群益創新科技基金N類型,,TWD,70.08
202203,AA1,20081352,群益店頭市場基金,,TWD,161.35
202203,AA1,20081352,群益店頭市場基金N-新台幣,,TWD,161.38
202203,AA1,48675778,群益奧斯卡基金,,TWD,61.08
202203,AA1,48749899,群益葛萊美基金,,TWD,45.19
202203,AA1,81591434,群益長安基金,,TWD,56.51
202203,AA1,92028997,群益中小型股基金,,TWD,93.24
202203,AA1,97984293,群益馬拉松基金,,TWD,172.56
202203,AA1,97984293,群益馬拉松基金I類型,,TWD,0
202203,AA1,97984293,群益馬拉松基金N-新台幣,,TWD,172.54
202203,AA1,18033138,台中銀數位時代基金,,TWD,51.77
202203,AA1,26288534,台中銀台灣主流中小基金,,TWD,37.14
202203,AA1,97972846,台中銀大發基金,,TWD,51.14
202203,AA1,97997635,聯博大利基金,,TWD,64.07
202203,AA1,17147078,日盛精選五虎基金,,TWD,76.06
202203,AA1,17607591,日盛高科技基金,,TWD,34.08
202203,AA1,20084317,日盛日盛基金,,TWD,14.08
202203,AA1,26273336,日盛MIT主流基金,,TWD,31.36
202203,AA1,48948481,日盛首選基金,,TWD,28.97
202203,AA1,73988876,日盛小而美基金,,TWD,34.99
202203,AA1,81584975,日盛上選基金(A類型),,TWD,68.42
202203,AA1,81584975,日盛上選基金(I類型),,TWD,68.42
202203,AA1,81584975,日盛上選基金(N類型),,TWD,68.43
202203,AA1,88175551,日盛台灣永續成長股息基金,,TWD,11.32
202203,AA1,94991068,日盛新台商基金,,TWD,74.17
202203,AA1,20094820,柏瑞巨人基金-A類型,,TWD,19.03
202203,AA1,20094820,柏瑞巨人基金-I類型,,TWD,0
202203,AA1,17608487,復華數位經濟基金,,TWD,79.61
202203,AA1,18488279,復華中小精選基金,,TWD,139.47
202203,AA1,21759676,復華全方位基金,,TWD,53.95
202203,AA1,73998086,復華高成長基金,,TWD,115.02
202203,AA1,81587889,復華復華基金,,TWD,34.38
202203,AA1,88122295,復華台灣好收益基金,,TWD,11.11
202203,AA1,13998344,永豐中小基金-A類型,,TWD,79.13
202203,AA1,13998344,永豐中小基金-I類型,,TWD,79.13
202203,AA1,73992013,永豐領航科技基金,,TWD,55.73
202203,AA1,77074486,永豐臺灣ESG永續優選基金-A累積類型,,TWD,15.89
202203,AA1,77074486,永豐臺灣ESG永續優選基金-A年配類型,,TWD,14.35
202203,AA1,77074486,永豐臺灣ESG永續優選基金-I類型,,TWD,15.89
202203,AA1,81594690,永豐永豐基金-A類型,,TWD,48.53
202203,AA1,81594690,永豐永豐基金-I類型,,TWD,48.53
202203,AA1,81594690,永豐永豐基金-R類型,,TWD,48.72
202203,AA1,48893417,中國信託台灣活力基金,,TWD,18.84
202203,AA1,17144889,宏利台灣動力基金A類型,,TWD,61.23
202203,AA1,17144889,宏利台灣動力基金I類型,,TWD,62.33
202203,AA1,73982057,宏利臺灣股息收益基金A類型,,TWD,41.77
202203,AA1,19330712,貝萊德寶利基金,,TWD,47.37
202203,AA1,00968493,野村鴻運基金,,TWD,49.3
202203,AA1,00988316,野村台灣運籌基金,,TWD,80.16
202203,AA1,01031564,野村積極成長基金,,TWD,33.47
202203,AA1,17146752,野村成長基金,,TWD,78.96
202203,AA1,17600534,野村高科技基金,,TWD,23.67
202203,AA1,18037937,野村ｅ科技基金,,TWD,44.89
202203,AA1,18488469,野村中小基金-累積類型,,TWD,119.46
202203,AA1,18488469,野村中小基金-S類型,,TWD,13.44
202203,AA1,19330754,野村優質基金-累積類型新臺幣計價,,TWD,102.14
202203,AA1,19330754,野村優質基金-S類型新臺幣計價,,TWD,28.54
202203,AA1,99973878,野村台灣高股息基金,,TWD,41.58
202203,AA1,17597236,聯邦精選科技基金,,TWD,26.69
202203,AA1,18496290,聯邦中國龍基金,,TWD,55.18
202203,AA1,17597600,鋒裕匯理阿波羅基金,,TWD,18.86
202203,AA1,17604124,安聯台灣大壩基金-A類型-新臺幣,,TWD,74.93
202203,AA1,17604124,安聯台灣大壩基金-G類型-新臺幣,,TWD,22.64
202203,AA1,18480065,安聯台灣科技基金,,TWD,137.82
202203,AA1,48997911,安聯台灣智慧基金,,TWD,94.72
202203,AA1,01031874,國泰小龍基金-新台幣,,TWD,28.7
202203,AA1,01031874,國泰小龍基金-美元I,,USD,28.7
202203,AA1,01031874,國泰小龍基金-新台幣R,,TWD,28.74
202203,AA1,14705562,國泰科技生化基金,,TWD,73.05
202203,AA1,17612497,國泰國泰基金-新台幣A,,TWD,49.67
202203,AA1,17612497,國泰國泰基金-新台幣I,,TWD,49.67
202203,AA1,18043059,國泰中小成長基金-新台幣,,TWD,95.92
202203,AA1,18043059,國泰中小成長基金-美元I,,USD,95.9207
202203,AA1,19291128,國泰大中華基金,,TWD,43.52
202203,AA1,88090934,國泰台灣高股息傘型基金之台灣高股息基金-新台幣A(不配息),,TWD,18.56
202203,AA1,88090934,國泰台灣高股息傘型基金之台灣高股息基金-新台幣B(配息),,TWD,16.8
202203,AA1,13984165,富達台灣成長基金,,TWD,51.92
202203,AA1,18499732,德銀遠東DWS台灣旗艦基金,,TWD,34.75
202203,AA1,13539952,凱基開創基金,,TWD,55.7
202203,AA1,25612029,凱基台灣精五門基金,,TWD,40.84
202203,AA1,48948834,施羅德台灣樂活中小基金-A類型,,TWD,36.64
202203,AA1,48948834,施羅德台灣樂活中小基金-I類型,,TWD,8852.46
202203,AA1,48948834,施羅德台灣樂活中小基金-C類型,,TWD,3000
202203,AA1,14694495,街口台灣基金,,TWD,40.39
202203,AA1,80892778,街口中小型基金,,TWD,43.69
202203,AA1,15733973,富蘭克林華美第一富基金,,TWD,77.61
202203,AA1,26310297,富蘭克林華美台股傘型基金之高科技基金,,TWD,39.17
202203,AA1,17602821,台新2000高科技基金,,TWD,65.62
202203,AA1,17602821,台新2000高科技基金(法人),,TWD,65.62
202203,AA1,48858663,台新主流基金,,TWD,42.06
202203,AA1,80894446,台新中國通基金,,TWD,99.43
202203,AA1,81588536,台新台灣中小基金,,TWD,72.18
202203,AA1,26320632,合庫台灣基金,,TWD,21.01
202203,AA1,77713842,合庫台灣高科技基金,,TWD,15.87
202203,AA1,42532205,路博邁AR台灣股票基金T累積級別(新臺幣),,TWD,14.8
202203,AA1,42532205,路博邁AR台灣股票基金T月配級別(新臺幣)(基金之配息來源可能為本金),,TWD,11.7
202203,AA1,42532205,路博邁AR台灣股票基金N累積級別(新臺幣),,TWD,11.9
202203,AA1,42532205,路博邁AR台灣股票基金N月配級別(新臺幣)(基金之配息來源可能為本金),,TWD,14.24
202206,AA1,00965469,兆豐第一基金,,TWD,24.32
202206,AA1,01050148,兆豐國民基金,,TWD,31.06
202206,AA1,10341837,兆豐豐台灣基金,,TWD,50.24
202206,AA1,73991751,兆豐電子基金,,TWD,44.17
202206,AA1,88090408,兆豐台灣先進通訊基金,,TWD,12.03
202206,AA1,88198077,兆豐台灣金傳精選股息基金-累積型,,TWD,8.81
202206,AA1,88198077,兆豐台灣金傳精選股息基金-後收型,,TWD,8.81
202206,AA1,19341318,第一金電子基金,,TWD,48.66
202206,AA1,20092528,第一金店頭市場基金,,TWD,11.45
202206,AA1,26202396,第一金創新趨勢基金-A類型,,TWD,29.6
202206,AA1,26202396,第一金創新趨勢基金-I類型,,TWD,0
202206,AA1,73989002,第一金小型精選基金,,TWD,49.08
202206,AA1,88271077,第一金台灣核心戰略建設基金-累積型-新臺幣,,TWD,9.76
202206,AA1,88271077,第一金台灣核心戰略建設基金-配息型-新臺幣,,TWD,9.76
202206,AA1,88271077,第一金台灣核心戰略建設基金-累積型-新臺幣-N,,TWD,9.76
202206,AA1,88271077,第一金台灣核心戰略建設基金-配息型-新臺幣-N,,TWD,9.76
202206,AA1,01031298,匯豐龍鳳基金-A類型,,TWD,76.23
202206,AA1,01031298,匯豐龍鳳基金-I類型,,TWD,0
202206,AA1,01031298,匯豐龍鳳基金-R類型,,TWD,76.47
202206,AA1,73987671,匯豐台灣精典基金,,TWD,34.69
202206,AA1,76941376,匯豐成功基金,,TWD,48.91
202206,AA1,92017794,匯豐龍騰電子基金,,TWD,54.29
202206,AA1,00974066,元大2001基金,,TWD,97.38
202206,AA1,01032058,元大多福基金,,TWD,69.3
202206,AA1,17139204,元大新主流基金,,TWD,34.64
202206,AA1,20080023,元大店頭基金,,TWD,13.42
202206,AA1,76959044,元大台灣高股息優質龍頭基金-新台幣A類型不配息,,TWD,11.41
202206,AA1,76959044,元大台灣高股息優質龍頭基金-新台幣B類型配息(本基金之配息來源可能為收益平準金),,TWD,8.53
202206,AA1,76959044,元大台灣高股息優質龍頭基金-新台幣I類型累積級別,,TWD,11.42
202206,AA1,76959044,元大台灣高股息優質龍頭基金-新台幣I類型配息級別(本基金之配息來源可能為收益平準金),,TWD,8.54
202206,AA1,81584335,元大高科技基金,,TWD,27.46
202206,AA1,83863951,元大經貿基金,,TWD,43.63
202206,AA1,92001765,元大多多基金,,TWD,26.39
202206,AA1,92026219,元大卓越基金,,TWD,48.62
202206,AA1,17140568,景順主流基金,,TWD,25.42
202206,AA1,73989256,景順台灣科技基金,,TWD,43.84
202206,AA1,92019786,景順潛力基金,,TWD,37.84
202206,AA1,81595924,瀚亞中小型股基金,,TWD,32.59
202206,AA1,92003102,瀚亞高科技基金,,TWD,105.39
202206,AA1,92012572,瀚亞外銷基金,,TWD,57.97
202206,AA1,97990696,瀚亞菁華基金,,TWD,31.73
202206,AA1,01032183,PGIM保德信高成長基金,,TWD,144.64
202206,AA1,17602625,PGIM保德信新世紀基金,,TWD,12.84
202206,AA1,17602625,PGIM保德信新世紀基金-R級別,,TWD,8.64
202206,AA1,73990649,PGIM保德信科技島基金,,TWD,39.66
202206,AA1,83866508,PGIM保德信中小型股基金,,TWD,61.7
202206,AA1,92013967,PGIM保德信金滿意基金,,TWD,55.14
202206,AA1,92013967,PGIM保德信金滿意基金-R級別,,TWD,8.04
202206,AA1,97988636,PGIM保德信店頭市場基金,,TWD,51.15
202206,AA1,01031699,統一全天候基金-A類型,,TWD,167.15
202206,AA1,01031699,統一全天候基金-I類型,,TWD,171.07
202206,AA1,17605622,統一大滿貫基金-A類型,,TWD,48.38
202206,AA1,17605622,統一大滿貫基金-I類型,,TWD,48.38
202206,AA1,48934304,統一台灣動力基金,,TWD,32.53
202206,AA1,73990253,統一奔騰基金,,TWD,122.83
202206,AA1,77537493,統一統信基金,,TWD,47.16
202206,AA1,81581724,統一經建基金,,TWD,73.62
202206,AA1,92002244,統一黑馬基金,,TWD,120.78
202206,AA1,92012762,統一龍馬基金,,TWD,112.37
202206,AA1,97977878,統一中小基金,,TWD,38.43
202206,AA1,00974018,富邦基金A類型,,TWD,15.97
202206,AA1,00974018,富邦基金I類型,,TWD,22.37
202206,AA1,17148301,富邦台灣心基金,,TWD,39.69
202206,AA1,20089755,富邦精銳中小基金,,TWD,20.31
202206,AA1,81585475,富邦高成長基金,,TWD,40.94
202206,AA1,83864683,富邦科技基金,,TWD,38.83
202206,AA1,88095396,富邦台灣永續發展高股息基金-A類型,,TWD,11.2
202206,AA1,88095396,富邦台灣永續發展高股息基金-B類型,,TWD,10.61
202206,AA1,92002384,富邦精準基金,,TWD,75.9
202206,AA1,92010477,富邦長紅基金,,TWD,104.34
202206,AA1,01032162,摩根台灣增長基金,,TWD,65.91
202206,AA1,25636367,摩根台灣金磚基金-累積型,,TWD,28.18
202206,AA1,25636367,摩根台灣金磚基金-機構法人型,,TWD,28.18
202206,AA1,73989501,摩根中小基金,,TWD,31.65
202206,AA1,92012025,摩根新興科技基金,,TWD,77.99
202206,AA1,00973762,華南永昌永昌基金,,TWD,33.97
202206,AA1,00974241,新光台灣富貴基金,,TWD,46.41
202206,AA1,13986924,新光大三通基金,,TWD,36.52
202206,AA1,73998071,新光店頭基金,,TWD,43.66
202206,AA1,81585242,新光創新科技基金,,TWD,25.34
202206,AA1,88316721,新光臺灣高股息基金(A累)新台幣,,TWD,9.97
202206,AA1,88316721,新光臺灣高股息基金(B配)新台幣,,TWD,9.97
202206,AA1,19339782,群益創新科技基金,,TWD,52.88
202206,AA1,19339782,群益創新科技基金N類型,,TWD,52.88
202206,AA1,20081352,群益店頭市場基金,,TWD,121.94
202206,AA1,20081352,群益店頭市場基金N-新台幣,,TWD,121.97
202206,AA1,48675778,群益奧斯卡基金,,TWD,43.43
202206,AA1,48749899,群益葛萊美基金,,TWD,36.3
202206,AA1,81591434,群益長安基金,,TWD,45.25
202206,AA1,92028997,群益中小型股基金,,TWD,73.11
202206,AA1,97984293,群益馬拉松基金,,TWD,135.88
202206,AA1,97984293,群益馬拉松基金I類型,,TWD,0
202206,AA1,97984293,群益馬拉松基金N-新台幣,,TWD,135.87
202206,AA1,18033138,台中銀數位時代基金,,TWD,47.97
202206,AA1,26288534,台中銀台灣主流中小基金,,TWD,30.75
202206,AA1,97972846,台中銀大發基金,,TWD,42.7
202206,AA1,97997635,聯博大利基金,,TWD,52.66
202206,AA1,17147078,日盛精選五虎基金,,TWD,62.97
202206,AA1,17607591,日盛高科技基金,,TWD,26.61
202206,AA1,20084317,日盛日盛基金,,TWD,10.09
202206,AA1,26273336,日盛MIT主流基金,,TWD,24.75
202206,AA1,48948481,日盛首選基金,,TWD,22.42
202206,AA1,73988876,日盛小而美基金,,TWD,26.77
202206,AA1,81584975,日盛上選基金(A類型),,TWD,50.53
202206,AA1,81584975,日盛上選基金(I類型),,TWD,0
202206,AA1,81584975,日盛上選基金(N類型),,TWD,50.54
202206,AA1,88175551,日盛台灣永續成長股息基金,,TWD,8.95
202206,AA1,94991068,日盛新台商基金,,TWD,57.24
202206,AA1,20094820,柏瑞巨人基金-A類型,,TWD,16.76
202206,AA1,20094820,柏瑞巨人基金-I類型,,TWD,0
202206,AA1,17608487,復華數位經濟基金,,TWD,58.36
202206,AA1,18488279,復華中小精選基金,,TWD,101.62
202206,AA1,21759676,復華全方位基金,,TWD,41.59
202206,AA1,73998086,復華高成長基金,,TWD,86.88
202206,AA1,81587889,復華復華基金,,TWD,26.01
202206,AA1,88122295,復華台灣好收益基金,,TWD,8.22
202206,AA1,13998344,永豐中小基金-A類型,,TWD,63.64
202206,AA1,13998344,永豐中小基金-I類型,,TWD,63.64
202206,AA1,73992013,永豐領航科技基金,,TWD,43.63
202206,AA1,77074486,永豐臺灣ESG永續優選基金-A累積類型,,TWD,13.51
202206,AA1,77074486,永豐臺灣ESG永續優選基金-A年配類型,,TWD,12.2
202206,AA1,77074486,永豐臺灣ESG永續優選基金-I類型,,TWD,13.51
202206,AA1,81594690,永豐永豐基金-A類型,,TWD,38.61
202206,AA1,81594690,永豐永豐基金-I類型,,TWD,38.61
202206,AA1,81594690,永豐永豐基金-R類型,,TWD,38.82
202206,AA1,48893417,中國信託台灣活力基金,,TWD,16.25
202206,AA1,17144889,宏利台灣動力基金A類型,,TWD,48.27
202206,AA1,17144889,宏利台灣動力基金I類型,,TWD,49.26
202206,AA1,73982057,宏利臺灣股息收益基金A類型,,TWD,34.88
202206,AA1,19330712,貝萊德寶利基金,,TWD,39.59
202206,AA1,00968493,野村鴻運基金,,TWD,38.06
202206,AA1,00988316,野村台灣運籌基金,,TWD,60.87
202206,AA1,01031564,野村積極成長基金,,TWD,25.27
202206,AA1,17146752,野村成長基金,,TWD,59.88
202206,AA1,17600534,野村高科技基金,,TWD,17.84
202206,AA1,18037937,野村ｅ科技基金,,TWD,33.25
202206,AA1,18488469,野村中小基金-累積類型,,TWD,91.72
202206,AA1,18488469,野村中小基金-S類型,,TWD,10.35
202206,AA1,19330754,野村優質基金-累積類型新臺幣計價,,TWD,77.71
202206,AA1,19330754,野村優質基金-S類型新臺幣計價,,TWD,21.75
202206,AA1,99973878,野村台灣高股息基金,,TWD,35.7
202206,AA1,17597236,聯邦精選科技基金,,TWD,19.85
202206,AA1,18496290,聯邦中國龍基金,,TWD,41.44
202206,AA1,17597600,鋒裕匯理阿波羅基金,,TWD,13.75
202206,AA1,17604124,安聯台灣大壩基金-A類型-新臺幣,,TWD,56.18
202206,AA1,17604124,安聯台灣大壩基金-G類型-新臺幣,,TWD,17.01
202206,AA1,18480065,安聯台灣科技基金,,TWD,103.54
202206,AA1,48997911,安聯台灣智慧基金,,TWD,72.15
202206,AA1,01031874,國泰小龍基金-新台幣,,TWD,21.8
202206,AA1,01031874,國泰小龍基金-美元I,,USD,21.7987
202206,AA1,01031874,國泰小龍基金-新台幣R,,TWD,21.85
202206,AA1,14705562,國泰科技生化基金,,TWD,55.82
202206,AA1,17612497,國泰國泰基金-新台幣A,,TWD,37.95
202206,AA1,17612497,國泰國泰基金-新台幣I,,TWD,37.95
202206,AA1,18043059,國泰中小成長基金-新台幣,,TWD,73.13
202206,AA1,18043059,國泰中小成長基金-美元I,,USD,73.1303
202206,AA1,19291128,國泰大中華基金,,TWD,32.99
202206,AA1,88090934,國泰台灣高股息傘型基金之台灣高股息基金-新台幣A(不配息),,TWD,15.45
202206,AA1,88090934,國泰台灣高股息傘型基金之台灣高股息基金-新台幣B(配息),,TWD,13.87
202206,AA1,13984165,富達台灣成長基金,,TWD,43.66
202206,AA1,18499732,德銀遠東DWS台灣旗艦基金,,TWD,28.89
202206,AA1,13539952,凱基開創基金,,TWD,47.05
202206,AA1,25612029,凱基台灣精五門基金,,TWD,33.46
202206,AA1,48948834,施羅德台灣樂活中小基金-A類型,,TWD,30.41
202206,AA1,48948834,施羅德台灣樂活中小基金-I類型,,TWD,7378.05
202206,AA1,48948834,施羅德台灣樂活中小基金-C類型,,TWD,3000
202206,AA1,14694495,街口台灣基金,,TWD,33.78
202206,AA1,80892778,街口中小型基金,,TWD,32.91
202206,AA1,15733973,富蘭克林華美第一富基金,,TWD,65.03
202206,AA1,26310297,富蘭克林華美台股傘型基金之高科技基金,,TWD,32.18
202206,AA1,17602821,台新2000高科技基金,,TWD,48.02
202206,AA1,17602821,台新2000高科技基金(法人),,TWD,48.02
202206,AA1,48858663,台新主流基金,,TWD,30.86
202206,AA1,80894446,台新中國通基金,,TWD,76.28
202206,AA1,81588536,台新台灣中小基金,,TWD,55.33
202206,AA1,26320632,合庫台灣基金,,TWD,17.77
202206,AA1,77713842,合庫台灣高科技基金,,TWD,14.04
202206,AA1,42532205,路博邁台灣5G股票基金T累積級別(新臺幣),,TWD,12.15
202206,AA1,42532205,路博邁台灣5G股票基金T月配級別(新臺幣)(基金之配息來源可能為本金),,TWD,9.49
202206,AA1,42532205,路博邁台灣5G股票基金N累積級別(新臺幣),,TWD,9.77
202206,AA1,42532205,路博邁台灣5G股票基金N月配級別(新臺幣)(基金之配息來源可能為本金),,TWD,11.58
202209,AA1,00965469,兆豐第一基金,不分級別/不配息,TWD,23.85
202209,AA1,01050148,兆豐國民基金,不分級別/配息,TWD,30.2
202209,AA1,10341837,兆豐豐台灣基金,不分級別/不配息,TWD,50.08
202209,AA1,73991751,兆豐電子基金,不分級別/不配息,TWD,42.2
202209,AA1,88090408,兆豐台灣先進通訊基金,不分級別/不配息,TWD,11.54
202209,AA1,88198077,兆豐台灣金傳精選股息基金-累積型,其他級別/不配息,TWD,8.37
202209,AA1,88198077,兆豐台灣金傳精選股息基金-後收型,後收級別/不配息,TWD,8.37
202209,AA1,19341318,第一金電子基金,不分級別/不配息,TWD,46.32
202209,AA1,20092528,第一金店頭市場基金,不分級別/不配息,TWD,11.77
202209,AA1,26202396,第一金創新趨勢基金-A類型,其他級別/不配息,TWD,27.94
202209,AA1,26202396,第一金創新趨勢基金-I類型,法人級別/不配息,TWD,0
202209,AA1,73989002,第一金小型精選基金,不分級別/不配息,TWD,49.78
202209,AA1,88271077,第一金台灣核心戰略建設基金-累積型-新臺幣,其他級別/不配息,TWD,8.88
202209,AA1,88271077,第一金台灣核心戰略建設基金-配息型-新臺幣(本基金配息來源可能為本金),其他級別/配息,TWD,8.86
202209,AA1,88271077,第一金台灣核心戰略建設基金-累積型-新臺幣-N,後收級別/不配息,TWD,8.88
202209,AA1,88271077,第一金台灣核心戰略建設基金-配息型-新臺幣-N(本基金配息來源可能為本金),後收級別/配息,TWD,8.86
202209,AA1,01031298,匯豐龍鳳基金-A類型,其他級別/不配息,TWD,73.51
202209,AA1,01031298,匯豐龍鳳基金-I類型,法人級別/不配息,TWD,0
202209,AA1,01031298,匯豐龍鳳基金-R類型,退休級別/不配息,TWD,73.82
202209,AA1,73987671,匯豐台灣精典基金,不分級別/不配息,TWD,33.41
202209,AA1,76941376,匯豐成功基金,不分級別/不配息,TWD,45.51
202209,AA1,92017794,匯豐龍騰電子基金,不分級別/不配息,TWD,52.52
202209,AA1,00974066,元大2001基金,不分級別/不配息,TWD,96.04
202209,AA1,01032058,元大多福基金,不分級別/不配息,TWD,68.16
202209,AA1,17139204,元大新主流基金,不分級別/不配息,TWD,33.94
202209,AA1,20080023,元大店頭基金,不分級別/不配息,TWD,13.45
202209,AA1,76959044,元大台灣高股息優質龍頭基金-新台幣A類型不配息,其他級別/不配息,TWD,10.8
202209,AA1,76959044,元大台灣高股息優質龍頭基金-新台幣B類型配息(本基金之配息來源可能為收益平準金),其他級別/配息,TWD,7.98
202209,AA1,76959044,元大台灣高股息優質龍頭基金-新台幣I類型累積級別,法人級別/不配息,TWD,10.81
202209,AA1,76959044,元大台灣高股息優質龍頭基金-新台幣I類型配息級別,法人級別/配息,TWD,7.99
202209,AA1,81584335,元大高科技基金,不分級別/不配息,TWD,26.44
202209,AA1,83863951,元大經貿基金,不分級別/不配息,TWD,41.97
202209,AA1,92001765,元大多多基金,不分級別/不配息,TWD,25.67
202209,AA1,92026219,元大卓越基金,不分級別/不配息,TWD,47.41
202209,AA1,17140568,景順主流基金,不分級別/不配息,TWD,24.26
202209,AA1,73989256,景順台灣科技基金,不分級別/不配息,TWD,41.64
202209,AA1,92019786,景順潛力基金,不分級別/不配息,TWD,36.36
202209,AA1,81595924,瀚亞中小型股基金,不分級別/不配息,TWD,32.17
202209,AA1,92003102,瀚亞高科技基金,不分級別/不配息,TWD,103.58
202209,AA1,92012572,瀚亞外銷基金,不分級別/不配息,TWD,56.5
202209,AA1,97990696,瀚亞菁華基金,不分級別/不配息,TWD,32.16
202209,AA1,01032183,PGIM保德信高成長基金,不分級別/不配息,TWD,133.98
202209,AA1,17602625,PGIM保德信新世紀基金,其他級別/不配息,TWD,12.06
202209,AA1,17602625,PGIM保德信新世紀基金-R級別,退休級別/不配息,TWD,8.12
202209,AA1,73990649,PGIM保德信科技島基金,不分級別/不配息,TWD,39.36
202209,AA1,83866508,PGIM保德信中小型股基金,不分級別/不配息,TWD,59.66
202209,AA1,92013967,PGIM保德信金滿意基金,其他級別/不配息,TWD,50.87
202209,AA1,92013967,PGIM保德信金滿意基金-R級別,退休級別/不配息,TWD,7.43
202209,AA1,97988636,PGIM保德信店頭市場基金,不分級別/不配息,TWD,47.99
202209,AA1,01031699,統一全天候基金-A類型,其他級別/不配息,TWD,160.18
202209,AA1,01031699,統一全天候基金-I類型,法人級別/不配息,TWD,164.19
202209,AA1,17605622,統一大滿貫基金-A類型,其他級別/不配息,TWD,47.62
202209,AA1,17605622,統一大滿貫基金-I類型,法人級別/不配息,TWD,47.62
202209,AA1,48934304,統一台灣動力基金,不分級別/不配息,TWD,32.49
202209,AA1,73990253,統一奔騰基金,不分級別/不配息,TWD,120.64
202209,AA1,77537493,統一統信基金,不分級別/不配息,TWD,45.15
202209,AA1,81581724,統一經建基金,不分級別/不配息,TWD,70.39
202209,AA1,92002244,統一黑馬基金,不分級別/不配息,TWD,121.06
202209,AA1,92012762,統一龍馬基金,不分級別/不配息,TWD,110.51
202209,AA1,97977878,統一中小基金,不分級別/不配息,TWD,36.83
202209,AA1,00974018,富邦基金A類型,其他級別/配息,TWD,15.57
202209,AA1,00974018,富邦基金I類型,法人級別/不配息,TWD,21.85
202209,AA1,17148301,富邦台灣心基金,不分級別/不配息,TWD,38.03
202209,AA1,20089755,富邦精銳中小基金,不分級別/配息,TWD,19.7
202209,AA1,81585475,富邦高成長基金,不分級別/不配息,TWD,39.62
202209,AA1,83864683,富邦科技基金,不分級別/不配息,TWD,37.17
202209,AA1,88095396,富邦台灣永續發展高股息基金-A類型,其他級別/不配息,TWD,10.59
202209,AA1,88095396,富邦台灣永續發展高股息基金-B類型,其他級別/配息,TWD,10.01
202209,AA1,92002384,富邦精準基金,不分級別/配息,TWD,73.28
202209,AA1,92010477,富邦長紅基金,不分級別/配息,TWD,98.53
202209,AA1,01032162,摩根台灣增長基金,不分級別/配息,TWD,61.09
202209,AA1,25636367,摩根台灣金磚基金-累積型,其他級別/不配息,TWD,26.17
202209,AA1,25636367,摩根台灣金磚基金-機構法人型,法人級別/不配息,TWD,26.17
202209,AA1,73989501,摩根中小基金,不分級別/不配息,TWD,29.55
202209,AA1,92012025,摩根新興科技基金,不分級別/配息,TWD,72.49
202209,AA1,00973762,華南永昌永昌基金,不分級別/不配息,TWD,33.83
202209,AA1,00974241,新光台灣富貴基金,不分級別/不配息,TWD,44.57
202209,AA1,13986924,新光大三通基金,不分級別/不配息,TWD,36.01
202209,AA1,73998071,新光店頭基金,不分級別/不配息,TWD,43.31
202209,AA1,81585242,新光創新科技基金,不分級別/不配息,TWD,24.62
202209,AA1,88316721,新光臺灣高股息基金(A累)新台幣,其他級別/不配息,TWD,9.34
202209,AA1,88316721,新光臺灣高股息基金(B配)新台幣,其他級別/配息,TWD,9.34
202209,AA1,19339782,群益創新科技基金,其他級別/不配息,TWD,49.66
202209,AA1,19339782,群益創新科技基金N類型,後收級別/不配息,TWD,49.66
202209,AA1,20081352,群益店頭市場基金,其他級別/不配息,TWD,127.26
202209,AA1,20081352,群益店頭市場基金N-新台幣,後收級別/不配息,TWD,127.28
202209,AA1,48675778,群益奧斯卡基金,不分級別/不配息,TWD,40.55
202209,AA1,48749899,群益葛萊美基金,不分級別/不配息,TWD,36.09
202209,AA1,81591434,群益長安基金,不分級別/不配息,TWD,44.07
202209,AA1,92028997,群益中小型股基金,不分級別/不配息,TWD,72.32
202209,AA1,97984293,群益馬拉松基金,其他級別/不配息,TWD,131.01
202209,AA1,97984293,群益馬拉松基金I類型,法人級別/不配息,TWD,0
202209,AA1,97984293,群益馬拉松基金N-新台幣,後收級別/不配息,TWD,130.99
202209,AA1,18033138,台中銀數位時代基金,不分級別/不配息,TWD,47.98
202209,AA1,26288534,台中銀台灣主流中小基金,不分級別/不配息,TWD,29.57
202209,AA1,88315292,台中銀台灣優息基金A(累積型-新台幣),其他級別/不配息,TWD,10
202209,AA1,88315292,台中銀台灣優息基金B(配息型-新台幣),其他級別/配息,TWD,10
202209,AA1,88315292,台中銀台灣優息基金C(累積後收型-新台幣),後收級別/不配息,TWD,10
202209,AA1,88315292,台中銀台灣優息基金N(配息後收型-新台幣),後收級別/配息,TWD,10
202209,AA1,97972846,台中銀大發基金,不分級別/不配息,TWD,40.22
202209,AA1,97997635,聯博大利基金,不分級別/不配息,TWD,49.29
202209,AA1,17147078,日盛精選五虎基金,不分級別/不配息,TWD,58.53
202209,AA1,17607591,日盛高科技基金,不分級別/不配息,TWD,24.94
202209,AA1,20084317,日盛日盛基金,不分級別/不配息,TWD,9.46
202209,AA1,26273336,日盛MIT主流基金,不分級別/不配息,TWD,23.34
202209,AA1,48948481,日盛首選基金,不分級別/不配息,TWD,22.18
202209,AA1,73988876,日盛小而美基金,不分級別/不配息,TWD,24.94
202209,AA1,81584975,日盛上選基金(A類型),其他級別/不配息,TWD,47.12
202209,AA1,81584975,日盛上選基金(I類型),法人級別/不配息,TWD,0
202209,AA1,81584975,日盛上選基金(N類型),後收級別/不配息,TWD,47.12
202209,AA1,88175551,日盛台灣永續成長股息基金,不分級別/不配息,TWD,8.34
202209,AA1,94991068,日盛新台商基金,不分級別/不配息,TWD,52.88
202209,AA1,20094820,柏瑞巨人基金-A類型,其他級別/不配息,TWD,16.37
202209,AA1,20094820,柏瑞巨人基金-I類型,法人級別/不配息,TWD,0
202209,AA1,17608487,復華數位經濟基金,不分級別/不配息,TWD,54.1
202209,AA1,18488279,復華中小精選基金,不分級別/不配息,TWD,93.69
202209,AA1,21759676,復華全方位基金,不分級別/不配息,TWD,39.59
202209,AA1,73998086,復華高成長基金,不分級別/不配息,TWD,79.85
202209,AA1,81587889,復華復華基金,不分級別/不配息,TWD,23.65
202209,AA1,88122295,復華台灣好收益基金,不分級別/配息,TWD,7.35
202209,AA1,13998344,永豐中小基金-A類型,其他級別/不配息,TWD,61.6
202209,AA1,13998344,永豐中小基金-I類型,法人級別/不配息,TWD,61.6
202209,AA1,73992013,永豐領航科技基金,不分級別/不配息,TWD,41.99
202209,AA1,77074486,永豐臺灣ESG永續優選基金-A累積類型,其他級別/不配息,TWD,12.86
202209,AA1,77074486,永豐臺灣ESG永續優選基金-A年配類型,其他級別/配息,TWD,11.61
202209,AA1,77074486,永豐臺灣ESG永續優選基金-I類型,法人級別/不配息,TWD,12.86
202209,AA1,81594690,永豐永豐基金-A類型,其他級別/不配息,TWD,36.3
202209,AA1,81594690,永豐永豐基金-I類型,法人級別/不配息,TWD,36.3
202209,AA1,81594690,永豐永豐基金-R類型,退休級別/不配息,TWD,36.56
202209,AA1,48893417,中國信託台灣活力基金,不分級別/不配息,TWD,15.57
202209,AA1,17144889,宏利台灣動力基金A類型,其他級別/不配息,TWD,46.76
202209,AA1,17144889,宏利台灣動力基金I類型,法人級別/不配息,TWD,47.84
202209,AA1,73982057,宏利臺灣股息收益基金A類型,其他級別/不配息,TWD,34.3
202209,AA1,19330712,貝萊德寶利基金,不分級別/不配息,TWD,37.99
202209,AA1,00968493,野村鴻運基金,不分級別/不配息,TWD,36.55
202209,AA1,00988316,野村台灣運籌基金,不分級別/不配息,TWD,60.9
202209,AA1,01031564,野村積極成長基金,不分級別/不配息,TWD,24.47
202209,AA1,17146752,野村成長基金,不分級別/不配息,TWD,58.11
202209,AA1,17600534,野村高科技基金,不分級別/不配息,TWD,17.02
202209,AA1,18037937,野村ｅ科技基金,不分級別/不配息,TWD,31.74
202209,AA1,18488469,野村中小基金-累積類型,其他級別/不配息,TWD,88.07
202209,AA1,18488469,野村中小基金-S類型,法人級別/不配息,TWD,9.97
202209,AA1,19330754,野村優質基金-累積類型新臺幣計價,其他級別/不配息,TWD,72.01
202209,AA1,19330754,野村優質基金-S類型新臺幣計價,法人級別/不配息,TWD,20.18
202209,AA1,99973878,野村台灣高股息基金,不分級別/不配息,TWD,33.31
202209,AA1,17597236,聯邦精選科技基金,不分級別/不配息,TWD,19.25
202209,AA1,18496290,聯邦中國龍基金,不分級別/不配息,TWD,39.04
202209,AA1,17604124,安聯台灣大壩基金-A類型-新臺幣,其他級別/不配息,TWD,51.32
202209,AA1,17604124,安聯台灣大壩基金-G類型-新臺幣,法人級別/不配息,TWD,15.58
202209,AA1,18480065,安聯台灣科技基金,不分級別/不配息,TWD,96.6
202209,AA1,48997911,安聯台灣智慧基金,不分級別/不配息,TWD,66.39
202209,AA1,01031874,國泰小龍基金-新台幣,其他級別/不配息,TWD,21.48
202209,AA1,01031874,國泰小龍基金-美元I,法人級別/不配息,USD,21.4807
202209,AA1,01031874,國泰小龍基金-新台幣R,退休級別/不配息,TWD,21.54
202209,AA1,14705562,國泰科技生化基金,不分級別/不配息,TWD,53.96
202209,AA1,17612497,國泰國泰基金-新台幣A,其他級別/不配息,TWD,37.71
202209,AA1,17612497,國泰國泰基金-新台幣I,法人級別/不配息,TWD,37.71
202209,AA1,18043059,國泰中小成長基金-新台幣,其他級別/不配息,TWD,71.55
202209,AA1,18043059,國泰中小成長基金-美元I,法人級別/不配息,USD,71.5505
202209,AA1,19291128,國泰大中華基金,不分級別/不配息,TWD,32.43
202209,AA1,88090934,國泰台灣高股息傘型基金之台灣高股息基金-新台幣A(不配息),其他級別/不配息,TWD,15.57
202209,AA1,88090934,國泰台灣高股息傘型基金之台灣高股息基金-新台幣B(配息),其他級別/配息,TWD,13.6
202209,AA1,13984165,富達台灣成長基金,不分級別/不配息,TWD,41.77
202209,AA1,18499732,德銀遠東DWS台灣旗艦基金,不分級別/不配息,TWD,27.54
202209,AA1,13539952,凱基開創基金,不分級別/不配息,TWD,45.55
202209,AA1,25612029,凱基台灣精五門基金,不分級別/不配息,TWD,32.3
202209,AA1,48948834,施羅德台灣樂活中小基金-A類型,其他級別/不配息,TWD,29.73
202209,AA1,48948834,施羅德台灣樂活中小基金-I類型,法人級別/不配息,TWD,7241.42
202209,AA1,48948834,施羅德台灣樂活中小基金-C類型,其他級別/不配息,TWD,3000
202209,AA1,14694495,街口台灣基金,不分級別/不配息,TWD,31.96
202209,AA1,80892778,街口中小型基金,不分級別/不配息,TWD,31.93
202209,AA1,15733973,富蘭克林華美第一富基金,不分級別/不配息,TWD,63.45
202209,AA1,26310297,富蘭克林華美台股傘型基金之高科技基金,不分級別/不配息,TWD,32.71
202209,AA1,17602821,台新2000高科技基金,其他級別/不配息,TWD,43.72
202209,AA1,17602821,台新2000高科技基金(法人),法人級別/不配息,TWD,43.72
202209,AA1,48858663,台新主流基金,不分級別/不配息,TWD,29.35
202209,AA1,80894446,台新中國通基金,不分級別/不配息,TWD,74.23
202209,AA1,81588536,台新台灣中小基金,不分級別/不配息,TWD,49.48
202209,AA1,26320632,合庫台灣基金,不分級別/不配息,TWD,17.13
202209,AA1,77713842,合庫台灣高科技基金,不分級別/不配息,TWD,13.67
202209,AA1,42532205,路博邁台灣5G股票基金T累積級別(新臺幣),其他級別/不配息,TWD,12.37
202209,AA1,42532205,路博邁台灣5G股票基金T月配級別(新臺幣)(基金之配息來源可能為本金),其他級別/配息,TWD,9.55
202209,AA1,42532205,路博邁台灣5G股票基金N累積級別(新臺幣),後收級別/不配息,TWD,9.95
202209,AA1,42532205,路博邁台灣5G股票基金N月配級別(新臺幣)(基金之配息來源可能為本金),後收級別/配息,TWD,11.67
202212,AA1,00965469,兆豐第一基金,不分級別/不配息,TWD,23.93
202212,AA1,01050148,兆豐國民基金,不分級別/配息,TWD,32.45
202212,AA1,10341837,兆豐豐台灣基金,不分級別/不配息,TWD,52.23
202212,AA1,73991751,兆豐電子基金,不分級別/不配息,TWD,42.58
202212,AA1,88090408,兆豐台灣先進通訊基金,不分級別/不配息,TWD,11.67
202212,AA1,88198077,兆豐台灣金傳精選股息基金-累積型,其他級別/不配息,TWD,8.57
202212,AA1,88198077,兆豐台灣金傳精選股息基金-後收型,後收級別/不配息,TWD,8.57
202212,AA1,19341318,第一金電子基金,不分級別/不配息,TWD,45.99
202212,AA1,20092528,第一金店頭市場基金,不分級別/不配息,TWD,12.5
202212,AA1,26202396,第一金創新趨勢基金-A類型,其他級別/不配息,TWD,28
202212,AA1,26202396,第一金創新趨勢基金-I類型,法人級別/不配息,TWD,0
202212,AA1,73989002,第一金小型精選基金,不分級別/不配息,TWD,53.37
202212,AA1,88271077,第一金台灣核心戰略建設基金-累積型-新臺幣,其他級別/不配息,TWD,8.94
202212,AA1,88271077,第一金台灣核心戰略建設基金-配息型-新臺幣(本基金配息來源可能為本金),其他級別/配息,TWD,8.82
202212,AA1,88271077,第一金台灣核心戰略建設基金-累積型-新臺幣-N,後收級別/不配息,TWD,8.94
202212,AA1,88271077,第一金台灣核心戰略建設基金-配息型-新臺幣-N(本基金配息來源可能為本金),後收級別/配息,TWD,8.82
202212,AA1,01031298,匯豐龍鳳基金-A類型,其他級別/不配息,TWD,75.96
202212,AA1,01031298,匯豐龍鳳基金-I類型,法人級別/不配息,TWD,76.06
202212,AA1,01031298,匯豐龍鳳基金-R類型,退休級別/不配息,TWD,76.36
202212,AA1,73987671,匯豐台灣精典基金,不分級別/不配息,TWD,34.47
202212,AA1,76941376,匯豐成功基金,不分級別/不配息,TWD,49.17
202212,AA1,92017794,匯豐龍騰電子基金,不分級別/不配息,TWD,53.04
202212,AA1,00974066,元大2001基金,不分級別/不配息,TWD,95.61
202212,AA1,01032058,元大多福基金,不分級別/不配息,TWD,67.36
202212,AA1,17139204,元大新主流基金,不分級別/不配息,TWD,33.37
202212,AA1,20080023,元大店頭基金,不分級別/不配息,TWD,13.61
202212,AA1,76959044,元大台灣高股息優質龍頭基金-新台幣A類型不配息,其他級別/不配息,TWD,10.77
202212,AA1,76959044,元大台灣高股息優質龍頭基金-新台幣B類型配息(本基金之配息來源可能為收益平準金),其他級別/配息,TWD,7.86
202212,AA1,76959044,元大台灣高股息優質龍頭基金-新台幣I類型累積級別,法人級別/不配息,TWD,10.77
202212,AA1,76959044,元大台灣高股息優質龍頭基金-新台幣I類型配息級別(本基金之配息來源可能為收益平準金),法人級別/配息,TWD,7.88
202212,AA1,81584335,元大高科技基金,不分級別/不配息,TWD,26.12
202212,AA1,83863951,元大經貿基金,不分級別/不配息,TWD,40.64
202212,AA1,92001765,元大多多基金,不分級別/不配息,TWD,25.2
202212,AA1,92026219,元大卓越基金,不分級別/不配息,TWD,46.09
202212,AA1,17140568,景順主流基金,不分級別/不配息,TWD,25.04
202212,AA1,73989256,景順台灣科技基金,不分級別/不配息,TWD,43.18
202212,AA1,92019786,景順潛力基金,不分級別/不配息,TWD,37.53
202212,AA1,81595924,瀚亞中小型股基金,不分級別/不配息,TWD,30.34
202212,AA1,92003102,瀚亞高科技基金,不分級別/不配息,TWD,101.57
202212,AA1,92012572,瀚亞外銷基金,不分級別/不配息,TWD,55.92
202212,AA1,97990696,瀚亞菁華基金,不分級別/不配息,TWD,30.91
202212,AA1,01032183,PGIM保德信高成長基金,不分級別/不配息,TWD,136.04
202212,AA1,17602625,PGIM保德信新世紀基金,其他級別/不配息,TWD,12.29
202212,AA1,17602625,PGIM保德信新世紀基金-R級別,退休級別/不配息,TWD,8.29
202212,AA1,73990649,PGIM保德信科技島基金,不分級別/不配息,TWD,39.3
202212,AA1,83866508,PGIM保德信中小型股基金,不分級別/不配息,TWD,60.51
202212,AA1,92013967,PGIM保德信金滿意基金,其他級別/不配息,TWD,51.61
202212,AA1,92013967,PGIM保德信金滿意基金-R級別,退休級別/不配息,TWD,7.55
202212,AA1,97988636,PGIM保德信店頭市場基金,不分級別/不配息,TWD,48.12
202212,AA1,01031699,統一全天候基金-A類型,其他級別/不配息,TWD,161.3
202212,AA1,01031699,統一全天候基金-I類型,法人級別/不配息,TWD,165.6
202212,AA1,17605622,統一大滿貫基金-A類型,其他級別/不配息,TWD,48.09
202212,AA1,17605622,統一大滿貫基金-I類型,法人級別/不配息,TWD,48.09
202212,AA1,48934304,統一台灣動力基金,不分級別/不配息,TWD,32.74
202212,AA1,73990253,統一奔騰基金,不分級別/不配息,TWD,122.41
202212,AA1,77537493,統一統信基金,不分級別/不配息,TWD,45.84
202212,AA1,81581724,統一經建基金,不分級別/不配息,TWD,71.25
202212,AA1,92002244,統一黑馬基金,不分級別/不配息,TWD,122.05
202212,AA1,92012762,統一龍馬基金,不分級別/不配息,TWD,111.53
202212,AA1,97977878,統一中小基金,不分級別/不配息,TWD,37.17
202212,AA1,00974018,富邦基金A類型,其他級別/配息,TWD,15.83
202212,AA1,00974018,富邦基金I類型,法人級別/不配息,TWD,22.24
202212,AA1,17148301,富邦台灣心基金,不分級別/不配息,TWD,38.59
202212,AA1,20089755,富邦精銳中小基金,不分級別/配息,TWD,20.47
202212,AA1,81585475,富邦高成長基金,不分級別/不配息,TWD,39.48
202212,AA1,83864683,富邦科技基金,不分級別/不配息,TWD,36.76
202212,AA1,88095396,富邦台灣永續發展高股息基金-A類型,其他級別/不配息,TWD,10.83
202212,AA1,88095396,富邦台灣永續發展高股息基金-B類型,其他級別/配息,TWD,10.2
202212,AA1,92002384,富邦精準基金,不分級別/配息,TWD,75.7
202212,AA1,92010477,富邦長紅基金,不分級別/配息,TWD,97.77
202212,AA1,01032162,摩根台灣增長基金,不分級別/配息,TWD,64.71
202212,AA1,25636367,摩根台灣金磚基金-累積型,其他級別/不配息,TWD,27.6
202212,AA1,25636367,摩根台灣金磚基金-機構法人型,法人級別/不配息,TWD,10
202212,AA1,73989501,摩根中小基金,不分級別/不配息,TWD,31.6
202212,AA1,92012025,摩根新興科技基金,不分級別/配息,TWD,76.53
202212,AA1,00973762,華南永昌永昌基金,不分級別/不配息,TWD,35.28
202212,AA1,00974241,新光台灣富貴基金,不分級別/不配息,TWD,45.3
202212,AA1,13986924,新光大三通基金,不分級別/不配息,TWD,35.9
202212,AA1,73998071,新光店頭基金,不分級別/不配息,TWD,43.65
202212,AA1,81585242,新光創新科技基金,不分級別/不配息,TWD,24.67
202212,AA1,88316721,新光臺灣高股息基金(A累)新台幣,其他級別/不配息,TWD,9.71
202212,AA1,88316721,新光臺灣高股息基金(B配)新台幣,其他級別/配息,TWD,9.7
202212,AA1,19339782,群益創新科技基金,其他級別/不配息,TWD,50.87
202212,AA1,19339782,群益創新科技基金N類型,後收級別/不配息,TWD,50.87
202212,AA1,20081352,群益店頭市場基金,其他級別/不配息,TWD,134.71
202212,AA1,20081352,群益店頭市場基金N-新台幣,後收級別/不配息,TWD,134.73
202212,AA1,48675778,群益奧斯卡基金,不分級別/不配息,TWD,38.76
202212,AA1,48749899,群益葛萊美基金,不分級別/不配息,TWD,35.29
202212,AA1,81591434,群益長安基金,不分級別/不配息,TWD,43.48
202212,AA1,92028997,群益中小型股基金,不分級別/不配息,TWD,72.4
202212,AA1,97984293,群益馬拉松基金,其他級別/不配息,TWD,129.36
202212,AA1,97984293,群益馬拉松基金I類型,法人級別/不配息,TWD,0
202212,AA1,97984293,群益馬拉松基金N-新台幣,後收級別/不配息,TWD,129.34
202212,AA1,18033138,台中銀數位時代基金,不分級別/不配息,TWD,50.11
202212,AA1,26288534,台中銀台灣主流中小基金,不分級別/不配息,TWD,29.1
202212,AA1,88315292,台中銀台灣優息基金A(累積型-新台幣),其他級別/不配息,TWD,11.13
202212,AA1,88315292,台中銀台灣優息基金B(配息型-新台幣),其他級別/配息,TWD,11.13
202212,AA1,88315292,台中銀台灣優息基金C(累積後收型-新台幣),後收級別/不配息,TWD,11.13
202212,AA1,88315292,台中銀台灣優息基金N(配息後收型-新台幣),後收級別/配息,TWD,11.13
202212,AA1,97972846,台中銀大發基金,不分級別/不配息,TWD,40.09
202212,AA1,97997635,聯博大利基金,不分級別/不配息,TWD,52.12
202212,AA1,17147078,日盛精選五虎基金,不分級別/不配息,TWD,56.72
202212,AA1,17607591,日盛高科技基金,不分級別/不配息,TWD,23.97
202212,AA1,20084317,日盛日盛基金,不分級別/不配息,TWD,8.99
202212,AA1,26273336,日盛MIT主流基金,不分級別/不配息,TWD,22.78
202212,AA1,48948481,日盛首選基金,不分級別/不配息,TWD,21.78
202212,AA1,73988876,日盛小而美基金,不分級別/不配息,TWD,23.77
202212,AA1,81584975,日盛上選基金(A類型),其他級別/不配息,TWD,46.71
202212,AA1,81584975,日盛上選基金(I類型),法人級別/不配息,TWD,0
202212,AA1,81584975,日盛上選基金(N類型),後收級別/不配息,TWD,46.72
202212,AA1,88175551,日盛台灣永續成長股息基金,不分級別/不配息,TWD,8.25
202212,AA1,94991068,日盛新台商基金,不分級別/不配息,TWD,52.15
202212,AA1,20094820,柏瑞巨人基金-A類型,其他級別/不配息,TWD,16.73
202212,AA1,20094820,柏瑞巨人基金-I類型,法人級別/不配息,TWD,0
202212,AA1,17608487,復華數位經濟基金,不分級別/不配息,TWD,52.67
202212,AA1,18488279,復華中小精選基金,不分級別/不配息,TWD,92.6
202212,AA1,21759676,復華全方位基金,不分級別/不配息,TWD,38.48
202212,AA1,73998086,復華高成長基金,不分級別/不配息,TWD,77.33
202212,AA1,81587889,復華復華基金,不分級別/不配息,TWD,24.34
202212,AA1,88122295,復華台灣好收益基金,不分級別/配息,TWD,7.44
202212,AA1,13998344,永豐中小基金-A類型,其他級別/不配息,TWD,61.5
202212,AA1,13998344,永豐中小基金-I類型,法人級別/不配息,TWD,61.5
202212,AA1,73992013,永豐領航科技基金,不分級別/不配息,TWD,41.7
202212,AA1,77074486,永豐臺灣ESG永續優選基金-A累積類型,其他級別/不配息,TWD,13.47
202212,AA1,77074486,永豐臺灣ESG永續優選基金-A年配類型,其他級別/配息,TWD,11.57
202212,AA1,77074486,永豐臺灣ESG永續優選基金-I類型,法人級別/不配息,TWD,13.47
202212,AA1,81594690,永豐永豐基金-A類型,其他級別/不配息,TWD,36.65
202212,AA1,81594690,永豐永豐基金-I類型,法人級別/不配息,TWD,36.65
202212,AA1,81594690,永豐永豐基金-R類型,退休級別/不配息,TWD,36.98
202212,AA1,48893417,中國信託台灣活力基金,不分級別/不配息,TWD,15.51
202212,AA1,17144889,宏利台灣動力基金A類型,其他級別/不配息,TWD,46.26
202212,AA1,17144889,宏利台灣動力基金I類型,法人級別/不配息,TWD,47.45
202212,AA1,73982057,宏利臺灣股息收益基金A類型,其他級別/不配息,TWD,34.96
202212,AA1,19330712,貝萊德寶利基金,不分級別/不配息,TWD,38.49
202212,AA1,00968493,野村鴻運基金,不分級別/不配息,TWD,38.26
202212,AA1,00988316,野村台灣運籌基金,不分級別/不配息,TWD,62.08
202212,AA1,01031564,野村積極成長基金,不分級別/不配息,TWD,25.63
202212,AA1,17146752,野村成長基金,不分級別/不配息,TWD,60.88
202212,AA1,17600534,野村高科技基金,不分級別/不配息,TWD,17.61
202212,AA1,18037937,野村ｅ科技基金,不分級別/不配息,TWD,32.73
202212,AA1,18488469,野村中小基金-累積類型,其他級別/不配息,TWD,92.02
202212,AA1,18488469,野村中小基金-S類型,法人級別/不配息,TWD,10.44
202212,AA1,19330754,野村優質基金-累積類型新臺幣計價,其他級別/不配息,TWD,76.85
202212,AA1,19330754,野村優質基金-S類型新臺幣計價,法人級別/不配息,TWD,21.56
202212,AA1,99973878,野村台灣高股息基金,不分級別/不配息,TWD,35.57
202212,AA1,17597236,聯邦精選科技基金,不分級別/不配息,TWD,19.51
202212,AA1,18496290,聯邦中國龍基金,不分級別/不配息,TWD,38.38
202212,AA1,17604124,安聯台灣大壩基金-A類型-新臺幣,其他級別/不配息,TWD,51.27
202212,AA1,17604124,安聯台灣大壩基金-G類型-新臺幣,法人級別/不配息,TWD,15.6
202212,AA1,18480065,安聯台灣科技基金,不分級別/不配息,TWD,100.25
202212,AA1,48997911,安聯台灣智慧基金,不分級別/不配息,TWD,67.63
202212,AA1,01031874,國泰小龍基金-新台幣,其他級別/不配息,TWD,20.63
202212,AA1,01031874,國泰小龍基金-美元I,法人級別/不配息,USD,20.6308
202212,AA1,01031874,國泰小龍基金-新台幣R,退休級別/不配息,TWD,20.7
202212,AA1,14705562,國泰科技生化基金,不分級別/不配息,TWD,51.34
202212,AA1,17612497,國泰國泰基金-新台幣A,其他級別/不配息,TWD,36.23
202212,AA1,17612497,國泰國泰基金-新台幣I,法人級別/不配息,TWD,36.23
202212,AA1,18043059,國泰中小成長基金-新台幣,其他級別/不配息,TWD,71.51
202212,AA1,18043059,國泰中小成長基金-美元I,法人級別/不配息,USD,71.5102
202212,AA1,19291128,國泰大中華基金,不分級別/不配息,TWD,31.83
202212,AA1,88090934,國泰台灣高股息傘型基金之台灣高股息基金-新台幣A(不配息),其他級別/不配息,TWD,15.54
202212,AA1,88090934,國泰台灣高股息傘型基金之台灣高股息基金-新台幣B(配息),其他級別/配息,TWD,13.45
202212,AA1,13984165,富達台灣成長基金,不分級別/不配息,TWD,41.11
202212,AA1,18499732,德銀遠東DWS台灣旗艦基金,不分級別/不配息,TWD,28.09
202212,AA1,13539952,凱基開創基金,不分級別/不配息,TWD,47.29
202212,AA1,25612029,凱基台灣精五門基金,不分級別/不配息,TWD,32.76
202212,AA1,48948834,施羅德台灣樂活中小基金-A類型,其他級別/不配息,TWD,30.59
202212,AA1,48948834,施羅德台灣樂活中小基金-I類型,法人級別/不配息,TWD,7481.01
202212,AA1,48948834,施羅德台灣樂活中小基金-C類型,其他級別/不配息,TWD,3000
202212,AA1,14694495,街口台灣基金,不分級別/不配息,TWD,33.8
202212,AA1,80892778,街口中小型基金,不分級別/不配息,TWD,32.19
202212,AA1,15733973,富蘭克林華美第一富基金,不分級別/不配息,TWD,67.66
202212,AA1,26310297,富蘭克林華美台股傘型基金之高科技基金,不分級別/不配息,TWD,31.76
202212,AA1,17602821,台新2000高科技基金,其他級別/不配息,TWD,45.22
202212,AA1,17602821,台新2000高科技基金(法人),法人級別/不配息,TWD,45.22
202212,AA1,48858663,台新主流基金,不分級別/不配息,TWD,30.31
202212,AA1,80894446,台新中國通基金,不分級別/不配息,TWD,74.54
202212,AA1,81588536,台新台灣中小基金,不分級別/不配息,TWD,50.14
202212,AA1,26320632,合庫台灣基金,不分級別/不配息,TWD,15.89
202212,AA1,77713842,合庫台灣高科技基金,不分級別/不配息,TWD,12.29
202212,AA1,42532205,路博邁台灣5G股票基金T累積級別(新臺幣),其他級別/不配息,TWD,12.79
202212,AA1,42532205,路博邁台灣5G股票基金T月配級別(新臺幣)(基金之配息來源可能為本金),其他級別/配息,TWD,9.74
202212,AA1,42532205,路博邁台灣5G股票基金N累積級別(新臺幣),後收級別/不配息,TWD,10.28
202212,AA1,42532205,路博邁台灣5G股票基金N月配級別(新臺幣)(基金之配息來源可能為本金),後收級別/配息,TWD,11.93
202303,AA1,00965469,兆豐第一基金,不分級別/不配息,TWD,27.08
202303,AA1,01050148,兆豐國民基金,不分級別/配息,TWD,38.63
202303,AA1,10341837,兆豐豐台灣基金,不分級別/不配息,TWD,63.34
202303,AA1,73991751,兆豐電子基金,不分級別/不配息,TWD,50.25
202303,AA1,88090408,兆豐台灣先進通訊基金,不分級別/不配息,TWD,13.72
202303,AA1,88198077,兆豐台灣金傳精選股息基金-累積型,其他級別/不配息,TWD,9.43
202303,AA1,88198077,兆豐台灣金傳精選股息基金-後收型,後收級別/不配息,TWD,9.43
202303,AA1,19341318,第一金電子基金,不分級別/不配息,TWD,54.86
202303,AA1,20092528,第一金店頭市場基金,不分級別/不配息,TWD,14.13
202303,AA1,26202396,第一金創新趨勢基金-A類型,其他級別/不配息,TWD,33.19
202303,AA1,26202396,第一金創新趨勢基金-I類型,法人級別/不配息,TWD,0
202303,AA1,73989002,第一金小型精選基金,不分級別/不配息,TWD,60.32
202303,AA1,88271077,第一金台灣核心戰略建設基金-累積型-新臺幣,其他級別/不配息,TWD,10.29
202303,AA1,88271077,第一金台灣核心戰略建設基金-配息型-新臺幣(本基金配息來源可能為本金),其他級別/配息,TWD,10.05
202303,AA1,88271077,第一金台灣核心戰略建設基金-累積型-新臺幣-N,後收級別/不配息,TWD,10.29
202303,AA1,88271077,第一金台灣核心戰略建設基金-配息型-新臺幣-N(本基金配息來源可能為本金),後收級別/配息,TWD,10.05
202303,AA1,01031298,匯豐龍鳳基金-A類型,其他級別/不配息,TWD,84.89
202303,AA1,01031298,匯豐龍鳳基金-I類型,法人級別/不配息,TWD,84.89
202303,AA1,01031298,匯豐龍鳳基金-R類型,退休級別/不配息,TWD,85.41
202303,AA1,73987671,匯豐台灣精典基金,不分級別/不配息,TWD,38.77
202303,AA1,76941376,匯豐成功基金,不分級別/不配息,TWD,51.58
202303,AA1,92017794,匯豐龍騰電子基金,不分級別/不配息,TWD,62.63
202303,AA1,00974066,元大2001基金,不分級別/不配息,TWD,113.96
202303,AA1,01032058,元大多福基金,不分級別/不配息,TWD,80.19
202303,AA1,17139204,元大新主流基金,不分級別/不配息,TWD,40.56
202303,AA1,20080023,元大店頭基金,不分級別/不配息,TWD,15.97
202303,AA1,76959044,元大台灣高股息優質龍頭基金-新台幣A類型不配息,其他級別/不配息,TWD,12.21
202303,AA1,76959044,元大台灣高股息優質龍頭基金-新台幣B類型配息(本基金之配息來源可能為收益平準金),其他級別/配息,TWD,8.8
202303,AA1,76959044,元大台灣高股息優質龍頭基金-新台幣I類型累積級別,法人級別/不配息,TWD,12.21
202303,AA1,76959044,元大台灣高股息優質龍頭基金-新台幣I類型配息級別(本基金之配息來源可能為收益平準金),法人級別/配息,TWD,8.83
202303,AA1,81584335,元大高科技基金,不分級別/不配息,TWD,30.71
202303,AA1,83863951,元大經貿基金,不分級別/不配息,TWD,47.15
202303,AA1,92001765,元大多多基金,不分級別/不配息,TWD,29.83
202303,AA1,92026219,元大卓越基金,不分級別/不配息,TWD,53.64
202303,AA1,17140568,景順主流基金,不分級別/不配息,TWD,30.04
202303,AA1,73989256,景順台灣科技基金,不分級別/不配息,TWD,52
202303,AA1,92019786,景順潛力基金,不分級別/不配息,TWD,44.29
202303,AA1,81595924,瀚亞中小型股基金,不分級別/不配息,TWD,36.35
202303,AA1,92003102,瀚亞高科技基金,不分級別/不配息,TWD,122.46
202303,AA1,92012572,瀚亞外銷基金,不分級別/不配息,TWD,65.81
202303,AA1,97990696,瀚亞菁華基金,不分級別/不配息,TWD,37.04
202303,AA1,01032183,PGIM保德信高成長基金,不分級別/不配息,TWD,153
202303,AA1,17602625,PGIM保德信新世紀基金,其他級別/不配息,TWD,13.4
202303,AA1,17602625,PGIM保德信新世紀基金-R級別,退休級別/不配息,TWD,9.05
202303,AA1,73990649,PGIM保德信科技島基金,不分級別/不配息,TWD,46.31
202303,AA1,83866508,PGIM保德信中小型股基金,不分級別/不配息,TWD,68.05
202303,AA1,92013967,PGIM保德信金滿意基金,其他級別/不配息,TWD,58.94
202303,AA1,92013967,PGIM保德信金滿意基金-R級別,退休級別/不配息,TWD,8.63
202303,AA1,97988636,PGIM保德信店頭市場基金,不分級別/不配息,TWD,55.95
202303,AA1,01031699,統一全天候基金-A類型,其他級別/不配息,TWD,187.72
202303,AA1,01031699,統一全天候基金-I類型,法人級別/不配息,TWD,193
202303,AA1,17605622,統一大滿貫基金-A類型,其他級別/不配息,TWD,55.66
202303,AA1,17605622,統一大滿貫基金-I類型,法人級別/不配息,TWD,55.66
202303,AA1,48934304,統一台灣動力基金,不分級別/不配息,TWD,39.2
202303,AA1,73990253,統一奔騰基金,不分級別/不配息,TWD,143.61
202303,AA1,77537493,統一統信基金,不分級別/不配息,TWD,56.42
202303,AA1,81581724,統一經建基金,不分級別/不配息,TWD,82.42
202303,AA1,92002244,統一黑馬基金,不分級別/不配息,TWD,139.24
202303,AA1,92012762,統一龍馬基金,不分級別/不配息,TWD,127.88
202303,AA1,97977878,統一中小基金,不分級別/不配息,TWD,42.61
202303,AA1,00974018,富邦基金A類型,其他級別/配息,TWD,18.28
202303,AA1,00974018,富邦基金I類型,法人級別/不配息,TWD,25.74
202303,AA1,17148301,富邦台灣心基金,不分級別/不配息,TWD,44.52
202303,AA1,20089755,富邦精銳中小基金,不分級別/配息,TWD,24.83
202303,AA1,81585475,富邦高成長基金,不分級別/不配息,TWD,47.15
202303,AA1,83864683,富邦科技基金,不分級別/不配息,TWD,45.18
202303,AA1,88095396,富邦台灣高股息基金-A類型,其他級別/不配息,TWD,12.82
202303,AA1,88095396,富邦台灣高股息基金-B類型,其他級別/配息,TWD,11.26
202303,AA1,92002384,富邦精準基金,不分級別/配息,TWD,90.73
202303,AA1,92010477,富邦長紅基金,不分級別/配息,TWD,115.37
202303,AA1,01032162,摩根台灣增長基金,不分級別/配息,TWD,71.66
202303,AA1,25636367,摩根台灣金磚基金-累積型,其他級別/不配息,TWD,32.37
202303,AA1,25636367,摩根台灣金磚基金-機構法人型,法人級別/不配息,TWD,10
202303,AA1,25636367,摩根台灣金磚基金-數位型,其他級別/不配息,TWD,10.21
202303,AA1,73989501,摩根中小基金,不分級別/不配息,TWD,37.63
202303,AA1,92012025,摩根新興科技基金-一般型,其他級別/配息,TWD,93.07
202303,AA1,92012025,摩根新興科技基金-數位型,其他級別/不配息,TWD,10.32
202303,AA1,00973762,華南永昌永昌基金,不分級別/不配息,TWD,41.2
202303,AA1,00974241,新光台灣富貴基金,不分級別/不配息,TWD,52.54
202303,AA1,13986924,新光大三通基金,不分級別/不配息,TWD,43.16
202303,AA1,73998071,新光店頭基金,不分級別/不配息,TWD,52.03
202303,AA1,81585242,新光創新科技基金,不分級別/不配息,TWD,29.95
202303,AA1,88316721,新光臺灣高股息基金(A累)新台幣,其他級別/不配息,TWD,10.72
202303,AA1,88316721,新光臺灣高股息基金(B配)新台幣,其他級別/配息,TWD,10.72
202303,AA1,19339782,群益創新科技基金,其他級別/不配息,TWD,57.83
202303,AA1,19339782,群益創新科技基金N類型,後收級別/不配息,TWD,57.83
202303,AA1,20081352,群益店頭市場基金,其他級別/不配息,TWD,160.12
202303,AA1,20081352,群益店頭市場基金N-新台幣,後收級別/不配息,TWD,160.16
202303,AA1,48675778,群益奧斯卡基金,不分級別/不配息,TWD,48.75
202303,AA1,48749899,群益葛萊美基金,不分級別/不配息,TWD,41.56
202303,AA1,81591434,群益長安基金,不分級別/不配息,TWD,48.34
202303,AA1,92028997,群益中小型股基金,不分級別/不配息,TWD,82.86
202303,AA1,97984293,群益馬拉松基金,其他級別/不配息,TWD,146.21
202303,AA1,97984293,群益馬拉松基金I類型,法人級別/不配息,TWD,0
202303,AA1,97984293,群益馬拉松基金N-新台幣,後收級別/不配息,TWD,146.2
202303,AA1,18033138,台中銀數位時代基金,不分級別/不配息,TWD,59.76
202303,AA1,26288534,台中銀台灣主流中小基金,不分級別/不配息,TWD,34.74
202303,AA1,88315292,台中銀台灣優息基金A(累積型-新台幣),其他級別/不配息,TWD,12.42
202303,AA1,88315292,台中銀台灣優息基金B(配息型-新台幣),其他級別/配息,TWD,12.25
202303,AA1,88315292,台中銀台灣優息基金C(累積後收型-新台幣),後收級別/不配息,TWD,12.42
202303,AA1,88315292,台中銀台灣優息基金N(配息後收型-新台幣),後收級別/配息,TWD,12.26
202303,AA1,97972846,台中銀大發基金,不分級別/不配息,TWD,45.66
202303,AA1,97997635,聯博大利基金,不分級別/不配息,TWD,62.13
202303,AA1,17147078,日盛精選五虎基金,不分級別/不配息,TWD,67.51
202303,AA1,17607591,日盛高科技基金,不分級別/不配息,TWD,28.46
202303,AA1,20084317,日盛日盛基金,不分級別/不配息,TWD,10.65
202303,AA1,26273336,日盛MIT主流基金,不分級別/不配息,TWD,28.27
202303,AA1,48948481,日盛首選基金,不分級別/不配息,TWD,26.74
202303,AA1,73988876,日盛小而美基金,不分級別/不配息,TWD,28.29
202303,AA1,81584975,日盛上選基金(A類型),其他級別/不配息,TWD,57.18
202303,AA1,81584975,日盛上選基金(N類型),後收級別/不配息,TWD,57.18
202303,AA1,88175551,日盛台灣永續成長股息基金,不分級別/不配息,TWD,10
202303,AA1,94991068,日盛新台商基金,不分級別/不配息,TWD,66.01
202303,AA1,20094820,柏瑞巨人基金-A類型,其他級別/不配息,TWD,18.81
202303,AA1,20094820,柏瑞巨人基金-I類型,法人級別/不配息,TWD,0
202303,AA1,17608487,復華數位經濟基金,不分級別/不配息,TWD,62.11
202303,AA1,18488279,復華中小精選基金,不分級別/不配息,TWD,110.45
202303,AA1,21759676,復華全方位基金,不分級別/不配息,TWD,45.06
202303,AA1,73998086,復華高成長基金,不分級別/不配息,TWD,92.58
202303,AA1,81587889,復華復華基金,不分級別/不配息,TWD,28.32
202303,AA1,88122295,復華台灣好收益基金,不分級別/配息,TWD,8.9
202303,AA1,13998344,永豐中小基金-A類型,其他級別/不配息,TWD,70.01
202303,AA1,13998344,永豐中小基金-I類型,法人級別/不配息,TWD,70.01
202303,AA1,73992013,永豐領航科技基金,不分級別/不配息,TWD,49.36
202303,AA1,77074486,永豐臺灣ESG永續優選基金-A累積類型,其他級別/不配息,TWD,14.98
202303,AA1,77074486,永豐臺灣ESG永續優選基金-A年配類型,其他級別/配息,TWD,12.86
202303,AA1,77074486,永豐臺灣ESG永續優選基金-I類型,法人級別/不配息,TWD,14.98
202303,AA1,81594690,永豐永豐基金-A類型,其他級別/不配息,TWD,42.04
202303,AA1,81594690,永豐永豐基金-I類型,法人級別/不配息,TWD,42.04
202303,AA1,81594690,永豐永豐基金-R類型,退休級別/不配息,TWD,42.48
202303,AA1,48893417,中國信託台灣活力基金,不分級別/不配息,TWD,17.71
202303,AA1,17144889,宏利台灣動力基金A類型,其他級別/不配息,TWD,53.71
202303,AA1,17144889,宏利台灣動力基金I類型,法人級別/不配息,TWD,55.22
202303,AA1,73982057,宏利臺灣股息收益基金A類型,其他級別/不配息,TWD,39.86
202303,AA1,19330712,貝萊德寶利基金,不分級別/不配息,TWD,45.06
202303,AA1,00968493,野村鴻運基金,不分級別/不配息,TWD,46.69
202303,AA1,00988316,野村台灣運籌基金,不分級別/不配息,TWD,75.56
202303,AA1,01031564,野村積極成長基金,不分級別/不配息,TWD,30.46
202303,AA1,17146752,野村成長基金,不分級別/不配息,TWD,72.22
202303,AA1,17600534,野村高科技基金,不分級別/不配息,TWD,22.39
202303,AA1,18037937,野村ｅ科技基金,不分級別/不配息,TWD,41.55
202303,AA1,18488469,野村中小基金-累積類型,其他級別/不配息,TWD,111.87
202303,AA1,18488469,野村中小基金-S類型,法人級別/不配息,TWD,12.73
202303,AA1,19330754,野村優質基金-累積類型新臺幣計價,其他級別/不配息,TWD,92.75
202303,AA1,19330754,野村優質基金-S類型新臺幣計價,法人級別/不配息,TWD,26.05
202303,AA1,99973878,野村台灣高股息基金,不分級別/不配息,TWD,40.49
202303,AA1,17597236,聯邦精選科技基金,不分級別/不配息,TWD,23.5
202303,AA1,18496290,聯邦中國龍基金,不分級別/不配息,TWD,45.05
202303,AA1,17604124,安聯台灣大壩基金-A類型-新臺幣,其他級別/不配息,TWD,59.49
202303,AA1,17604124,安聯台灣大壩基金-G類型-新臺幣,法人級別/不配息,TWD,18.15
202303,AA1,18480065,安聯台灣科技基金,不分級別/不配息,TWD,122.41
202303,AA1,48997911,安聯台灣智慧基金,不分級別/不配息,TWD,81.45
202303,AA1,01031874,國泰小龍基金-新台幣,其他級別/不配息,TWD,24.32
202303,AA1,01031874,國泰小龍基金-美元I,法人級別/不配息,USD,24.3204
202303,AA1,01031874,國泰小龍基金-新台幣R,退休級別/不配息,TWD,24.42
202303,AA1,14705562,國泰科技生化基金,不分級別/不配息,TWD,63.25
202303,AA1,17612497,國泰國泰基金-新台幣A,其他級別/不配息,TWD,42.58
202303,AA1,17612497,國泰國泰基金-新台幣I,法人級別/不配息,TWD,42.58
202303,AA1,18043059,國泰中小成長基金-新台幣,其他級別/不配息,TWD,84.98
202303,AA1,18043059,國泰中小成長基金-美元I,法人級別/不配息,USD,84.9799
202303,AA1,19291128,國泰大中華基金,不分級別/不配息,TWD,38.22
202303,AA1,88090934,國泰台灣高股息傘型基金之台灣高股息基金-新台幣A(不配息),其他級別/不配息,TWD,17.89
202303,AA1,88090934,國泰台灣高股息傘型基金之台灣高股息基金-新台幣B(配息),其他級別/配息,TWD,15.35
202303,AA1,13984165,富達台灣成長基金,不分級別/不配息,TWD,46.99
202303,AA1,18499732,德銀遠東DWS台灣旗艦基金,不分級別/不配息,TWD,31.87
202303,AA1,13539952,凱基開創基金,不分級別/不配息,TWD,58.16
202303,AA1,25612029,凱基台灣精五門基金,不分級別/不配息,TWD,37.8
202303,AA1,48948834,施羅德台灣樂活中小基金-A類型,其他級別/不配息,TWD,34.5
202303,AA1,48948834,施羅德台灣樂活中小基金-I類型,法人級別/不配息,TWD,8469.23
202303,AA1,48948834,施羅德台灣樂活中小基金-C類型,其他級別/不配息,TWD,3000
202303,AA1,14694495,街口台灣基金,不分級別/不配息,TWD,38.65
202303,AA1,80892778,街口中小型基金,不分級別/不配息,TWD,39.43
202303,AA1,15733973,富蘭克林華美第一富基金,不分級別/不配息,TWD,76.16
202303,AA1,26310297,富蘭克林華美台股傘型基金之高科技基金,不分級別/不配息,TWD,37.31
202303,AA1,17602821,台新2000高科技基金,其他級別/不配息,TWD,56.69
202303,AA1,17602821,台新2000高科技基金(法人),法人級別/不配息,TWD,56.75
202303,AA1,48858663,台新主流基金,不分級別/不配息,TWD,36.53
202303,AA1,80894446,台新中國通基金,不分級別/不配息,TWD,88.26
202303,AA1,81588536,台新台灣中小基金,不分級別/不配息,TWD,63.27
202303,AA1,26320632,合庫台灣基金,不分級別/不配息,TWD,17.59
202303,AA1,77713842,合庫台灣高科技基金,不分級別/不配息,TWD,13.66
202303,AA1,42532205,路博邁台灣5G股票基金T累積級別(新臺幣),其他級別/不配息,TWD,15.79
202303,AA1,42532205,路博邁台灣5G股票基金T月配級別(新臺幣)(基金之配息來源可能為本金),其他級別/配息,TWD,11.88
202303,AA1,42532205,路博邁台灣5G股票基金N累積級別(新臺幣),後收級別/不配息,TWD,12.7
202303,AA1,42532205,路博邁台灣5G股票基金N月配級別(新臺幣)(基金之配息來源可能為本金),後收級別/配息,TWD,14.59
202306,AA1,00965469,兆豐第一基金,不分級別/不配息,TWD,26.73
202306,AA1,01050148,兆豐國民基金,不分級別/配息,TWD,39.57
202306,AA1,10341837,兆豐豐台灣基金,不分級別/不配息,TWD,70.31
202306,AA1,73991751,兆豐電子基金,不分級別/不配息,TWD,57.5
202306,AA1,88090408,兆豐台灣先進通訊基金,不分級別/不配息,TWD,15.84
202306,AA1,88198077,兆豐台灣金傳精選股息基金-累積型,其他級別/不配息,TWD,9.5
202306,AA1,88198077,兆豐台灣金傳精選股息基金-後收型,後收級別/不配息,TWD,9.5
202306,AA1,19341318,第一金電子基金,不分級別/不配息,TWD,62.03
202306,AA1,20092528,第一金店頭市場基金,不分級別/不配息,TWD,15.2
202306,AA1,26202396,第一金創新趨勢基金-A類型,其他級別/不配息,TWD,37.11
202306,AA1,26202396,第一金創新趨勢基金-I類型,法人級別/不配息,TWD,0
202306,AA1,73989002,第一金小型精選基金,不分級別/不配息,TWD,66.8
202306,AA1,88271077,第一金台灣核心戰略建設基金-累積型-新臺幣,其他級別/不配息,TWD,11.8
202306,AA1,88271077,第一金台灣核心戰略建設基金-配息型-新臺幣(本基金配息來源可能為本金),其他級別/配息,TWD,11.38
202306,AA1,88271077,第一金台灣核心戰略建設基金-累積型-新臺幣-N,後收級別/不配息,TWD,11.8
202306,AA1,88271077,第一金台灣核心戰略建設基金-配息型-新臺幣-N(本基金配息來源可能為本金),後收級別/配息,TWD,11.42
202306,AA1,01031298,匯豐龍鳳基金-A類型,其他級別/不配息,TWD,92.93
202306,AA1,01031298,匯豐龍鳳基金-I類型,法人級別/不配息,TWD,92.93
202306,AA1,01031298,匯豐龍鳳基金-R類型,退休級別/不配息,TWD,93.59
202306,AA1,73987671,匯豐台灣精典基金,不分級別/不配息,TWD,42.02
202306,AA1,76941376,匯豐成功基金,不分級別/不配息,TWD,53.05
202306,AA1,92017794,匯豐龍騰電子基金,不分級別/不配息,TWD,68.75
202306,AA1,00974066,元大2001基金,不分級別/不配息,TWD,126.85
202306,AA1,01032058,元大多福基金,不分級別/不配息,TWD,88.77
202306,AA1,17139204,元大新主流基金,不分級別/不配息,TWD,46.65
202306,AA1,20080023,元大店頭基金,不分級別/不配息,TWD,17.12
202306,AA1,76959044,元大台灣高股息優質龍頭基金-新台幣A類型不配息,其他級別/不配息,TWD,13.84
202306,AA1,76959044,元大台灣高股息優質龍頭基金-新台幣B類型配息(本基金之配息來源可能為收益平準金),其他級別/配息,TWD,9.86
202306,AA1,76959044,元大台灣高股息優質龍頭基金-新台幣I類型累積級別,法人級別/不配息,TWD,13.85
202306,AA1,76959044,元大台灣高股息優質龍頭基金-新台幣I類型配息級別(本基金之配息來源可能為收益平準金),法人級別/配息,TWD,9.9
202306,AA1,81584335,元大高科技基金,不分級別/不配息,TWD,32.76
202306,AA1,83863951,元大經貿基金,不分級別/不配息,TWD,51.08
202306,AA1,92001765,元大多多基金,不分級別/不配息,TWD,32.94
202306,AA1,92026219,元大卓越基金,不分級別/不配息,TWD,58.4
202306,AA1,17140568,景順主流基金,不分級別/不配息,TWD,32.15
202306,AA1,73989256,景順台灣科技基金,不分級別/不配息,TWD,55.77
202306,AA1,92019786,景順潛力基金,不分級別/不配息,TWD,47.61
202306,AA1,81595924,瀚亞中小型股基金,不分級別/不配息,TWD,41.4
202306,AA1,92003102,瀚亞高科技基金,不分級別/不配息,TWD,145.07
202306,AA1,92012572,瀚亞外銷基金,不分級別/不配息,TWD,76.61
202306,AA1,97990696,瀚亞菁華基金,不分級別/不配息,TWD,43.03
202306,AA1,01032183,PGIM保德信高成長基金,不分級別/不配息,TWD,170.48
202306,AA1,17602625,PGIM保德信新世紀基金,其他級別/不配息,TWD,14.35
202306,AA1,17602625,PGIM保德信新世紀基金-R級別,退休級別/不配息,TWD,9.71
202306,AA1,73990649,PGIM保德信科技島基金,不分級別/不配息,TWD,51.8
202306,AA1,83866508,PGIM保德信中小型股基金,不分級別/不配息,TWD,73.61
202306,AA1,92013967,PGIM保德信金滿意基金,其他級別/不配息,TWD,66.57
202306,AA1,92013967,PGIM保德信金滿意基金-R級別,退休級別/不配息,TWD,9.77
202306,AA1,97988636,PGIM保德信店頭市場基金,不分級別/不配息,TWD,58.89
202306,AA1,01031699,統一全天候基金-A類型,其他級別/不配息,TWD,230.67
202306,AA1,01031699,統一全天候基金-I類型,法人級別/不配息,TWD,237.51
202306,AA1,17605622,統一大滿貫基金-A類型,其他級別/不配息,TWD,63.94
202306,AA1,17605622,統一大滿貫基金-I類型,法人級別/不配息,TWD,63.94
202306,AA1,48934304,統一台灣動力基金,不分級別/不配息,TWD,45.87
202306,AA1,73990253,統一奔騰基金,不分級別/不配息,TWD,170.23
202306,AA1,77537493,統一統信基金,不分級別/不配息,TWD,66.13
202306,AA1,81581724,統一經建基金,不分級別/不配息,TWD,95.31
202306,AA1,92002244,統一黑馬基金,不分級別/不配息,TWD,169.26
202306,AA1,92012762,統一龍馬基金,不分級別/不配息,TWD,139.12
202306,AA1,97977878,統一中小基金,不分級別/不配息,TWD,50.74
202306,AA1,00974018,富邦基金A類型,其他級別/配息,TWD,20.82
202306,AA1,00974018,富邦基金I類型,法人級別/不配息,TWD,29.36
202306,AA1,17148301,富邦台灣心基金,不分級別/不配息,TWD,49.61
202306,AA1,20089755,富邦精銳中小基金,不分級別/配息,TWD,27.01
202306,AA1,81585475,富邦高成長基金,不分級別/不配息,TWD,54.19
202306,AA1,83864683,富邦科技基金,不分級別/不配息,TWD,48.9
202306,AA1,88095396,富邦台灣高股息基金-A類型,其他級別/不配息,TWD,14.05
202306,AA1,88095396,富邦台灣高股息基金-B類型,其他級別/配息,TWD,12.22
202306,AA1,92002384,富邦精準基金,不分級別/配息,TWD,98.43
202306,AA1,92010477,富邦長紅基金,不分級別/配息,TWD,129.59
202306,AA1,01032162,摩根台灣增長基金,不分級別/配息,TWD,75.22
202306,AA1,25636367,摩根台灣金磚基金-累積型,其他級別/不配息,TWD,35.01
202306,AA1,25636367,摩根台灣金磚基金-機構法人型,法人級別/不配息,TWD,10
202306,AA1,25636367,摩根台灣金磚基金-數位型,其他級別/不配息,TWD,11.07
202306,AA1,73989501,摩根中小基金,不分級別/不配息,TWD,41.27
202306,AA1,92012025,摩根新興科技基金-一般型,其他級別/配息,TWD,103.03
202306,AA1,92012025,摩根新興科技基金-數位型,其他級別/不配息,TWD,11.45
202306,AA1,00973762,華南永昌永昌基金,不分級別/不配息,TWD,46.42
202306,AA1,00974241,新光台灣富貴基金,不分級別/不配息,TWD,58.05
202306,AA1,13986924,新光大三通基金,不分級別/不配息,TWD,47.88
202306,AA1,73998071,新光店頭基金,不分級別/不配息,TWD,53.86
202306,AA1,81585242,新光創新科技基金,不分級別/不配息,TWD,33.33
202306,AA1,88316721,新光臺灣高股息基金(A累)新台幣,其他級別/不配息,TWD,11.75
202306,AA1,88316721,新光臺灣高股息基金(B配)新台幣,其他級別/配息,TWD,11.72
202306,AA1,19339782,群益創新科技基金,其他級別/不配息,TWD,65.84
202306,AA1,19339782,群益創新科技基金N類型,後收級別/不配息,TWD,65.84
202306,AA1,20081352,群益店頭市場基金,其他級別/不配息,TWD,166.69
202306,AA1,20081352,群益店頭市場基金N-新台幣,後收級別/不配息,TWD,166.73
202306,AA1,48675778,群益奧斯卡基金,不分級別/不配息,TWD,50.54
202306,AA1,48749899,群益葛萊美基金,不分級別/不配息,TWD,45.25
202306,AA1,81591434,群益長安基金,不分級別/不配息,TWD,59.89
202306,AA1,92028997,群益中小型股基金,不分級別/不配息,TWD,87.26
202306,AA1,97984293,群益馬拉松基金,其他級別/不配息,TWD,164.58
202306,AA1,97984293,群益馬拉松基金I類型,法人級別/不配息,TWD,0
202306,AA1,97984293,群益馬拉松基金N-新台幣,後收級別/不配息,TWD,164.57
202306,AA1,18033138,台中銀數位時代基金,不分級別/不配息,TWD,65.92
202306,AA1,88315292,台中銀台灣優息基金A(累積型-新台幣),其他級別/不配息,TWD,13.81
202306,AA1,88315292,台中銀台灣優息基金B(配息型-新台幣),其他級別/配息,TWD,13.35
202306,AA1,88315292,台中銀台灣優息基金C(累積後收型-新台幣),後收級別/不配息,TWD,13.82
202306,AA1,88315292,台中銀台灣優息基金N(配息後收型-新台幣),後收級別/配息,TWD,13.36
202306,AA1,97972846,台中銀大發基金,不分級別/不配息,TWD,51.12
202306,AA1,97997635,聯博大利基金,不分級別/不配息,TWD,67.74
202306,AA1,17147078,日盛精選五虎基金,不分級別/不配息,TWD,74.98
202306,AA1,17607591,日盛高科技基金,不分級別/不配息,TWD,33.49
202306,AA1,20084317,日盛日盛基金,不分級別/不配息,TWD,11.98
202306,AA1,26273336,日盛MIT主流基金,不分級別/不配息,TWD,36.39
202306,AA1,48948481,日盛首選基金,不分級別/不配息,TWD,30.22
202306,AA1,73988876,日盛小而美基金,不分級別/不配息,TWD,33.53
202306,AA1,81584975,日盛上選基金(A類型),其他級別/不配息,TWD,73.89
202306,AA1,81584975,日盛上選基金(N類型),後收級別/不配息,TWD,73.9
202306,AA1,88175551,日盛台灣永續成長股息基金,不分級別/不配息,TWD,13.07
202306,AA1,94991068,日盛新台商基金,不分級別/不配息,TWD,87.07
202306,AA1,20094820,柏瑞巨人基金-A類型,其他級別/不配息,TWD,19.82
202306,AA1,20094820,柏瑞巨人基金-I類型,法人級別/不配息,TWD,0
202306,AA1,17608487,復華數位經濟基金,不分級別/不配息,TWD,71.74
202306,AA1,18488279,復華中小精選基金,不分級別/不配息,TWD,127.02
202306,AA1,21759676,復華全方位基金,不分級別/不配息,TWD,51.11
202306,AA1,73998086,復華高成長基金,不分級別/不配息,TWD,110.36
202306,AA1,81587889,復華復華基金,不分級別/不配息,TWD,31.07
202306,AA1,88122295,復華台灣好收益基金,不分級別/配息,TWD,9.76
202306,AA1,13998344,永豐中小基金-A類型,其他級別/不配息,TWD,81.04
202306,AA1,13998344,永豐中小基金-I類型,法人級別/不配息,TWD,81.04
202306,AA1,73992013,永豐領航科技基金,不分級別/不配息,TWD,53.82
202306,AA1,77074486,永豐臺灣ESG永續優選基金-A累積類型,其他級別/不配息,TWD,16.01
202306,AA1,77074486,永豐臺灣ESG永續優選基金-A年配類型,其他級別/配息,TWD,13.75
202306,AA1,77074486,永豐臺灣ESG永續優選基金-I類型,法人級別/不配息,TWD,16.01
202306,AA1,81594690,永豐永豐基金-A類型,其他級別/不配息,TWD,48.5
202306,AA1,81594690,永豐永豐基金-I類型,法人級別/不配息,TWD,48.5
202306,AA1,81594690,永豐永豐基金-R類型,退休級別/不配息,TWD,49.08
202306,AA1,48893417,中國信託台灣活力基金,不分級別/不配息,TWD,19.21
202306,AA1,17144889,宏利台灣動力基金A類型,其他級別/不配息,TWD,63.29
202306,AA1,17144889,宏利台灣動力基金I類型,法人級別/不配息,TWD,65.24
202306,AA1,73982057,宏利臺灣股息收益基金A類型,其他級別/不配息,TWD,47.17
202306,AA1,19330712,貝萊德寶利基金,不分級別/不配息,TWD,49.83
202306,AA1,00968493,野村鴻運基金,不分級別/不配息,TWD,56.46
202306,AA1,00988316,野村台灣運籌基金,不分級別/不配息,TWD,91.95
202306,AA1,01031564,野村積極成長基金,不分級別/不配息,TWD,37.89
202306,AA1,17146752,野村成長基金,不分級別/不配息,TWD,89.79
202306,AA1,17600534,野村高科技基金,不分級別/不配息,TWD,27.91
202306,AA1,18037937,野村ｅ科技基金,不分級別/不配息,TWD,51.75
202306,AA1,18488469,野村中小基金-累積類型,其他級別/不配息,TWD,135.38
202306,AA1,18488469,野村中小基金-S類型,法人級別/不配息,TWD,15.45
202306,AA1,19330754,野村優質基金-累積類型新臺幣計價,其他級別/不配息,TWD,112.51
202306,AA1,19330754,野村優質基金-S類型新臺幣計價,法人級別/不配息,TWD,31.64
202306,AA1,99973878,野村台灣高股息基金,不分級別/不配息,TWD,44.74
202306,AA1,17597236,聯邦精選科技基金,不分級別/不配息,TWD,26.68
202306,AA1,18496290,聯邦中國龍基金,不分級別/不配息,TWD,48.9
202306,AA1,17604124,安聯台灣大壩基金-A類型-新臺幣,其他級別/不配息,TWD,67.75
202306,AA1,17604124,安聯台灣大壩基金-G類型-新臺幣,法人級別/不配息,TWD,20.72
202306,AA1,18480065,安聯台灣科技基金,不分級別/不配息,TWD,141.21
202306,AA1,48997911,安聯台灣智慧基金,不分級別/不配息,TWD,92.59
202306,AA1,01031874,國泰小龍基金-新台幣,其他級別/不配息,TWD,28.02
202306,AA1,01031874,國泰小龍基金-美元I,法人級別/不配息,USD,28.0212
202306,AA1,01031874,國泰小龍基金-新台幣R,退休級別/不配息,TWD,28.14
202306,AA1,14705562,國泰科技生化基金,不分級別/不配息,TWD,70.49
202306,AA1,17612497,國泰國泰基金-新台幣A,其他級別/不配息,TWD,48.97
202306,AA1,17612497,國泰國泰基金-新台幣I,法人級別/不配息,TWD,48.97
202306,AA1,18043059,國泰中小成長基金-新台幣,其他級別/不配息,TWD,96.75
202306,AA1,18043059,國泰中小成長基金-美元I,法人級別/不配息,USD,96.7488
202306,AA1,19291128,國泰大中華基金,不分級別/不配息,TWD,43.69
202306,AA1,88090934,國泰台灣高股息傘型基金之台灣高股息基金-新台幣A(不配息),其他級別/不配息,TWD,20.97
202306,AA1,88090934,國泰台灣高股息傘型基金之台灣高股息基金-新台幣B(配息),其他級別/配息,TWD,17.85
202306,AA1,13984165,富達台灣成長基金,不分級別/不配息,TWD,54.66
202306,AA1,18499732,德銀遠東DWS台灣旗艦基金,不分級別/不配息,TWD,37.41
202306,AA1,13539952,凱基開創基金,不分級別/不配息,TWD,62.46
202306,AA1,25612029,凱基台灣精五門基金,不分級別/不配息,TWD,40.77
202306,AA1,48948834,施羅德台灣樂活中小基金-A類型,其他級別/不配息,TWD,39.17
202306,AA1,48948834,施羅德台灣樂活中小基金-I類型,法人級別/不配息,TWD,9655.21
202306,AA1,48948834,施羅德台灣樂活中小基金-C類型,其他級別/不配息,TWD,3000
202306,AA1,14694495,街口台灣基金,不分級別/不配息,TWD,42.93
202306,AA1,80892778,街口中小型基金,不分級別/不配息,TWD,44.55
202306,AA1,15733973,富蘭克林華美第一富基金,不分級別/不配息,TWD,84.2
202306,AA1,26310297,富蘭克林華美台股傘型基金之高科技基金,不分級別/不配息,TWD,41.58
202306,AA1,17602821,台新2000高科技基金,其他級別/不配息,TWD,63.61
202306,AA1,17602821,台新2000高科技基金(法人),法人級別/不配息,TWD,63.8
202306,AA1,48858663,台新主流基金,不分級別/不配息,TWD,42.16
202306,AA1,80894446,台新中國通基金,不分級別/不配息,TWD,98.83
202306,AA1,81588536,台新台灣中小基金,不分級別/不配息,TWD,68.08
202306,AA1,26320632,合庫台灣基金,不分級別/不配息,TWD,20.19
202306,AA1,77713842,合庫台灣高科技基金,不分級別/不配息,TWD,15.79
202306,AA1,42532205,路博邁台灣5G股票基金T累積級別(新臺幣),其他級別/不配息,TWD,18.58
202306,AA1,42532205,路博邁台灣5G股票基金T月配級別(新臺幣)(基金之配息來源可能為本金),其他級別/配息,TWD,13.83
202306,AA1,42532205,路博邁台灣5G股票基金N累積級別(新臺幣),後收級別/不配息,TWD,14.94
202306,AA1,42532205,路博邁台灣5G股票基金N月配級別(新臺幣)(基金之配息來源可能為本金),後收級別/配息,TWD,17.01
202309,AA1,00965469,兆豐第一基金,不分級別/不配息,TWD,25.08
202309,AA1,01050148,兆豐國民基金,不分級別/配息,TWD,40.75
202309,AA1,10341837,兆豐豐台灣基金,不分級別/不配息,TWD,67.5
202309,AA1,73991751,兆豐電子基金,不分級別/不配息,TWD,60.96
202309,AA1,88090408,兆豐台灣先進通訊基金,不分級別/不配息,TWD,16.85
202309,AA1,88198077,兆豐台灣金傳精選股息基金-累積型,其他級別/不配息,TWD,9.16
202309,AA1,88198077,兆豐台灣金傳精選股息基金-後收型,後收級別/不配息,TWD,9.16
202309,AA1,19341318,第一金電子基金,不分級別/不配息,TWD,66.59
202309,AA1,20092528,第一金店頭市場基金,不分級別/不配息,TWD,14.99
202309,AA1,26202396,第一金創新趨勢基金-A類型,其他級別/不配息,TWD,39.26
202309,AA1,26202396,第一金創新趨勢基金-I類型,法人級別/不配息,TWD,0
202309,AA1,73989002,第一金小型精選基金,不分級別/不配息,TWD,67.4
202309,AA1,88271077,第一金台灣核心戰略建設基金-累積型-新臺幣,其他級別/不配息,TWD,12.79
202309,AA1,88271077,第一金台灣核心戰略建設基金-配息型-新臺幣(本基金配息來源可能為本金),其他級別/配息,TWD,12.19
202309,AA1,88271077,第一金台灣核心戰略建設基金-累積型-新臺幣-N,後收級別/不配息,TWD,12.79
202309,AA1,88271077,第一金台灣核心戰略建設基金-配息型-新臺幣-N(本基金配息來源可能為本金),後收級別/配息,TWD,12.22
202309,AA1,01031298,匯豐龍鳳基金-A類型,其他級別/不配息,TWD,96.15
202309,AA1,01031298,匯豐龍鳳基金-I類型,法人級別/不配息,TWD,96.15
202309,AA1,01031298,匯豐龍鳳基金-R類型,退休級別/不配息,TWD,96.93
202309,AA1,73987671,匯豐台灣精典基金,不分級別/不配息,TWD,44.14
202309,AA1,76941376,匯豐成功基金,不分級別/不配息,TWD,49.55
202309,AA1,92017794,匯豐龍騰電子基金,不分級別/不配息,TWD,71.29
202309,AA1,00974066,元大2001基金,不分級別/不配息,TWD,125.16
202309,AA1,01032058,元大多福基金,不分級別/不配息,TWD,89.34
202309,AA1,17139204,元大新主流基金,不分級別/不配息,TWD,47.35
202309,AA1,20080023,元大店頭基金,不分級別/不配息,TWD,16.54
202309,AA1,76959044,元大台灣高股息優質龍頭基金-新台幣A類型不配息,其他級別/不配息,TWD,14.85
202309,AA1,76959044,元大台灣高股息優質龍頭基金-新台幣B類型配息(本基金之配息來源可能為收益平準金),其他級別/配息,TWD,10.48
202309,AA1,76959044,元大台灣高股息優質龍頭基金-新台幣I類型累積級別,法人級別/不配息,TWD,14.87
202309,AA1,76959044,元大台灣高股息優質龍頭基金-新台幣I類型配息級別(本基金之配息來源可能為收益平準金),法人級別/配息,TWD,10.53
202309,AA1,81584335,元大高科技基金,不分級別/不配息,TWD,33.56
202309,AA1,83863951,元大經貿基金,不分級別/不配息,TWD,51.48
202309,AA1,92001765,元大多多基金,不分級別/不配息,TWD,31.73
202309,AA1,92026219,元大卓越基金,不分級別/不配息,TWD,59.34
202309,AA1,17140568,景順主流基金,不分級別/不配息,TWD,32.74
202309,AA1,73989256,景順台灣科技基金,不分級別/不配息,TWD,57.55
202309,AA1,92019786,景順潛力基金,不分級別/不配息,TWD,49.03
202309,AA1,81595924,瀚亞中小型股基金,不分級別/不配息,TWD,43.49
202309,AA1,92003102,瀚亞高科技基金,不分級別/不配息,TWD,159.77
202309,AA1,92012572,瀚亞外銷基金,不分級別/不配息,TWD,80.69
202309,AA1,97990696,瀚亞菁華基金,不分級別/不配息,TWD,49.71
202309,AA1,01032183,PGIM保德信高成長基金,不分級別/不配息,TWD,173.69
202309,AA1,17602625,PGIM保德信新世紀基金,其他級別/不配息,TWD,14.15
202309,AA1,17602625,PGIM保德信新世紀基金-R級別,退休級別/不配息,TWD,9.59
202309,AA1,73990649,PGIM保德信科技島基金,不分級別/不配息,TWD,53.16
202309,AA1,83866508,PGIM保德信中小型股基金,不分級別/不配息,TWD,78.65
202309,AA1,92013967,PGIM保德信金滿意基金,其他級別/不配息,TWD,69.47
202309,AA1,92013967,PGIM保德信金滿意基金-R級別,退休級別/不配息,TWD,10.21
202309,AA1,97988636,PGIM保德信店頭市場基金,不分級別/不配息,TWD,61.02
202309,AA1,01031699,統一全天候基金-A類型,其他級別/不配息,TWD,263.32
202309,AA1,01031699,統一全天候基金-I類型,法人級別/不配息,TWD,271.55
202309,AA1,17605622,統一大滿貫基金-A類型,其他級別/不配息,TWD,68.07
202309,AA1,17605622,統一大滿貫基金-I類型,法人級別/不配息,TWD,68.07
202309,AA1,48934304,統一台灣動力基金,不分級別/不配息,TWD,52.49
202309,AA1,73990253,統一奔騰基金,不分級別/不配息,TWD,193.3
202309,AA1,77537493,統一統信基金,不分級別/不配息,TWD,71.5
202309,AA1,81581724,統一經建基金,不分級別/不配息,TWD,105.75
202309,AA1,92002244,統一黑馬基金,不分級別/不配息,TWD,187.2
202309,AA1,92012762,統一龍馬基金,不分級別/不配息,TWD,143.52
202309,AA1,93110333,統一台灣高息優選基金-累積型,其他級別/不配息,TWD,9.91
202309,AA1,93110333,統一台灣高息優選基金-月配型(本基金之配息來源可能為本金及收益平準金),其他級別/配息,TWD,9.91
202309,AA1,97977878,統一中小基金,不分級別/不配息,TWD,61.49
202309,AA1,00974018,富邦基金A類型,其他級別/配息,TWD,22.64
202309,AA1,00974018,富邦基金I類型,法人級別/不配息,TWD,31.98
202309,AA1,17148301,富邦台灣心基金,不分級別/不配息,TWD,52.03
202309,AA1,20089755,富邦精銳中小基金,不分級別/配息,TWD,29.45
202309,AA1,81585475,富邦高成長基金,不分級別/不配息,TWD,57.35
202309,AA1,83864683,富邦科技基金,不分級別/不配息,TWD,53.96
202309,AA1,88095396,富邦台灣高股息基金-A類型,其他級別/不配息,TWD,14.84
202309,AA1,88095396,富邦台灣高股息基金-B類型,其他級別/配息,TWD,12.79
202309,AA1,92002384,富邦精準基金,不分級別/配息,TWD,107.63
202309,AA1,92010477,富邦長紅基金,不分級別/配息,TWD,140.92
202309,AA1,01032162,摩根台灣增長基金,不分級別/配息,TWD,74.34
202309,AA1,25636367,摩根台灣金磚基金-累積型,其他級別/不配息,TWD,35.39
202309,AA1,25636367,摩根台灣金磚基金-機構法人型,法人級別/不配息,TWD,10
202309,AA1,25636367,摩根台灣金磚基金-數位型,其他級別/不配息,TWD,11.22
202309,AA1,73989501,摩根中小基金,不分級別/不配息,TWD,42
202309,AA1,92012025,摩根新興科技基金-一般型,其他級別/配息,TWD,105.7
202309,AA1,92012025,摩根新興科技基金-數位型,其他級別/不配息,TWD,11.77
202309,AA1,00973762,華南永昌永昌基金,不分級別/不配息,TWD,44.48
202309,AA1,00974241,新光台灣富貴基金,不分級別/不配息,TWD,56.4
202309,AA1,13986924,新光大三通基金,不分級別/不配息,TWD,48.28
202309,AA1,73998071,新光店頭基金,不分級別/不配息,TWD,54.68
202309,AA1,81585242,新光創新科技基金,不分級別/不配息,TWD,32.15
202309,AA1,88316721,新光臺灣高股息基金(A累)新台幣,其他級別/不配息,TWD,11.81
202309,AA1,88316721,新光臺灣高股息基金(B配)新台幣,其他級別/配息,TWD,11.64
202309,AA1,19339782,群益創新科技基金,其他級別/不配息,TWD,67.12
202309,AA1,19339782,群益創新科技基金N類型,後收級別/不配息,TWD,67.12
202309,AA1,20081352,群益店頭市場基金,其他級別/不配息,TWD,156.58
202309,AA1,20081352,群益店頭市場基金N-新台幣,後收級別/不配息,TWD,156.62
202309,AA1,48675778,群益奧斯卡基金,不分級別/不配息,TWD,51.33
202309,AA1,48749899,群益葛萊美基金,不分級別/不配息,TWD,46.32
202309,AA1,81591434,群益長安基金,不分級別/不配息,TWD,63.23
202309,AA1,92028997,群益中小型股基金,不分級別/不配息,TWD,82.65
202309,AA1,97984293,群益馬拉松基金,其他級別/不配息,TWD,172.21
202309,AA1,97984293,群益馬拉松基金I類型,法人級別/不配息,TWD,0
202309,AA1,97984293,群益馬拉松基金N-新台幣,後收級別/不配息,TWD,172.19
202309,AA1,18033138,台中銀數位時代基金,不分級別/不配息,TWD,65.44
202309,AA1,88315292,台中銀台灣優息基金A(累積型-新台幣),其他級別/不配息,TWD,14.56
202309,AA1,88315292,台中銀台灣優息基金B(配息型-新台幣),其他級別/配息,TWD,13.79
202309,AA1,88315292,台中銀台灣優息基金C(累積後收型-新台幣),後收級別/不配息,TWD,14.57
202309,AA1,88315292,台中銀台灣優息基金N(配息後收型-新台幣),後收級別/配息,TWD,13.8
202309,AA1,97972846,台中銀大發基金,不分級別/不配息,TWD,50.98
202309,AA1,97997635,聯博大利基金,不分級別/不配息,TWD,67.28
202309,AA1,17147078,日盛精選五虎基金,不分級別/不配息,TWD,79.52
202309,AA1,17607591,日盛高科技基金,不分級別/不配息,TWD,37.18
202309,AA1,20084317,日盛日盛基金,不分級別/不配息,TWD,13.2
202309,AA1,26273336,日盛MIT主流基金,不分級別/不配息,TWD,42.74
202309,AA1,48948481,日盛首選基金,不分級別/不配息,TWD,33.88
202309,AA1,73988876,日盛小而美基金,不分級別/不配息,TWD,37.57
202309,AA1,81584975,日盛上選基金(A類型),其他級別/不配息,TWD,86.39
202309,AA1,81584975,日盛上選基金(N類型),後收級別/不配息,TWD,86.4
202309,AA1,88175551,日盛台灣永續成長股息基金,不分級別/不配息,TWD,14.93
202309,AA1,94991068,日盛新台商基金,不分級別/不配息,TWD,102.02
202309,AA1,20094820,柏瑞巨人基金-A類型,其他級別/不配息,TWD,20.15
202309,AA1,20094820,柏瑞巨人基金-I類型,法人級別/不配息,TWD,0
202309,AA1,17608487,復華數位經濟基金,不分級別/不配息,TWD,74.34
202309,AA1,18488279,復華中小精選基金,不分級別/不配息,TWD,131.44
202309,AA1,21759676,復華全方位基金,不分級別/不配息,TWD,54.1
202309,AA1,73998086,復華高成長基金,不分級別/不配息,TWD,119.86
202309,AA1,81587889,復華復華基金,不分級別/不配息,TWD,32.56
202309,AA1,88122295,復華台灣好收益基金,不分級別/配息,TWD,9.89
202309,AA1,13998344,永豐中小基金-A類型,其他級別/不配息,TWD,84.15
202309,AA1,13998344,永豐中小基金-I類型,法人級別/不配息,TWD,84.15
202309,AA1,73992013,永豐領航科技基金,不分級別/不配息,TWD,53.59
202309,AA1,77074486,永豐臺灣ESG永續優選基金-A累積類型,其他級別/不配息,TWD,15.97
202309,AA1,77074486,永豐臺灣ESG永續優選基金-A年配類型,其他級別/配息,TWD,13.71
202309,AA1,77074486,永豐臺灣ESG永續優選基金-I類型,法人級別/不配息,TWD,15.97
202309,AA1,81594690,永豐永豐基金-A類型,其他級別/不配息,TWD,52.04
202309,AA1,81594690,永豐永豐基金-I類型,法人級別/不配息,TWD,52.04
202309,AA1,81594690,永豐永豐基金-R類型,退休級別/不配息,TWD,52.75
202309,AA1,48893417,中國信託台灣活力基金,不分級別/不配息,TWD,19.91
202309,AA1,17144889,宏利台灣動力基金A類型,其他級別/不配息,TWD,67.56
202309,AA1,17144889,宏利台灣動力基金I類型,法人級別/不配息,TWD,69.81
202309,AA1,73982057,宏利臺灣股息收益基金A類型,其他級別/不配息,TWD,52.23
202309,AA1,19330712,貝萊德寶利基金,不分級別/不配息,TWD,51.88
202309,AA1,00968493,野村鴻運基金,不分級別/不配息,TWD,62.02
202309,AA1,00988316,野村台灣運籌基金,不分級別/不配息,TWD,100.56
202309,AA1,01031564,野村積極成長基金,不分級別/不配息,TWD,41.6
202309,AA1,17146752,野村成長基金,不分級別/不配息,TWD,98.54
202309,AA1,17600534,野村高科技基金,不分級別/不配息,TWD,31.23
202309,AA1,18037937,野村ｅ科技基金,不分級別/不配息,TWD,57.51
202309,AA1,18488469,野村中小基金-累積類型,其他級別/不配息,TWD,144.83
202309,AA1,18488469,野村中小基金-S類型,法人級別/不配息,TWD,16.57
202309,AA1,19330754,野村優質基金-累積類型新臺幣計價,其他級別/不配息,TWD,118.51
202309,AA1,19330754,野村優質基金-S類型新臺幣計價,法人級別/不配息,TWD,33.37
202309,AA1,99973878,野村台灣高股息基金,不分級別/不配息,TWD,49.1
202309,AA1,17597236,聯邦精選科技基金,不分級別/不配息,TWD,28.54
202309,AA1,18496290,聯邦中國龍基金,不分級別/不配息,TWD,48.34
202309,AA1,17604124,安聯台灣大壩基金-A類型-新臺幣,其他級別/不配息,TWD,75.2
202309,AA1,17604124,安聯台灣大壩基金-G類型-新臺幣,法人級別/不配息,TWD,23.06
202309,AA1,18480065,安聯台灣科技基金,不分級別/不配息,TWD,156.96
202309,AA1,48997911,安聯台灣智慧基金,不分級別/不配息,TWD,98.42
202309,AA1,01031874,國泰小龍基金-新台幣,其他級別/不配息,TWD,29.41
202309,AA1,01031874,國泰小龍基金-美元I,法人級別/不配息,USD,29.4111
202309,AA1,01031874,國泰小龍基金-新台幣R,退休級別/不配息,TWD,29.56
202309,AA1,14705562,國泰科技生化基金,不分級別/不配息,TWD,72.48
202309,AA1,17612497,國泰國泰基金-新台幣A,其他級別/不配息,TWD,51.44
202309,AA1,17612497,國泰國泰基金-新台幣I,法人級別/不配息,TWD,51.44
202309,AA1,18043059,國泰中小成長基金-新台幣,其他級別/不配息,TWD,101.46
202309,AA1,18043059,國泰中小成長基金-美元I,法人級別/不配息,USD,101.4586
202309,AA1,19291128,國泰大中華基金,不分級別/不配息,TWD,45.84
202309,AA1,88090934,國泰台灣高股息傘型基金之台灣高股息基金-新台幣A(不配息),其他級別/不配息,TWD,22.39
202309,AA1,88090934,國泰台灣高股息傘型基金之台灣高股息基金-新台幣B(配息),其他級別/配息,TWD,18.69
202309,AA1,13984165,富達台灣成長基金,不分級別/不配息,TWD,59.83
202309,AA1,18499732,德銀遠東DWS台灣旗艦基金,不分級別/不配息,TWD,39.82
202309,AA1,13539952,凱基開創基金,不分級別/不配息,TWD,62.79
202309,AA1,25612029,凱基台灣精五門基金,不分級別/不配息,TWD,42.06
202309,AA1,48948834,施羅德台灣樂活中小基金-A類型,其他級別/不配息,TWD,44.57
202309,AA1,48948834,施羅德台灣樂活中小基金-I類型,法人級別/不配息,TWD,11029.95
202309,AA1,48948834,施羅德台灣樂活中小基金-C類型,其他級別/不配息,TWD,3000
202309,AA1,14694495,街口台灣基金,不分級別/不配息,TWD,46.61
202309,AA1,80892778,街口中小型基金,不分級別/不配息,TWD,47.24
202309,AA1,15733973,富蘭克林華美第一富基金,不分級別/不配息,TWD,85.89
202309,AA1,26310297,富蘭克林華美台股傘型基金之高科技基金,不分級別/不配息,TWD,48.63
202309,AA1,17602821,台新2000高科技基金,其他級別/不配息,TWD,68.62
202309,AA1,17602821,台新2000高科技基金(法人),法人級別/不配息,TWD,68.96
202309,AA1,48858663,台新主流基金,不分級別/不配息,TWD,43.17
202309,AA1,80894446,台新中國通基金,不分級別/不配息,TWD,101.87
202309,AA1,81588536,台新台灣中小基金,不分級別/不配息,TWD,69.5
202309,AA1,26320632,合庫台灣基金,不分級別/不配息,TWD,20.76
202309,AA1,77713842,合庫台灣高科技基金,不分級別/不配息,TWD,16.53
202309,AA1,42532205,路博邁台灣5G股票基金T累積級別(新臺幣),其他級別/不配息,TWD,21.68
202309,AA1,42532205,路博邁台灣5G股票基金T月配級別(新臺幣)(基金之配息來源可能為本金),其他級別/配息,TWD,16.01
202309,AA1,42532205,路博邁台灣5G股票基金N累積級別(新臺幣),後收級別/不配息,TWD,17.43
202309,AA1,42532205,路博邁台灣5G股票基金N月配級別(新臺幣)(基金之配息來源可能為本金),後收級別/配息,TWD,19.72
202312,AA1,00965469,兆豐第一基金,不分級別/不配息,TWD,27.25
202312,AA1,01050148,兆豐國民基金,不分級別/配息,TWD,46.89
202312,AA1,10341837,兆豐豐台灣基金,不分級別/不配息,TWD,71.31
202312,AA1,73991751,兆豐電子基金,不分級別/不配息,TWD,65.15
202312,AA1,88090408,兆豐台灣先進通訊基金,不分級別/不配息,TWD,18.04
202312,AA1,88198077,兆豐台灣金傳精選股息基金-累積型,其他級別/不配息,TWD,9.9
202312,AA1,88198077,兆豐台灣金傳精選股息基金-後收型,後收級別/不配息,TWD,9.91
202312,AA1,19341318,第一金電子基金,不分級別/不配息,TWD,73.52
202312,AA1,20092528,第一金店頭市場基金,不分級別/不配息,TWD,15.34
202312,AA1,26202396,第一金創新趨勢基金-A類型,其他級別/不配息,TWD,43.09
202312,AA1,26202396,第一金創新趨勢基金-I類型,法人級別/不配息,TWD,0
202312,AA1,73989002,第一金小型精選基金,不分級別/不配息,TWD,69.4
202312,AA1,88271077,第一金台灣核心戰略建設基金-累積型-新臺幣,其他級別/不配息,TWD,13.56
202312,AA1,88271077,第一金台灣核心戰略建設基金-配息型-新臺幣(本基金配息來源可能為本金),其他級別/配息,TWD,12.75
202312,AA1,88271077,第一金台灣核心戰略建設基金-累積型-新臺幣-N,後收級別/不配息,TWD,13.56
202312,AA1,88271077,第一金台灣核心戰略建設基金-配息型-新臺幣-N(本基金配息來源可能為本金),後收級別/配息,TWD,12.79
202312,AA1,01031298,匯豐龍鳳基金-A類型,其他級別/不配息,TWD,106.04
202312,AA1,01031298,匯豐龍鳳基金-I類型,法人級別/不配息,TWD,106.12
202312,AA1,01031298,匯豐龍鳳基金-R類型,退休級別/不配息,TWD,107.01
202312,AA1,73987671,匯豐台灣精典基金,不分級別/不配息,TWD,48.25
202312,AA1,76941376,匯豐成功基金,不分級別/不配息,TWD,52.05
202312,AA1,92017794,匯豐龍騰電子基金,不分級別/不配息,TWD,79.63
202312,AA1,00974066,元大2001基金,不分級別/不配息,TWD,135.63
202312,AA1,01032058,元大多福基金,不分級別/不配息,TWD,97.58
202312,AA1,17139204,元大新主流基金,不分級別/不配息,TWD,51.18
202312,AA1,20080023,元大店頭基金,不分級別/不配息,TWD,17.63
202312,AA1,76959044,元大台灣高股息優質龍頭基金-新台幣A類型不配息,其他級別/不配息,TWD,16.21
202312,AA1,76959044,元大台灣高股息優質龍頭基金-新台幣B類型配息(本基金之配息來源可能為收益平準金),其他級別/配息,TWD,11.3
202312,AA1,76959044,元大台灣高股息優質龍頭基金-新台幣I類型累積級別,法人級別/不配息,TWD,16.25
202312,AA1,76959044,元大台灣高股息優質龍頭基金-新台幣I類型配息級別(本基金之配息來源可能為收益平準金),法人級別/配息,TWD,11.36
202312,AA1,81584335,元大高科技基金,不分級別/不配息,TWD,37.1
202312,AA1,83863951,元大經貿基金,不分級別/不配息,TWD,55.21
202312,AA1,92001765,元大多多基金,不分級別/不配息,TWD,34.29
202312,AA1,92026219,元大卓越基金,不分級別/不配息,TWD,65.06
202312,AA1,17140568,景順主流基金,不分級別/不配息,TWD,36.09
202312,AA1,73989256,景順台灣科技基金,不分級別/不配息,TWD,64.22
202312,AA1,92019786,景順潛力基金,不分級別/不配息,TWD,53.33
202312,AA1,81595924,瀚亞中小型股基金,不分級別/不配息,TWD,48.29
202312,AA1,92003102,瀚亞高科技基金,不分級別/不配息,TWD,177.86
202312,AA1,92012572,瀚亞外銷基金,不分級別/不配息,TWD,89.05
202312,AA1,97990696,瀚亞菁華基金,不分級別/不配息,TWD,56.58
202312,AA1,01032183,PGIM保德信高成長基金,不分級別/不配息,TWD,192.45
202312,AA1,17602625,PGIM保德信新世紀基金,其他級別/不配息,TWD,15.19
202312,AA1,17602625,PGIM保德信新世紀基金-R級別,退休級別/不配息,TWD,10.31
202312,AA1,73990649,PGIM保德信科技島基金,不分級別/不配息,TWD,59.25
202312,AA1,83866508,PGIM保德信中小型股基金,不分級別/不配息,TWD,85.58
202312,AA1,92013967,PGIM保德信金滿意基金,其他級別/不配息,TWD,76.33
202312,AA1,92013967,PGIM保德信金滿意基金-R級別,退休級別/不配息,TWD,11.23
202312,AA1,97988636,PGIM保德信店頭市場基金,不分級別/不配息,TWD,67.3
202312,AA1,01031699,統一全天候基金-A類型,其他級別/不配息,TWD,272
202312,AA1,01031699,統一全天候基金-I類型,法人級別/不配息,TWD,280.93
202312,AA1,17605622,統一大滿貫基金-A類型,其他級別/不配息,TWD,72.45
202312,AA1,17605622,統一大滿貫基金-I類型,法人級別/不配息,TWD,72.45
202312,AA1,48934304,統一台灣動力基金,不分級別/不配息,TWD,55.11
202312,AA1,73990253,統一奔騰基金,不分級別/不配息,TWD,209.71
202312,AA1,77537493,統一統信基金,不分級別/不配息,TWD,77.85
202312,AA1,81581724,統一經建基金,不分級別/不配息,TWD,110.79
202312,AA1,92002244,統一黑馬基金,不分級別/不配息,TWD,189
202312,AA1,92012762,統一龍馬基金,不分級別/不配息,TWD,154.57
202312,AA1,93110333,統一台灣高息優選基金-累積型,其他級別/不配息,TWD,10.98
202312,AA1,93110333,統一台灣高息優選基金-月配型(本基金之配息來源可能為本金及收益平準金),其他級別/配息,TWD,10.98
202312,AA1,97977878,統一中小基金,不分級別/不配息,TWD,58.7
202312,AA1,00974018,富邦基金A類型,其他級別/配息,TWD,23.48
202312,AA1,00974018,富邦基金I類型,法人級別/不配息,TWD,33.23
202312,AA1,17148301,富邦台灣心基金,不分級別/不配息,TWD,53.76
202312,AA1,20089755,富邦精銳中小基金,不分級別/配息,TWD,30.39
202312,AA1,81585475,富邦高成長基金,不分級別/不配息,TWD,57.78
202312,AA1,83864683,富邦科技基金,不分級別/不配息,TWD,58.52
202312,AA1,88095396,富邦台灣高股息基金-A類型,其他級別/不配息,TWD,15.18
202312,AA1,88095396,富邦台灣高股息基金-B類型,其他級別/配息,TWD,12.94
202312,AA1,92002384,富邦精準基金,不分級別/配息,TWD,115.54
202312,AA1,92010477,富邦長紅基金,不分級別/配息,TWD,144.46
202312,AA1,01032162,摩根台灣增長基金,不分級別/配息,TWD,81.9
202312,AA1,25636367,摩根台灣金磚基金-累積型,其他級別/不配息,TWD,37.94
202312,AA1,25636367,摩根台灣金磚基金-機構法人型,法人級別/不配息,TWD,10
202312,AA1,25636367,摩根台灣金磚基金-數位型,其他級別/不配息,TWD,12.06
202312,AA1,73989501,摩根中小基金,不分級別/不配息,TWD,44.23
202312,AA1,92012025,摩根新興科技基金-一般型,其他級別/配息,TWD,113.08
202312,AA1,92012025,摩根新興科技基金-數位型,其他級別/不配息,TWD,12.62
202312,AA1,00973762,華南永昌永昌基金,不分級別/不配息,TWD,45.52
202312,AA1,93150600,華南永昌未來科技基金,不分級別/不配息,TWD,10.13
202312,AA1,00974241,新光台灣富貴基金,不分級別/不配息,TWD,60.03
202312,AA1,13986924,新光大三通基金,不分級別/不配息,TWD,52.32
202312,AA1,73998071,新光店頭基金,不分級別/不配息,TWD,57.66
202312,AA1,81585242,新光創新科技基金,不分級別/不配息,TWD,35.61
202312,AA1,88316721,新光臺灣高股息基金(A累)新台幣,其他級別/不配息,TWD,12.3
202312,AA1,88316721,新光臺灣高股息基金(B配)新台幣,其他級別/配息,TWD,11.95
202312,AA1,19339782,群益創新科技基金,其他級別/不配息,TWD,70.92
202312,AA1,19339782,群益創新科技基金N類型,後收級別/不配息,TWD,70.92
202312,AA1,20081352,群益店頭市場基金,其他級別/不配息,TWD,159.97
202312,AA1,20081352,群益店頭市場基金N-新台幣,後收級別/不配息,TWD,160.01
202312,AA1,48675778,群益奧斯卡基金,不分級別/不配息,TWD,60.88
202312,AA1,48749899,群益葛萊美基金,不分級別/不配息,TWD,47.43
202312,AA1,81591434,群益長安基金,不分級別/不配息,TWD,65.68
202312,AA1,92028997,群益中小型股基金,不分級別/不配息,TWD,85.31
202312,AA1,97984293,群益馬拉松基金,其他級別/不配息,TWD,181.58
202312,AA1,97984293,群益馬拉松基金I類型,法人級別/不配息,TWD,0
202312,AA1,97984293,群益馬拉松基金N-新台幣,後收級別/不配息,TWD,181.57
202312,AA1,18033138,台中銀數位時代基金,不分級別/不配息,TWD,68.54
202312,AA1,88315292,台中銀台灣優息基金A(累積型-新台幣),其他級別/不配息,TWD,15.39
202312,AA1,88315292,台中銀台灣優息基金B(配息型-新台幣),其他級別/配息,TWD,14.28
202312,AA1,88315292,台中銀台灣優息基金C(累積後收型-新台幣),後收級別/不配息,TWD,15.41
202312,AA1,88315292,台中銀台灣優息基金N(配息後收型-新台幣),後收級別/配息,TWD,14.29
202312,AA1,97972846,台中銀大發基金,不分級別/不配息,TWD,53.82
202312,AA1,97997635,聯博大利基金,不分級別/不配息,TWD,75.44
202312,AA1,17147078,日盛精選五虎基金,不分級別/不配息,TWD,82.06
202312,AA1,17607591,日盛高科技基金,不分級別/不配息,TWD,37.61
202312,AA1,20084317,日盛日盛基金,不分級別/不配息,TWD,13.48
202312,AA1,26273336,日盛MIT主流基金,不分級別/不配息,TWD,44.58
202312,AA1,48948481,日盛首選基金,不分級別/不配息,TWD,34.91
202312,AA1,73988876,日盛小而美基金,不分級別/不配息,TWD,38.13
202312,AA1,81584975,日盛上選基金(A類型),其他級別/不配息,TWD,89.18
202312,AA1,81584975,日盛上選基金(N類型),後收級別/不配息,TWD,89.18
202312,AA1,88175551,日盛台灣永續成長股息基金,不分級別/不配息,TWD,15.63
202312,AA1,94991068,日盛新台商基金,不分級別/不配息,TWD,106.17
202312,AA1,20094820,柏瑞巨人基金-A類型,其他級別/不配息,TWD,22
202312,AA1,20094820,柏瑞巨人基金-I類型,法人級別/不配息,TWD,0
202312,AA1,17608487,復華數位經濟基金,不分級別/不配息,TWD,78.29
202312,AA1,18488279,復華中小精選基金,不分級別/不配息,TWD,138.5
202312,AA1,21759676,復華全方位基金,不分級別/不配息,TWD,52.85
202312,AA1,73998086,復華高成長基金,不分級別/不配息,TWD,124.42
202312,AA1,81587889,復華復華基金,不分級別/不配息,TWD,32.08
202312,AA1,88122295,復華台灣好收益基金,不分級別/配息,TWD,11
202312,AA1,13998344,永豐中小基金-A類型,其他級別/不配息,TWD,89.8
202312,AA1,13998344,永豐中小基金-I類型,法人級別/不配息,TWD,89.8
202312,AA1,73992013,永豐領航科技基金,不分級別/不配息,TWD,55.79
202312,AA1,77074486,永豐臺灣ESG永續優選基金-A累積類型,其他級別/不配息,TWD,18.25
202312,AA1,77074486,永豐臺灣ESG永續優選基金-A年配類型,其他級別/配息,TWD,14.85
202312,AA1,77074486,永豐臺灣ESG永續優選基金-I類型,法人級別/不配息,TWD,18.25
202312,AA1,81594690,永豐永豐基金-A類型,其他級別/不配息,TWD,53.96
202312,AA1,81594690,永豐永豐基金-I類型,法人級別/不配息,TWD,53.96
202312,AA1,81594690,永豐永豐基金-R類型,退休級別/不配息,TWD,54.79
202312,AA1,48893417,中國信託台灣活力基金,不分級別/不配息,TWD,21.02
202312,AA1,17144889,宏利台灣動力基金A類型,其他級別/不配息,TWD,73.22
202312,AA1,17144889,宏利台灣動力基金I類型,法人級別/不配息,TWD,75.85
202312,AA1,73982057,宏利臺灣股息收益基金A類型,其他級別/不配息,TWD,59.88
202312,AA1,19330712,貝萊德寶利基金,不分級別/不配息,TWD,55.32
202312,AA1,00968493,野村鴻運基金,不分級別/不配息,TWD,65.18
202312,AA1,00988316,野村台灣運籌基金,不分級別/不配息,TWD,105.78
202312,AA1,01031564,野村積極成長基金,不分級別/不配息,TWD,43.74
202312,AA1,17146752,野村成長基金,不分級別/不配息,TWD,103.6
202312,AA1,17600534,野村高科技基金,不分級別/不配息,TWD,32.94
202312,AA1,18037937,野村ｅ科技基金,不分級別/不配息,TWD,60.28
202312,AA1,18488469,野村中小基金-累積類型,其他級別/不配息,TWD,151.11
202312,AA1,18488469,野村中小基金-S類型,法人級別/不配息,TWD,17.34
202312,AA1,19330754,野村優質基金-累積類型新臺幣計價,其他級別/不配息,TWD,125.2
202312,AA1,19330754,野村優質基金-S類型新臺幣計價,法人級別/不配息,TWD,35.3
202312,AA1,99973878,野村台灣高股息基金,不分級別/不配息,TWD,54.5
202312,AA1,17597236,聯邦精選科技基金,不分級別/不配息,TWD,30.04
202312,AA1,18496290,聯邦中國龍基金,不分級別/不配息,TWD,53.63
202312,AA1,17604124,安聯台灣大壩基金-A類型-新臺幣,其他級別/不配息,TWD,79.95
202312,AA1,17604124,安聯台灣大壩基金-G類型-新臺幣,法人級別/不配息,TWD,24.58
202312,AA1,18480065,安聯台灣科技基金,不分級別/不配息,TWD,172.91
202312,AA1,48997911,安聯台灣智慧基金,不分級別/不配息,TWD,107.86
202312,AA1,01031874,國泰小龍基金-新台幣,其他級別/不配息,TWD,30.92
202312,AA1,01031874,國泰小龍基金-美元I,法人級別/不配息,USD,30.9201
202312,AA1,01031874,國泰小龍基金-新台幣R,退休級別/不配息,TWD,31.1
202312,AA1,14705562,國泰科技生化基金,不分級別/不配息,TWD,76.49
202312,AA1,17612497,國泰國泰基金-新台幣A,其他級別/不配息,TWD,54.07
202312,AA1,17612497,國泰國泰基金-新台幣I,法人級別/不配息,TWD,54.07
202312,AA1,18043059,國泰中小成長基金-新台幣,其他級別/不配息,TWD,106.96
202312,AA1,18043059,國泰中小成長基金-美元I,法人級別/不配息,USD,106.9602
202312,AA1,19291128,國泰大中華基金,不分級別/不配息,TWD,48.41
202312,AA1,88090934,國泰台灣高股息傘型基金之台灣高股息基金-新台幣A(不配息),其他級別/不配息,TWD,24.38
202312,AA1,88090934,國泰台灣高股息傘型基金之台灣高股息基金-新台幣B(配息),其他級別/配息,TWD,20.21
202312,AA1,13984165,富達台灣成長基金,不分級別/不配息,TWD,64.97
202312,AA1,18499732,德銀遠東DWS台灣旗艦基金,不分級別/不配息,TWD,42.45
202312,AA1,13539952,凱基開創基金,不分級別/不配息,TWD,67.52
202312,AA1,25612029,凱基台灣精五門基金,不分級別/不配息,TWD,44.64
202312,AA1,48948834,施羅德台灣樂活中小基金-A類型,其他級別/不配息,TWD,45.94
202312,AA1,48948834,施羅德台灣樂活中小基金-I類型,法人級別/不配息,TWD,11414.5
202312,AA1,48948834,施羅德台灣樂活中小基金-C類型,其他級別/不配息,TWD,3000
202312,AA1,14694495,街口台灣基金,不分級別/不配息,TWD,48.42
202312,AA1,80892778,街口中小型基金,不分級別/不配息,TWD,48.54
202312,AA1,15733973,富蘭克林華美第一富基金,不分級別/不配息,TWD,91.1
202312,AA1,26310297,富蘭克林華美台股傘型基金之高科技基金,不分級別/不配息,TWD,50.53
202312,AA1,17602821,台新2000高科技基金,其他級別/不配息,TWD,75.28
202312,AA1,17602821,台新2000高科技基金(法人),法人級別/不配息,TWD,75.8
202312,AA1,48858663,台新主流基金,不分級別/不配息,TWD,45.87
202312,AA1,80894446,台新中國通基金,不分級別/不配息,TWD,107.18
202312,AA1,81588536,台新台灣中小基金,不分級別/不配息,TWD,74.1
202312,AA1,26320632,合庫台灣基金,不分級別/不配息,TWD,21.52
202312,AA1,77713842,合庫台灣高科技基金,不分級別/不配息,TWD,17.13
202312,AA1,42532205,路博邁台灣5G股票基金T累積級別(新臺幣),其他級別/不配息,TWD,24.05
202312,AA1,42532205,路博邁台灣5G股票基金T月配級別(新臺幣)(基金之配息來源可能為本金),其他級別/配息,TWD,17.59
202312,AA1,42532205,路博邁台灣5G股票基金N累積級別(新臺幣),後收級別/不配息,TWD,19.34
202312,AA1,42532205,路博邁台灣5G股票基金N月配級別(新臺幣)(基金之配息來源可能為本金),後收級別/配息,TWD,21.69
202403,AA1,00965469,兆豐第一基金,不分級別/不配息,TWD,29.98
202403,AA1,01050148,兆豐國民基金,不分級別/配息,TWD,42.2
202403,AA1,10341837,兆豐豐台灣基金,不分級別/不配息,TWD,77.56
202403,AA1,73991751,兆豐電子基金,不分級別/不配息,TWD,72.38
202403,AA1,88090408,兆豐台灣先進通訊基金,不分級別/不配息,TWD,20.23
202403,AA1,88198077,兆豐台灣金傳精選股息基金-累積型,其他級別/不配息,TWD,10.23
202403,AA1,88198077,兆豐台灣金傳精選股息基金-後收型,後收級別/不配息,TWD,10.23
202403,AA1,19341318,第一金電子基金,不分級別/不配息,TWD,83.52
202403,AA1,20092528,第一金店頭市場基金,不分級別/不配息,TWD,16.76
202403,AA1,26202396,第一金創新趨勢基金-A類型,其他級別/不配息,TWD,48.71
202403,AA1,26202396,第一金創新趨勢基金-I類型,法人級別/不配息,TWD,0
202403,AA1,73989002,第一金小型精選基金,不分級別/不配息,TWD,78.19
202403,AA1,88271077,第一金台灣核心戰略建設基金-累積型-新臺幣,其他級別/不配息,TWD,14.78
202403,AA1,88271077,第一金台灣核心戰略建設基金-配息型-新臺幣(本基金配息來源可能為本金),其他級別/配息,TWD,13.63
202403,AA1,88271077,第一金台灣核心戰略建設基金-累積型-新臺幣-N,後收級別/不配息,TWD,14.78
202403,AA1,88271077,第一金台灣核心戰略建設基金-配息型-新臺幣-N(本基金配息來源可能為本金),後收級別/配息,TWD,13.67
202403,AA1,01031298,匯豐龍鳳基金-A類型,其他級別/不配息,TWD,116.67
202403,AA1,01031298,匯豐龍鳳基金-I類型,法人級別/不配息,TWD,113.68
202403,AA1,01031298,匯豐龍鳳基金-R類型,退休級別/不配息,TWD,117.85
202403,AA1,73987671,匯豐台灣精典基金,不分級別/不配息,TWD,55.21
202403,AA1,76941376,匯豐成功基金,不分級別/不配息,TWD,56.27
202403,AA1,92017794,匯豐龍騰電子基金,不分級別/不配息,TWD,89.85
202403,AA1,00974066,元大2001基金,不分級別/不配息,TWD,149.41
202403,AA1,01032058,元大多福基金,不分級別/不配息,TWD,103.76
202403,AA1,17139204,元大新主流基金,不分級別/不配息,TWD,57.6
202403,AA1,20080023,元大店頭基金,不分級別/不配息,TWD,19.68
202403,AA1,76959044,元大台灣高股息優質龍頭基金-新台幣A類型不配息,其他級別/不配息,TWD,18.16
202403,AA1,76959044,元大台灣高股息優質龍頭基金-新台幣B類型配息(本基金之配息來源可能為收益平準金),其他級別/配息,TWD,11.96
202403,AA1,76959044,元大台灣高股息優質龍頭基金-新台幣I類型累積級別,法人級別/不配息,TWD,18.21
202403,AA1,76959044,元大台灣高股息優質龍頭基金-新台幣I類型配息級別(本基金之配息來源可能為收益平準金),法人級別/配息,TWD,12.5
202403,AA1,81584335,元大高科技基金,不分級別/不配息,TWD,38.82
202403,AA1,83863951,元大經貿基金,不分級別/不配息,TWD,61.41
202403,AA1,92001765,元大多多基金,不分級別/不配息,TWD,37.09
202403,AA1,92026219,元大卓越基金,不分級別/不配息,TWD,68.94
202403,AA1,17140568,景順主流基金,不分級別/不配息,TWD,39.67
202403,AA1,73989256,景順台灣科技基金,不分級別/不配息,TWD,71.24
202403,AA1,92019786,景順潛力基金,不分級別/不配息,TWD,58.35
202403,AA1,81595924,瀚亞中小型股基金,不分級別/不配息,TWD,53.23
202403,AA1,92003102,瀚亞高科技基金,不分級別/不配息,TWD,199.39
202403,AA1,92012572,瀚亞外銷基金,不分級別/不配息,TWD,96.86
202403,AA1,97990696,瀚亞菁華基金,不分級別/不配息,TWD,57.54
202403,AA1,01032183,PGIM保德信高成長基金,不分級別/不配息,TWD,209.51
202403,AA1,17602625,PGIM保德信新世紀基金,其他級別/不配息,TWD,16.64
202403,AA1,17602625,PGIM保德信新世紀基金-R級別,退休級別/不配息,TWD,11.31
202403,AA1,73990649,PGIM保德信科技島基金,不分級別/不配息,TWD,66.11
202403,AA1,83866508,PGIM保德信中小型股基金,不分級別/不配息,TWD,95.28
202403,AA1,92013967,PGIM保德信金滿意基金,其他級別/不配息,TWD,85.26
202403,AA1,92013967,PGIM保德信金滿意基金-R級別,退休級別/不配息,TWD,12.57
202403,AA1,97988636,PGIM保德信店頭市場基金,不分級別/不配息,TWD,74.28
202403,AA1,01031699,統一全天候基金-A類型,其他級別/不配息,TWD,313.2
202403,AA1,01031699,統一全天候基金-I類型,法人級別/不配息,TWD,323.96
202403,AA1,17605622,統一大滿貫基金-A類型,其他級別/不配息,TWD,83.75
202403,AA1,17605622,統一大滿貫基金-I類型,法人級別/不配息,TWD,83.75
202403,AA1,48934304,統一台灣動力基金,不分級別/不配息,TWD,65.31
202403,AA1,73990253,統一奔騰基金,不分級別/不配息,TWD,243.78
202403,AA1,77537493,統一統信基金,不分級別/不配息,TWD,91.54
202403,AA1,81581724,統一經建基金,不分級別/不配息,TWD,130.34
202403,AA1,92002244,統一黑馬基金,不分級別/不配息,TWD,217.81
202403,AA1,92012762,統一龍馬基金,不分級別/不配息,TWD,176.96
202403,AA1,93110333,統一台灣高息優選基金-累積型,其他級別/不配息,TWD,12.6
202403,AA1,93110333,統一台灣高息優選基金-月配型(本基金之配息來源可能為本金及收益平準金),其他級別/配息,TWD,12.6
202403,AA1,97977878,統一中小基金,不分級別/不配息,TWD,65.35
202403,AA1,00974018,富邦基金A類型,其他級別/配息,TWD,29.15
202403,AA1,00974018,富邦基金I類型,法人級別/不配息,TWD,41.31
202403,AA1,17148301,富邦台灣心基金,不分級別/不配息,TWD,64.48
202403,AA1,20089755,富邦精銳中小基金,不分級別/配息,TWD,34.9
202403,AA1,81585475,富邦高成長基金,不分級別/不配息,TWD,69.56
202403,AA1,83864683,富邦科技基金,不分級別/不配息,TWD,66.58
202403,AA1,88095396,富邦台灣高股息基金-A類型,其他級別/不配息,TWD,17.17
202403,AA1,88095396,富邦台灣高股息基金-B類型,其他級別/配息,TWD,13.94
202403,AA1,92002384,富邦精準基金,不分級別/配息,TWD,133.32
202403,AA1,92010477,富邦長紅基金,不分級別/配息,TWD,167.72
202403,AA1,01032162,摩根台灣增長基金,不分級別/配息,TWD,89.25
202403,AA1,25636367,摩根台灣金磚基金-累積型,其他級別/不配息,TWD,43.75
202403,AA1,25636367,摩根台灣金磚基金-機構法人型,法人級別/不配息,TWD,10
202403,AA1,25636367,摩根台灣金磚基金-數位型,其他級別/不配息,TWD,13.94
202403,AA1,73989501,摩根中小基金,不分級別/不配息,TWD,50.56
202403,AA1,92012025,摩根新興科技基金-一般型,其他級別/配息,TWD,131.21
202403,AA1,92012025,摩根新興科技基金-數位型,其他級別/不配息,TWD,14.68
202403,AA1,00973762,華南永昌永昌基金,不分級別/不配息,TWD,49.33
202403,AA1,93150600,華南永昌未來科技基金,不分級別/不配息,TWD,10.98
202403,AA1,00974241,新光台灣富貴基金,不分級別/不配息,TWD,65.76
202403,AA1,13986924,新光大三通基金,不分級別/不配息,TWD,59.41
202403,AA1,73998071,新光店頭基金,不分級別/不配息,TWD,67.58
202403,AA1,81585242,新光創新科技基金,不分級別/不配息,TWD,40.93
202403,AA1,88316721,新光臺灣高股息基金(A累)新台幣,其他級別/不配息,TWD,13.4
202403,AA1,88316721,新光臺灣高股息基金(B配)新台幣,其他級別/配息,TWD,12.79
202403,AA1,19339782,群益創新科技基金,其他級別/不配息,TWD,72.22
202403,AA1,19339782,群益創新科技基金N類型,後收級別/不配息,TWD,72.22
202403,AA1,20081352,群益店頭市場基金,其他級別/不配息,TWD,175.31
202403,AA1,20081352,群益店頭市場基金N-新台幣,後收級別/不配息,TWD,175.35
202403,AA1,48675778,群益奧斯卡基金,不分級別/不配息,TWD,61.38
202403,AA1,48749899,群益葛萊美基金,不分級別/不配息,TWD,53.82
202403,AA1,81591434,群益長安基金,不分級別/不配息,TWD,70.47
202403,AA1,92028997,群益中小型股基金,不分級別/不配息,TWD,93.51
202403,AA1,97984293,群益馬拉松基金,其他級別/不配息,TWD,198.37
202403,AA1,97984293,群益馬拉松基金I類型,法人級別/不配息,TWD,0
202403,AA1,97984293,群益馬拉松基金N-新台幣,後收級別/不配息,TWD,198.36
202403,AA1,18033138,台中銀數位時代基金,不分級別/不配息,TWD,82.24
202403,AA1,88315292,台中銀台灣優息基金A(累積型-新台幣),其他級別/不配息,TWD,16.9
202403,AA1,88315292,台中銀台灣優息基金B(配息型-新台幣),其他級別/配息,TWD,15.41
202403,AA1,88315292,台中銀台灣優息基金C(累積後收型-新台幣),後收級別/不配息,TWD,16.91
202403,AA1,88315292,台中銀台灣優息基金N(配息後收型-新台幣),後收級別/配息,TWD,15.48
202403,AA1,97972846,台中銀大發基金,不分級別/不配息,TWD,61.24
202403,AA1,97997635,聯博大利基金,不分級別/不配息,TWD,83.26
202403,AA1,17147078,日盛精選五虎基金,不分級別/不配息,TWD,95.94
202403,AA1,17607591,日盛高科技基金,不分級別/不配息,TWD,40.43
202403,AA1,20084317,日盛日盛基金,不分級別/不配息,TWD,15.38
202403,AA1,26273336,日盛MIT主流基金,不分級別/不配息,TWD,50.82
202403,AA1,48948481,日盛首選基金,不分級別/不配息,TWD,39.76
202403,AA1,73988876,日盛小而美基金,不分級別/不配息,TWD,41.18
202403,AA1,81584975,日盛上選基金(A類型),其他級別/不配息,TWD,99.95
202403,AA1,81584975,日盛上選基金(N類型),後收級別/不配息,TWD,99.96
202403,AA1,88175551,日盛台灣永續成長股息基金,不分級別/不配息,TWD,17.66
202403,AA1,94991068,日盛新台商基金,不分級別/不配息,TWD,123.25
202403,AA1,20094820,柏瑞巨人基金-A類型,其他級別/不配息,TWD,24.56
202403,AA1,20094820,柏瑞巨人基金-I類型,法人級別/不配息,TWD,0
202403,AA1,17608487,復華數位經濟基金,不分級別/不配息,TWD,87.13
202403,AA1,18488279,復華中小精選基金,不分級別/不配息,TWD,154.39
202403,AA1,21759676,復華全方位基金,不分級別/不配息,TWD,63.74
202403,AA1,73998086,復華高成長基金,不分級別/不配息,TWD,150.55
202403,AA1,81587889,復華復華基金,不分級別/不配息,TWD,38.7
202403,AA1,88122295,復華台灣好收益基金,不分級別/配息,TWD,11.51
202403,AA1,13998344,永豐中小基金-A類型,其他級別/不配息,TWD,101.98
202403,AA1,13998344,永豐中小基金-I類型,法人級別/不配息,TWD,101.98
202403,AA1,73992013,永豐領航科技基金,不分級別/不配息,TWD,60.31
202403,AA1,77074486,永豐臺灣ESG永續優選基金-A累積類型,其他級別/不配息,TWD,20.36
202403,AA1,77074486,永豐臺灣ESG永續優選基金-A年配類型,其他級別/配息,TWD,16.57
202403,AA1,77074486,永豐臺灣ESG永續優選基金-I類型,法人級別/不配息,TWD,20.36
202403,AA1,81594690,永豐永豐基金-A類型,其他級別/不配息,TWD,56.76
202403,AA1,81594690,永豐永豐基金-I類型,法人級別/不配息,TWD,56.76
202403,AA1,81594690,永豐永豐基金-R類型,退休級別/不配息,TWD,57.73
202403,AA1,48893417,中國信託台灣活力基金,不分級別/不配息,TWD,21.7
202403,AA1,17144889,宏利台灣動力基金A類型,其他級別/不配息,TWD,79.33
202403,AA1,17144889,宏利台灣動力基金I類型,法人級別/不配息,TWD,82.38
202403,AA1,73982057,宏利臺灣股息收益基金A類型,其他級別/不配息,TWD,65.1
202403,AA1,19330712,貝萊德寶利基金,不分級別/不配息,TWD,61.62
202403,AA1,00968493,野村鴻運基金,不分級別/不配息,TWD,74.49
202403,AA1,00988316,野村台灣運籌基金,不分級別/不配息,TWD,120.8
202403,AA1,01031564,野村積極成長基金,不分級別/不配息,TWD,49.09
202403,AA1,17146752,野村成長基金,不分級別/不配息,TWD,116.35
202403,AA1,17600534,野村高科技基金,不分級別/不配息,TWD,37.5
202403,AA1,18037937,野村ｅ科技基金,不分級別/不配息,TWD,68.3
202403,AA1,18488469,野村中小基金-累積類型,其他級別/不配息,TWD,169.55
202403,AA1,18488469,野村中小基金-S類型,法人級別/不配息,TWD,19.51
202403,AA1,19330754,野村優質基金-累積類型新臺幣計價,其他級別/不配息,TWD,143.02
202403,AA1,19330754,野村優質基金-S類型新臺幣計價,法人級別/不配息,TWD,40.38
202403,AA1,99973878,野村台灣高股息基金,不分級別/不配息,TWD,63.99
202403,AA1,17597236,聯邦精選科技基金,不分級別/不配息,TWD,33.15
202403,AA1,18496290,聯邦中國龍基金,不分級別/不配息,TWD,59.43
202403,AA1,17604124,安聯台灣大壩基金-A類型-新臺幣,其他級別/不配息,TWD,88.36
202403,AA1,17604124,安聯台灣大壩基金-G類型-新臺幣,法人級別/不配息,TWD,27.23
202403,AA1,18480065,安聯台灣科技基金,不分級別/不配息,TWD,196.25
202403,AA1,48997911,安聯台灣智慧基金,不分級別/不配息,TWD,124.2
202403,AA1,01031874,國泰小龍基金-新台幣,其他級別/不配息,TWD,36.04
202403,AA1,01031874,國泰小龍基金-美元I,法人級別/不配息,USD,36.0408
202403,AA1,01031874,國泰小龍基金-新台幣R,退休級別/不配息,TWD,36.26
202403,AA1,14705562,國泰科技生化基金,不分級別/不配息,TWD,89.15
202403,AA1,17612497,國泰國泰基金-新台幣A,其他級別/不配息,TWD,63.27
202403,AA1,17612497,國泰國泰基金-新台幣I,法人級別/不配息,TWD,63.27
202403,AA1,18043059,國泰中小成長基金-新台幣,其他級別/不配息,TWD,121.32
202403,AA1,18043059,國泰中小成長基金-美元I,法人級別/不配息,USD,121.3214
202403,AA1,19291128,國泰大中華基金,不分級別/不配息,TWD,54.9
202403,AA1,88090934,國泰台灣高股息傘型基金之台灣高股息基金-新台幣A(不配息),其他級別/不配息,TWD,28.17
202403,AA1,88090934,國泰台灣高股息傘型基金之台灣高股息基金-新台幣B(配息),其他級別/配息,TWD,22.65
202403,AA1,13984165,富達台灣成長基金,不分級別/不配息,TWD,72.85
202403,AA1,18499732,德銀遠東DWS台灣旗艦基金,不分級別/不配息,TWD,50.23
202403,AA1,13539952,凱基開創基金,不分級別/不配息,TWD,72.51
202403,AA1,25612029,凱基台灣精五門基金,不分級別/不配息,TWD,52.59
202403,AA1,48948834,施羅德台灣樂活中小基金-A類型,其他級別/不配息,TWD,53.93
202403,AA1,48948834,施羅德台灣樂活中小基金-I類型,法人級別/不配息,TWD,13452.2
202403,AA1,48948834,施羅德台灣樂活中小基金-C類型,其他級別/不配息,TWD,3000
202403,AA1,14694495,街口台灣基金,不分級別/不配息,TWD,53.34
202403,AA1,80892778,街口中小型基金,不分級別/不配息,TWD,53.22
202403,AA1,15733973,富蘭克林華美第一富基金,不分級別/不配息,TWD,103.75
202403,AA1,26310297,富蘭克林華美台股傘型基金之高科技基金,不分級別/不配息,TWD,60.07
202403,AA1,17602821,台新2000高科技基金,其他級別/不配息,TWD,85.68
202403,AA1,17602821,台新2000高科技基金(法人),法人級別/不配息,TWD,86.45
202403,AA1,48858663,台新主流基金,不分級別/不配息,TWD,53.06
202403,AA1,80894446,台新中國通基金,不分級別/不配息,TWD,124.53
202403,AA1,81588536,台新台灣中小基金,不分級別/不配息,TWD,84.67
202403,AA1,26320632,合庫台灣基金－A類（累積型）台幣,其他級別/不配息,TWD,24.36
202403,AA1,26320632,合庫台灣基金－B類（分配型）台幣(本基金之配息來源可能為本金),其他級別/配息,TWD,11.11
202403,AA1,77713842,合庫台灣高科技基金,不分級別/不配息,TWD,19.19
202403,AA1,42532205,路博邁台灣5G股票基金T累積級別(新臺幣),其他級別/不配息,TWD,29.34
202403,AA1,42532205,路博邁台灣5G股票基金T月配級別(新臺幣)(基金之配息來源可能為本金),其他級別/配息,TWD,20.93
202403,AA1,42532205,路博邁台灣5G股票基金N累積級別(新臺幣),後收級別/不配息,TWD,23.58
202403,AA1,42532205,路博邁台灣5G股票基金N月配級別(新臺幣)(基金之配息來源可能為本金),後收級別/配息,TWD,25.74
202406,AA1,00965469,兆豐第一基金,不分級別/不配息,TWD,31.6
202406,AA1,01050148,兆豐國民基金,不分級別/配息,TWD,45.88
202406,AA1,10341837,兆豐豐台灣基金,不分級別/不配息,TWD,80.48
202406,AA1,73991751,兆豐電子基金,不分級別/不配息,TWD,73.83
202406,AA1,88090408,兆豐台灣先進通訊基金,不分級別/不配息,TWD,20.56
202406,AA1,88198077,兆豐台灣金傳精選股息基金-累積型,其他級別/不配息,TWD,10.8
202406,AA1,88198077,兆豐台灣金傳精選股息基金-後收型,後收級別/不配息,TWD,10.8
202406,AA1,19341318,第一金電子基金,不分級別/不配息,TWD,91.51
202406,AA1,20092528,第一金店頭市場基金,不分級別/不配息,TWD,18.47
202406,AA1,26202396,第一金創新趨勢基金-A類型,其他級別/不配息,TWD,53.06
202406,AA1,26202396,第一金創新趨勢基金-I類型,法人級別/不配息,TWD,0
202406,AA1,73989002,第一金小型精選基金,不分級別/不配息,TWD,85.13
202406,AA1,88271077,第一金台灣核心戰略建設基金-累積型-新臺幣,其他級別/不配息,TWD,15.68
202406,AA1,88271077,第一金台灣核心戰略建設基金-配息型-新臺幣(本基金配息來源可能為本金),其他級別/配息,TWD,14.17
202406,AA1,88271077,第一金台灣核心戰略建設基金-累積型-新臺幣-N,後收級別/不配息,TWD,15.68
202406,AA1,88271077,第一金台灣核心戰略建設基金-配息型-新臺幣-N(本基金配息來源可能為本金),後收級別/配息,TWD,14.21
202406,AA1,01031298,匯豐龍鳳基金-A類型,其他級別/不配息,TWD,127
202406,AA1,01031298,匯豐龍鳳基金-I類型,法人級別/不配息,TWD,113.68
202406,AA1,01031298,匯豐龍鳳基金-R類型,退休級別/不配息,TWD,128.41
202406,AA1,73987671,匯豐台灣精典基金,不分級別/不配息,TWD,60.36
202406,AA1,76941376,匯豐成功基金,不分級別/不配息,TWD,57.1
202406,AA1,92017794,匯豐龍騰電子基金,不分級別/不配息,TWD,95.72
202406,AA1,00974066,元大2001基金,不分級別/不配息,TWD,160.51
202406,AA1,01032058,元大多福基金,不分級別/不配息,TWD,112.92
202406,AA1,17139204,元大新主流基金,不分級別/不配息,TWD,61.6
202406,AA1,20080023,元大店頭基金,不分級別/不配息,TWD,21.56
202406,AA1,76959044,元大台灣高股息優質龍頭基金-新台幣A類型不配息,其他級別/不配息,TWD,19.13
202406,AA1,76959044,元大台灣高股息優質龍頭基金-新台幣B類型配息(本基金之配息來源可能為收益平準金),其他級別/配息,TWD,12.46
202406,AA1,76959044,元大台灣高股息優質龍頭基金-新台幣I類型累積級別,法人級別/不配息,TWD,19.2
202406,AA1,76959044,元大台灣高股息優質龍頭基金-新台幣I類型配息級別(本基金之配息來源可能為收益平準金),法人級別/配息,TWD,13.03
202406,AA1,81584335,元大高科技基金,不分級別/不配息,TWD,39.61
202406,AA1,83863951,元大經貿基金,不分級別/不配息,TWD,65.74
202406,AA1,92001765,元大多多基金,不分級別/不配息,TWD,39.72
202406,AA1,92026219,元大卓越基金,不分級別/不配息,TWD,73.26
202406,AA1,17140568,景順主流基金,不分級別/不配息,TWD,43.72
202406,AA1,73989256,景順台灣科技基金,不分級別/不配息,TWD,79.17
202406,AA1,92019786,景順潛力基金,不分級別/不配息,TWD,63.68
202406,AA1,81595924,瀚亞中小型股基金,不分級別/不配息,TWD,56.84
202406,AA1,92003102,瀚亞高科技基金,不分級別/不配息,TWD,215.95
202406,AA1,92012572,瀚亞外銷基金,不分級別/不配息,TWD,105.64
202406,AA1,97990696,瀚亞菁華基金,不分級別/不配息,TWD,61.96
202406,AA1,01032183,PGIM保德信高成長基金,不分級別/不配息,TWD,227.55
202406,AA1,17602625,PGIM保德信新世紀基金,其他級別/不配息,TWD,17.64
202406,AA1,17602625,PGIM保德信新世紀基金-R級別,退休級別/不配息,TWD,12.01
202406,AA1,73990649,PGIM保德信科技島基金,不分級別/不配息,TWD,69.57
202406,AA1,83866508,PGIM保德信中小型股基金,不分級別/不配息,TWD,106.72
202406,AA1,92013967,PGIM保德信金滿意基金,其他級別/不配息,TWD,94.78
202406,AA1,92013967,PGIM保德信金滿意基金-R級別,退休級別/不配息,TWD,13.99
202406,AA1,97988636,PGIM保德信店頭市場基金,不分級別/不配息,TWD,79.81
202406,AA1,01031699,統一全天候基金-A類型,其他級別/不配息,TWD,326.05
202406,AA1,01031699,統一全天候基金-I類型,法人級別/不配息,TWD,337.76
202406,AA1,17605622,統一大滿貫基金-A類型,其他級別/不配息,TWD,89.56
202406,AA1,17605622,統一大滿貫基金-I類型,法人級別/不配息,TWD,89.56
202406,AA1,48934304,統一台灣動力基金,不分級別/不配息,TWD,73.16
202406,AA1,73990253,統一奔騰基金,不分級別/不配息,TWD,266.01
202406,AA1,77537493,統一統信基金,不分級別/不配息,TWD,99.9
202406,AA1,81581724,統一經建基金,不分級別/不配息,TWD,144.2
202406,AA1,92002244,統一黑馬基金,不分級別/不配息,TWD,228.89
202406,AA1,92012762,統一龍馬基金,不分級別/不配息,TWD,200.94
202406,AA1,93110333,統一台灣高息優選基金-累積型,其他級別/不配息,TWD,13.64
202406,AA1,93110333,統一台灣高息優選基金-月配型(本基金之配息來源可能為本金及收益平準金),其他級別/配息,TWD,13.37
202406,AA1,97977878,統一中小基金,不分級別/不配息,TWD,70.54
202406,AA1,00974018,富邦基金A類型,其他級別/配息,TWD,29.71
202406,AA1,00974018,富邦基金I類型,法人級別/不配息,TWD,46.59
202406,AA1,17148301,富邦台灣心基金,不分級別/不配息,TWD,70.02
202406,AA1,20089755,富邦精銳中小基金,不分級別/配息,TWD,39.83
202406,AA1,81585475,富邦高成長基金,不分級別/不配息,TWD,74.44
202406,AA1,83864683,富邦科技基金,不分級別/不配息,TWD,73.13
202406,AA1,88095396,富邦台灣高股息基金-A類型,其他級別/不配息,TWD,18.81
202406,AA1,88095396,富邦台灣高股息基金-B類型,其他級別/配息,TWD,15.18
202406,AA1,92002384,富邦精準基金,不分級別/配息,TWD,147.04
202406,AA1,92010477,富邦長紅基金,不分級別/配息,TWD,184.85
202406,AA1,01032162,摩根台灣增長基金,不分級別/配息,TWD,99.7
202406,AA1,25636367,摩根台灣金磚基金-累積型,其他級別/不配息,TWD,48.39
202406,AA1,25636367,摩根台灣金磚基金-機構法人型,法人級別/不配息,TWD,10
202406,AA1,25636367,摩根台灣金磚基金-數位型,其他級別/不配息,TWD,15.45
202406,AA1,73989501,摩根中小基金,不分級別/不配息,TWD,56.25
202406,AA1,92012025,摩根新興科技基金-一般型,其他級別/配息,TWD,146.33
202406,AA1,92012025,摩根新興科技基金-數位型,其他級別/不配息,TWD,16.41
202406,AA1,00973762,華南永昌永昌基金,不分級別/不配息,TWD,51.45
202406,AA1,93150600,華南永昌未來科技基金,不分級別/不配息,TWD,11.33
202406,AA1,00974241,新光台灣富貴基金,不分級別/不配息,TWD,70.69
202406,AA1,13986924,新光大三通基金,不分級別/不配息,TWD,64.05
202406,AA1,73998071,新光店頭基金,不分級別/不配息,TWD,74.32
202406,AA1,81585242,新光創新科技基金,不分級別/不配息,TWD,44
202406,AA1,88316721,新光臺灣高股息基金(A累)新台幣,其他級別/不配息,TWD,14.39
202406,AA1,88316721,新光臺灣高股息基金(B配)新台幣,其他級別/配息,TWD,13.48
202406,AA1,19339782,群益創新科技基金,其他級別/不配息,TWD,74.42
202406,AA1,19339782,群益創新科技基金N類型,後收級別/不配息,TWD,74.41
202406,AA1,20081352,群益店頭市場基金,其他級別/不配息,TWD,195.43
202406,AA1,20081352,群益店頭市場基金N-新台幣,後收級別/不配息,TWD,195.47
202406,AA1,48675778,群益奧斯卡基金,不分級別/不配息,TWD,66.43
202406,AA1,48749899,群益葛萊美基金,不分級別/不配息,TWD,58.2
202406,AA1,81591434,群益長安基金,不分級別/不配息,TWD,73.7
202406,AA1,92028997,群益中小型股基金,不分級別/不配息,TWD,99.48
202406,AA1,97984293,群益馬拉松基金,其他級別/不配息,TWD,218.9
202406,AA1,97984293,群益馬拉松基金I類型,法人級別/不配息,TWD,0
202406,AA1,97984293,群益馬拉松基金N-新台幣,後收級別/不配息,TWD,218.89
202406,AA1,18033138,台中銀數位時代基金,不分級別/不配息,TWD,94.85
202406,AA1,88315292,台中銀台灣優息基金A(累積型-新台幣),其他級別/不配息,TWD,18.26
202406,AA1,88315292,台中銀台灣優息基金B(配息型-新台幣),其他級別/配息,TWD,16.36
202406,AA1,88315292,台中銀台灣優息基金C(累積後收型-新台幣),後收級別/不配息,TWD,18.28
202406,AA1,88315292,台中銀台灣優息基金N(配息後收型-新台幣),後收級別/配息,TWD,16.44
202406,AA1,97972846,台中銀大發基金,不分級別/不配息,TWD,68.59
202406,AA1,97997635,聯博大利基金,不分級別/不配息,TWD,90.88
202406,AA1,17147078,日盛精選五虎基金,不分級別/不配息,TWD,103.8
202406,AA1,17607591,日盛高科技基金,不分級別/不配息,TWD,42.11
202406,AA1,20084317,日盛日盛基金,不分級別/不配息,TWD,16.04
202406,AA1,26273336,日盛MIT主流基金,不分級別/不配息,TWD,56.21
202406,AA1,48948481,日盛首選基金,不分級別/不配息,TWD,41.92
202406,AA1,73988876,日盛小而美基金,不分級別/不配息,TWD,44.91
202406,AA1,81584975,日盛上選基金(A類型),其他級別/不配息,TWD,109.5
202406,AA1,81584975,日盛上選基金(N類型),後收級別/不配息,TWD,109.51
202406,AA1,88175551,日盛台灣永續成長股息基金,不分級別/不配息,TWD,19.5
202406,AA1,94991068,日盛新台商基金,不分級別/不配息,TWD,134.04
202406,AA1,20094820,柏瑞巨人基金-A類型,其他級別/不配息,TWD,27.1
202406,AA1,20094820,柏瑞巨人基金-I類型,法人級別/不配息,TWD,0
202406,AA1,17608487,復華數位經濟基金,不分級別/不配息,TWD,94.6
202406,AA1,18488279,復華中小精選基金,不分級別/不配息,TWD,167.95
202406,AA1,21759676,復華全方位基金,不分級別/不配息,TWD,70.62
202406,AA1,73998086,復華高成長基金,不分級別/不配息,TWD,167.53
202406,AA1,81587889,復華復華基金,不分級別/不配息,TWD,43.86
202406,AA1,88122295,復華台灣好收益基金,不分級別/配息,TWD,11.8
202406,AA1,93212009,復華台灣科技高股息基金A類型,其他級別/不配息,TWD,10.39
202406,AA1,93212009,復華台灣科技高股息基金B類型(基金之配息來源可能為本金及收益平準金),其他級別/配息,TWD,10.39
202406,AA1,13998344,永豐中小基金-A類型,其他級別/不配息,TWD,109.5
202406,AA1,13998344,永豐中小基金-I類型,法人級別/不配息,TWD,109.5
202406,AA1,73992013,永豐領航科技基金,不分級別/不配息,TWD,64.94
202406,AA1,77074486,永豐臺灣ESG永續優選基金-A累積類型,其他級別/不配息,TWD,21.66
202406,AA1,77074486,永豐臺灣ESG永續優選基金-A年配類型,其他級別/配息,TWD,17.63
202406,AA1,77074486,永豐臺灣ESG永續優選基金-I類型,法人級別/不配息,TWD,21.66
202406,AA1,81594690,永豐永豐基金-A類型,其他級別/不配息,TWD,60.16
202406,AA1,81594690,永豐永豐基金-I類型,法人級別/不配息,TWD,60.16
202406,AA1,81594690,永豐永豐基金-R類型,退休級別/不配息,TWD,61.29
202406,AA1,48893417,中國信託台灣活力基金,不分級別/不配息,TWD,22.88
202406,AA1,17144889,宏利台灣動力基金A類型,其他級別/不配息,TWD,85.79
202406,AA1,17144889,宏利台灣動力基金I類型,法人級別/不配息,TWD,89.31
202406,AA1,73982057,宏利臺灣股息收益基金A類型,其他級別/不配息,TWD,70.85
202406,AA1,19330712,貝萊德寶利基金,不分級別/不配息,TWD,68.74
202406,AA1,00968493,野村鴻運基金,不分級別/不配息,TWD,79.13
202406,AA1,00988316,野村台灣運籌基金,不分級別/不配息,TWD,128.71
202406,AA1,01031564,野村積極成長基金,不分級別/不配息,TWD,52.36
202406,AA1,17146752,野村成長基金,不分級別/不配息,TWD,124.05
202406,AA1,17600534,野村高科技基金,不分級別/不配息,TWD,39.8
202406,AA1,18037937,野村ｅ科技基金,不分級別/不配息,TWD,71.7
202406,AA1,18488469,野村中小基金-累積類型,其他級別/不配息,TWD,185.11
202406,AA1,18488469,野村中小基金-S類型,法人級別/不配息,TWD,21.36
202406,AA1,19330754,野村優質基金-累積類型新臺幣計價,其他級別/不配息,TWD,152.45
202406,AA1,19330754,野村優質基金-S類型新臺幣計價,法人級別/不配息,TWD,43.09
202406,AA1,99973878,野村台灣高股息基金-累積類型,其他級別/不配息,TWD,72.99
202406,AA1,99973878,野村台灣高股息基金-S類型,法人級別/不配息,TWD,10
202406,AA1,17597236,聯邦精選科技基金,不分級別/不配息,TWD,35.46
202406,AA1,18496290,聯邦中國龍基金,不分級別/不配息,TWD,64.72
202406,AA1,17604124,安聯台灣大壩基金-A類型-新臺幣,其他級別/不配息,TWD,101.44
202406,AA1,17604124,安聯台灣大壩基金-G類型-新臺幣,法人級別/不配息,TWD,31.34
202406,AA1,18480065,安聯台灣科技基金,不分級別/不配息,TWD,221.96
202406,AA1,48997911,安聯台灣智慧基金,不分級別/不配息,TWD,139.9
202406,AA1,01031874,國泰小龍基金-新台幣,其他級別/不配息,TWD,40.81
202406,AA1,01031874,國泰小龍基金-美元I,法人級別/不配息,USD,40.8095
202406,AA1,01031874,國泰小龍基金-新台幣R,退休級別/不配息,TWD,41.08
202406,AA1,14705562,國泰科技生化基金,不分級別/不配息,TWD,101.26
202406,AA1,17612497,國泰國泰基金-新台幣A,其他級別/不配息,TWD,71.54
202406,AA1,17612497,國泰國泰基金-新台幣I,法人級別/不配息,TWD,71.54
202406,AA1,18043059,國泰中小成長基金-新台幣,其他級別/不配息,TWD,135.22
202406,AA1,18043059,國泰中小成長基金-美元I,法人級別/不配息,USD,135.2197
202406,AA1,19291128,國泰大中華基金,不分級別/不配息,TWD,61.5
202406,AA1,88090934,國泰台灣高股息傘型基金之台灣高股息基金-新台幣A(不配息),其他級別/不配息,TWD,31.57
202406,AA1,88090934,國泰台灣高股息傘型基金之台灣高股息基金-新台幣B(配息),其他級別/配息,TWD,25.24
202406,AA1,13984165,富達台灣成長基金,不分級別/不配息,TWD,81.04
202406,AA1,18499732,德銀遠東DWS台灣旗艦基金,不分級別/不配息,TWD,54.18
202406,AA1,13539952,凱基開創基金,不分級別/不配息,TWD,74.59
202406,AA1,25612029,凱基台灣精五門基金,不分級別/不配息,TWD,55.92
202406,AA1,48948834,施羅德台灣樂活中小基金-A類型,其他級別/不配息,TWD,59.03
202406,AA1,48948834,施羅德台灣樂活中小基金-I類型,法人級別/不配息,TWD,14784.75
202406,AA1,48948834,施羅德台灣樂活中小基金-C類型,其他級別/不配息,TWD,3000
202406,AA1,14694495,街口台灣基金,不分級別/不配息,TWD,57.06
202406,AA1,80892778,街口中小型基金,不分級別/不配息,TWD,56.72
202406,AA1,15733973,富蘭克林華美第一富基金,不分級別/不配息,TWD,114.04
202406,AA1,26310297,富蘭克林華美台股傘型基金之高科技基金,不分級別/不配息,TWD,64.77
202406,AA1,17602821,台新2000高科技基金,其他級別/不配息,TWD,93.82
202406,AA1,17602821,台新2000高科技基金(法人),法人級別/不配息,TWD,94.85
202406,AA1,48858663,台新主流基金,不分級別/不配息,TWD,59.04
202406,AA1,80894446,台新中國通基金,不分級別/不配息,TWD,140.74
202406,AA1,81588536,台新台灣中小基金,不分級別/不配息,TWD,96.78
202406,AA1,26320632,合庫台灣基金－A類（累積型）台幣,其他級別/不配息,TWD,26.39
202406,AA1,26320632,合庫台灣基金－B類（分配型）台幣(本基金之配息來源可能為本金),其他級別/配息,TWD,11.93
202406,AA1,77713842,合庫台灣高科技基金,不分級別/不配息,TWD,20.97
202406,AA1,42532205,路博邁台灣5G股票基金T累積級別(新臺幣),其他級別/不配息,TWD,31.67
202406,AA1,42532205,路博邁台灣5G股票基金T月配級別(新臺幣)(基金之配息來源可能為本金),其他級別/配息,TWD,22.27
202406,AA1,42532205,路博邁台灣5G股票基金N累積級別(新臺幣),後收級別/不配息,TWD,25.46
202406,AA1,42532205,路博邁台灣5G股票基金N月配級別(新臺幣)(基金之配息來源可能為本金),後收級別/配息,TWD,27.37
202409,AA1,00965469,兆豐第一基金,不分級別/不配息,TWD,28.95
202409,AA1,01050148,兆豐國民基金,不分級別/,TWD,44.48
202409,AA1,10341837,兆豐豐台灣基金,不分級別/不配息,TWD,73.32
202409,AA1,73991751,兆豐電子基金,不分級別/不配息,TWD,70.63
202409,AA1,88090408,兆豐台灣先進通訊基金,不分級別/不配息,TWD,19.64
202409,AA1,88198077,兆豐台灣金傳精選股息基金-累積型,其他級別/不配息,TWD,10.8
202409,AA1,88198077,兆豐台灣金傳精選股息基金-後收型,後收級別/不配息,TWD,10.8
202409,AA1,19341318,第一金電子基金,不分級別/不配息,TWD,85.8
202409,AA1,20092528,第一金店頭市場基金,不分級別/不配息,TWD,18.76
202409,AA1,26202396,第一金創新趨勢基金-A類型,其他級別/不配息,TWD,50.15
202409,AA1,26202396,第一金創新趨勢基金-I類型,法人級別/不配息,TWD,0
202409,AA1,73989002,第一金小型精選基金,不分級別/不配息,TWD,84.16
202409,AA1,88271077,第一金台灣核心戰略建設基金-累積型-新臺幣(本基金配息來源可能為本金),其他級別/不配息,TWD,14.67
202409,AA1,88271077,第一金台灣核心戰略建設基金-配息型-新臺幣(本基金配息來源可能為本金),其他級別/配息,TWD,13
202409,AA1,88271077,第一金台灣核心戰略建設基金-累積型-新臺幣-N,後收級別/不配息,TWD,14.68
202409,AA1,88271077,第一金台灣核心戰略建設基金-配息型-新臺幣-N(本基金配息來源可能為本金),後收級別/配息,TWD,13.04
202409,AA1,01031298,匯豐龍鳳基金-A類型,其他級別/不配息,TWD,115.71
202409,AA1,01031298,匯豐龍鳳基金-I類型,法人級別/不配息,TWD,113.68
202409,AA1,01031298,匯豐龍鳳基金-R類型,退休級別/不配息,TWD,117.12
202409,AA1,73987671,匯豐台灣精典基金,不分級別/不配息,TWD,53.13
202409,AA1,76941376,匯豐成功基金,不分級別/不配息,TWD,54.9
202409,AA1,92017794,匯豐龍騰電子基金,不分級別/不配息,TWD,86.56
202409,AA1,00974066,元大2001基金,不分級別/不配息,TWD,151.51
202409,AA1,01032058,元大多福基金,不分級別/不配息,TWD,106.7
202409,AA1,17139204,元大新主流基金,不分級別/不配息,TWD,57.35
202409,AA1,20080023,元大店頭基金,不分級別/不配息,TWD,22.03
202409,AA1,76959044,元大台灣高股息優質龍頭基金-新台幣A類型不配息,其他級別/不配息,TWD,18.09
202409,AA1,76959044,元大台灣高股息優質龍頭基金-新台幣B類型配息(本基金之配息來源可能為收益平準金),其他級別/,TWD,11.65
202409,AA1,76959044,元大台灣高股息優質龍頭基金-新台幣I類型累積級別,法人級別/不配息,TWD,18.17
202409,AA1,76959044,元大台灣高股息優質龍頭基金-新台幣I類型配息級別(本基金之配息來源可能為收益平準金),法人級別/,TWD,12.2
202409,AA1,76959044,元大台灣高股息優質龍頭基金-新台幣R類型,退休級別/不配息,TWD,18.1
202409,AA1,81584335,元大高科技基金,不分級別/不配息,TWD,37.4
202409,AA1,83863951,元大經貿基金,不分級別/不配息,TWD,61.34
202409,AA1,92001765,元大多多基金,不分級別/不配息,TWD,37.63
202409,AA1,92026219,元大卓越基金,不分級別/不配息,TWD,69.33
202409,AA1,17140568,景順主流基金,不分級別/不配息,TWD,41.86
202409,AA1,73989256,景順台灣科技基金,不分級別/不配息,TWD,74.61
202409,AA1,92019786,景順潛力基金,不分級別/不配息,TWD,60.36
202409,AA1,81595924,瀚亞中小型股基金,不分級別/不配息,TWD,51.14
202409,AA1,92003102,瀚亞高科技基金,不分級別/不配息,TWD,204.69
202409,AA1,92012572,瀚亞外銷基金,不分級別/不配息,TWD,98.05
202409,AA1,97990696,瀚亞菁華基金,不分級別/不配息,TWD,54.27
202409,AA1,01032183,PGIM保德信高成長基金,不分級別/不配息,TWD,210.11
202409,AA1,17602625,PGIM保德信新世紀基金,其他級別/不配息,TWD,17.29
202409,AA1,17602625,PGIM保德信新世紀基金-R級別,退休級別/不配息,TWD,11.79
202409,AA1,73990649,PGIM保德信科技島基金,不分級別/不配息,TWD,67.08
202409,AA1,83866508,PGIM保德信中小型股基金,不分級別/不配息,TWD,104.26
202409,AA1,92013967,PGIM保德信金滿意基金,其他級別/不配息,TWD,87.46
202409,AA1,92013967,PGIM保德信金滿意基金-R級別,退休級別/不配息,TWD,12.93
202409,AA1,97988636,PGIM保德信店頭市場基金,不分級別/不配息,TWD,80.81
202409,AA1,01031699,統一全天候基金-A類型,其他級別/不配息,TWD,292.47
202409,AA1,01031699,統一全天候基金-I類型,法人級別/不配息,TWD,303.44
202409,AA1,17605622,統一大滿貫基金-A類型,其他級別/不配息,TWD,84.19
202409,AA1,17605622,統一大滿貫基金-I類型,法人級別/不配息,TWD,84.19
202409,AA1,48934304,統一台灣動力基金,不分級別/不配息,TWD,66.42
202409,AA1,73990253,統一奔騰基金,不分級別/不配息,TWD,243.25
202409,AA1,77537493,統一統信基金,不分級別/不配息,TWD,91.58
202409,AA1,81581724,統一經建基金,不分級別/不配息,TWD,126.91
202409,AA1,92002244,統一黑馬基金,不分級別/不配息,TWD,217.74
202409,AA1,92012762,統一龍馬基金,不分級別/不配息,TWD,178.1
202409,AA1,93110333,統一台灣高息優選基金-累積型,其他級別/不配息,TWD,12.57
202409,AA1,93110333,統一台灣高息優選基金-月配型(基金之配息來源可能為本金及收益平準金),其他級別/,TWD,12.08
202409,AA1,97977878,統一中小基金,不分級別/不配息,TWD,67.13
202409,AA1,00974018,富邦基金A類型,其他級別/,TWD,28.11
202409,AA1,00974018,富邦基金I類型,法人級別/不配息,TWD,44.16
202409,AA1,17148301,富邦台灣心基金,不分級別/不配息,TWD,67.16
202409,AA1,20089755,富邦精銳中小基金,不分級別/,TWD,38.1
202409,AA1,81585475,富邦高成長基金,不分級別/不配息,TWD,71.37
202409,AA1,83864683,富邦科技基金,不分級別/不配息,TWD,74.74
202409,AA1,88095396,富邦台灣高股息基金-A類型,其他級別/不配息,TWD,17.67
202409,AA1,88095396,富邦台灣高股息基金-B類型,其他級別/,TWD,14.21
202409,AA1,92002384,富邦精準基金,不分級別/,TWD,149.64
202409,AA1,92010477,富邦長紅基金,不分級別/,TWD,176.01
202409,AA1,01032162,摩根台灣增長基金,不分級別/配息,TWD,97.29
202409,AA1,25636367,摩根台灣金磚基金-累積型,其他級別/不配息,TWD,45.69
202409,AA1,25636367,摩根台灣金磚基金-機構法人型,法人級別/不配息,TWD,10
202409,AA1,25636367,摩根台灣金磚基金-數位型,其他級別/不配息,TWD,14.63
202409,AA1,73989501,摩根中小基金,不分級別/不配息,TWD,54.37
202409,AA1,92012025,摩根新興科技基金-一般型,其他級別/配息,TWD,138.93
202409,AA1,92012025,摩根新興科技基金-數位型,其他級別/不配息,TWD,15.61
202409,AA1,00973762,華南永昌永昌基金,不分級別/不配息,TWD,48.01
202409,AA1,93150600,華南永昌未來科技基金,不分級別/不配息,TWD,10.57
202409,AA1,00974241,新光台灣富貴基金,不分級別/不配息,TWD,65.89
202409,AA1,13986924,新光大三通基金,不分級別/不配息,TWD,57.04
202409,AA1,73998071,新光店頭基金,不分級別/不配息,TWD,72.3
202409,AA1,81585242,新光創新科技基金,不分級別/不配息,TWD,38.75
202409,AA1,88316721,新光臺灣高股息基金(A累)新台幣,其他級別/不配息,TWD,14.18
202409,AA1,88316721,新光臺灣高股息基金(B配)新台幣,其他級別/,TWD,13.04
202409,AA1,19339782,群益創新科技基金,其他級別/不配息,TWD,63.53
202409,AA1,19339782,群益創新科技基金N類型,後收級別/不配息,TWD,63.53
202409,AA1,20081352,群益店頭市場基金,其他級別/不配息,TWD,176.98
202409,AA1,20081352,群益店頭市場基金N-新台幣,後收級別/不配息,TWD,177.01
202409,AA1,48675778,群益奧斯卡基金,不分級別/不配息,TWD,59.89
202409,AA1,48749899,群益葛萊美基金,不分級別/不配息,TWD,52.61
202409,AA1,81591434,群益長安基金,不分級別/不配息,TWD,72.51
202409,AA1,92028997,群益中小型股基金,不分級別/不配息,TWD,87.05
202409,AA1,97984293,群益馬拉松基金,其他級別/不配息,TWD,203.08
202409,AA1,97984293,群益馬拉松基金I類型,法人級別/不配息,TWD,0
202409,AA1,97984293,群益馬拉松基金N-新台幣,後收級別/不配息,TWD,203.06
202409,AA1,18033138,台中銀數位時代基金,不分級別/不配息,TWD,96.61
202409,AA1,88315292,台中銀台灣優息基金A(累積型-新台幣),其他級別/不配息,TWD,18.54
202409,AA1,88315292,台中銀台灣優息基金B(配息型-新台幣),其他級別/,TWD,16.29
202409,AA1,88315292,台中銀台灣優息基金C(累積後收型-新台幣),後收級別/不配息,TWD,18.57
202409,AA1,88315292,台中銀台灣優息基金N(配息後收型-新台幣),後收級別/,TWD,16.36
202409,AA1,97972846,台中銀大發基金,不分級別/不配息,TWD,67.44
202409,AA1,97997635,聯博大利基金,不分級別/不配息,TWD,87.41
202409,AA1,17147078,日盛精選五虎基金,不分級別/不配息,TWD,96.27
202409,AA1,17607591,日盛高科技基金,不分級別/不配息,TWD,38.45
202409,AA1,20084317,日盛日盛基金,不分級別/,TWD,14.31
202409,AA1,26273336,日盛MIT主流基金,不分級別/不配息,TWD,55.34
202409,AA1,48948481,日盛首選基金,不分級別/不配息,TWD,39.38
202409,AA1,73988876,日盛小而美基金,不分級別/不配息,TWD,42.2
202409,AA1,81584975,日盛上選基金(A類型),其他級別/不配息,TWD,106.54
202409,AA1,81584975,日盛上選基金(N類型),後收級別/不配息,TWD,106.56
202409,AA1,88175551,日盛台灣永續成長股息基金,不分級別/不配息,TWD,19.27
202409,AA1,94991068,日盛新台商基金,不分級別/不配息,TWD,119.85
202409,AA1,20094820,柏瑞巨人基金-A類型,其他級別/不配息,TWD,24.34
202409,AA1,20094820,柏瑞巨人基金-I類型,法人級別/不配息,TWD,0
202409,AA1,17608487,復華數位經濟基金,不分級別/不配息,TWD,89.83
202409,AA1,18488279,復華中小精選基金,不分級別/不配息,TWD,159.48
202409,AA1,21759676,復華全方位基金,不分級別/不配息,TWD,69.06
202409,AA1,73998086,復華高成長基金,不分級別/不配息,TWD,155.54
202409,AA1,81587889,復華復華基金,不分級別/不配息,TWD,42.76
202409,AA1,88122295,復華台灣好收益基金,不分級別/,TWD,10.86
202409,AA1,93212009,復華台灣科技高股息基金A類型,其他級別/不配息,TWD,9.47
202409,AA1,93212009,復華台灣科技高股息基金B類型(基金之配息來源可能為本金及收益平準金),其他級別/,TWD,9.3
202409,AA1,13998344,永豐中小基金-A類型,其他級別/不配息,TWD,106.95
202409,AA1,13998344,永豐中小基金-I類型,法人級別/不配息,TWD,106.95
202409,AA1,73992013,永豐領航科技基金,不分級別/不配息,TWD,61.26
202409,AA1,77074486,永豐臺灣ESG永續優選基金-A累積類型,其他級別/不配息,TWD,20.45
202409,AA1,77074486,永豐臺灣ESG永續優選基金-A年配類型,其他級別/,TWD,16.64
202409,AA1,77074486,永豐臺灣ESG永續優選基金-I類型,法人級別/不配息,TWD,20.45
202409,AA1,81594690,永豐永豐基金-A類型,其他級別/不配息,TWD,59.23
202409,AA1,81594690,永豐永豐基金-I類型,法人級別/不配息,TWD,59.23
202409,AA1,81594690,永豐永豐基金-R類型,退休級別/不配息,TWD,60.44
202409,AA1,48893417,中國信託台灣活力基金,不分級別/不配息,TWD,21.31
202409,AA1,17144889,宏利台灣動力基金A類型,其他級別/不配息,TWD,77.6
202409,AA1,17144889,宏利台灣動力基金I類型,法人級別/不配息,TWD,80.99
202409,AA1,73982057,宏利臺灣股息收益基金A類型,其他級別/不配息,TWD,65.85
202409,AA1,19330712,貝萊德寶利基金,不分級別/不配息,TWD,65.37
202409,AA1,00968493,野村鴻運基金,不分級別/不配息,TWD,73.89
202409,AA1,00988316,野村台灣運籌基金,不分級別/不配息,TWD,120.39
202409,AA1,01031564,野村積極成長基金,不分級別/不配息,TWD,48.85
202409,AA1,17146752,野村成長基金,不分級別/不配息,TWD,115.81
202409,AA1,17600534,野村高科技基金,不分級別/不配息,TWD,36.9
202409,AA1,18037937,野村ｅ科技基金,不分級別/不配息,TWD,66.32
202409,AA1,18488469,野村中小基金-累積類型,其他級別/不配息,TWD,173.68
202409,AA1,18488469,野村中小基金-S類型,法人級別/不配息,TWD,20.09
202409,AA1,19330754,野村優質基金-累積類型新臺幣計價,其他級別/不配息,TWD,141.22
202409,AA1,19330754,野村優質基金-S類型新臺幣計價,法人級別/不配息,TWD,39.97
202409,AA1,99973878,野村台灣高股息基金-累積類型,其他級別/不配息,TWD,69.32
202409,AA1,99973878,野村台灣高股息基金-S類型,法人級別/不配息,TWD,9.34
202409,AA1,17597236,聯邦精選科技基金-A累積型(新臺幣),其他級別/不配息,TWD,32.5
202409,AA1,17597236,聯邦精選科技基金-NA累積型(新臺幣),後收級別/不配息,TWD,10
202409,AA1,18496290,聯邦中國龍基金-A累積型(新臺幣),其他級別/不配息,TWD,60.33
202409,AA1,18496290,聯邦中國龍基金-NA累積型(新臺幣),後收級別/不配息,TWD,10
202409,AA1,17604124,安聯台灣大壩基金-A類型-新臺幣,其他級別/不配息,TWD,95.74
202409,AA1,17604124,安聯台灣大壩基金-G類型-新臺幣,法人級別/不配息,TWD,29.65
202409,AA1,18480065,安聯台灣科技基金,不分級別/不配息,TWD,208.59
202409,AA1,48997911,安聯台灣智慧基金,不分級別/不配息,TWD,130.37
202409,AA1,01031874,國泰小龍基金-新台幣,其他級別/不配息,TWD,39.12
202409,AA1,01031874,國泰小龍基金-美元I,法人級別/不配息,USD,39.1191
202409,AA1,01031874,國泰小龍基金-新台幣R,退休級別/不配息,TWD,39.39
202409,AA1,14705562,國泰科技生化基金,不分級別/不配息,TWD,98.54
202409,AA1,17612497,國泰國泰基金-新台幣A,其他級別/不配息,TWD,68.63
202409,AA1,17612497,國泰國泰基金-新台幣I,法人級別/不配息,TWD,68.63
202409,AA1,18043059,國泰中小成長基金-新台幣,其他級別/不配息,TWD,126.97
202409,AA1,18043059,國泰中小成長基金-美元I,法人級別/不配息,USD,126.9693
202409,AA1,19291128,國泰大中華基金,不分級別/不配息,TWD,57.69
202409,AA1,88090934,國泰台灣高股息傘型基金之台灣高股息基金-新台幣A(不配息),其他級別/不配息,TWD,29.55
202409,AA1,88090934,國泰台灣高股息傘型基金之台灣高股息基金-新台幣B(配息),其他級別/,TWD,22.96
202409,AA1,13984165,富達台灣成長基金,不分級別/不配息,TWD,76.7
202409,AA1,18499732,德銀遠東DWS台灣旗艦基金,不分級別/不配息,TWD,49.54
202409,AA1,13539952,凱基開創基金,不分級別/不配息,TWD,68.5
202409,AA1,25612029,凱基台灣精五門基金,不分級別/不配息,TWD,55.77
202409,AA1,48948834,施羅德台灣樂活中小基金-A類型,其他級別/不配息,TWD,53.13
202409,AA1,48948834,施羅德台灣樂活中小基金-I類型,法人級別/不配息,TWD,13362.72
202409,AA1,48948834,施羅德台灣樂活中小基金-C類型,其他級別/不配息,TWD,3000
202409,AA1,14694495,街口台灣基金,不分級別/不配息,TWD,52.51
202409,AA1,80892778,街口中小型基金,不分級別/不配息,TWD,52.4
202409,AA1,15733973,富蘭克林華美第一富基金,不分級別/不配息,TWD,105.3
202409,AA1,26310297,富蘭克林華美台股傘型基金之高科技基金,不分級別/不配息,TWD,62.26
202409,AA1,17602821,台新2000高科技基金,其他級別/不配息,TWD,91.59
202409,AA1,17602821,台新2000高科技基金(法人),法人級別/不配息,TWD,92.78
202409,AA1,48858663,台新主流基金,不分級別/不配息,TWD,58.36
202409,AA1,80894446,台新中國通基金,不分級別/不配息,TWD,139.27
202409,AA1,81588536,台新台灣中小基金,不分級別/不配息,TWD,99.09
202409,AA1,26320632,合庫台灣基金－A類（累積型）台幣,其他級別/不配息,TWD,25.84
202409,AA1,26320632,合庫台灣基金－B類（分配型）台幣(本基金之配息來源可能為本金),其他級別/,TWD,11.5
202409,AA1,77713842,合庫台灣高科技基金,不分級別/不配息,TWD,20.79
202409,AA1,42532205,路博邁台灣5G股票基金T累積級別(新臺幣),其他級別/不配息,TWD,29.49
202409,AA1,42532205,路博邁台灣5G股票基金T月配級別(新臺幣)(基金之配息來源可能為本金),其他級別/,TWD,20.44
202409,AA1,42532205,路博邁台灣5G股票基金N累積級別(新臺幣),後收級別/不配息,TWD,23.7
202409,AA1,42532205,路博邁台灣5G股票基金N月配級別(新臺幣)(基金之配息來源可能為本金),後收級別/,TWD,25.11
202412,AA1,00965469,兆豐第一基金,不分級別/不配息,TWD,30.13
202412,AA1,01050148,兆豐國民基金,不分級別/,TWD,46.02
202412,AA1,10341837,兆豐豐台灣基金,不分級別/不配息,TWD,74.57
202412,AA1,73991751,兆豐電子基金,不分級別/不配息,TWD,77.42
202412,AA1,88090408,兆豐台灣先進通訊基金,不分級別/不配息,TWD,21.49
202412,AA1,88198077,兆豐台灣金傳精選股息基金-累積型,其他級別/不配息,TWD,10.7
202412,AA1,88198077,兆豐台灣金傳精選股息基金-後收型,後收級別/不配息,TWD,10.7
202412,AA1,19341318,第一金電子基金,不分級別/不配息,TWD,90.4
202412,AA1,20092528,第一金店頭市場基金,不分級別/不配息,TWD,17.8
202412,AA1,26202396,第一金創新趨勢基金-A類型,其他級別/不配息,TWD,52.22
202412,AA1,26202396,第一金創新趨勢基金-I類型,法人級別/不配息,TWD,0
202412,AA1,73989002,第一金小型精選基金,不分級別/不配息,TWD,81.99
202412,AA1,88271077,第一金台灣核心戰略建設基金-累積型-新臺幣(本基金配息來源可能為本金),其他級別/不配息,TWD,15.17
202412,AA1,88271077,第一金台灣核心戰略建設基金-配息型-新臺幣(本基金配息來源可能為本金),其他級別/配息,TWD,13.17
202412,AA1,88271077,第一金台灣核心戰略建設基金-累積型-新臺幣-N,後收級別/不配息,TWD,15.17
202412,AA1,88271077,第一金台灣核心戰略建設基金-配息型-新臺幣-N(本基金配息來源可能為本金),後收級別/配息,TWD,13.21
202412,AA1,01031298,匯豐龍鳳基金-A類型,其他級別/不配息,TWD,128.49
202412,AA1,01031298,匯豐龍鳳基金-I類型,法人級別/不配息,TWD,113.68
202412,AA1,01031298,匯豐龍鳳基金-R類型,退休級別/不配息,TWD,130.19
202412,AA1,73987671,匯豐台灣精典基金,不分級別/不配息,TWD,59.38
202412,AA1,76941376,匯豐成功基金,不分級別/不配息,TWD,52.46
202412,AA1,92017794,匯豐龍騰電子基金,不分級別/不配息,TWD,92.04
202412,AA1,00974066,元大2001基金,不分級別/不配息,TWD,155.73
202412,AA1,01032058,元大多福基金,不分級別/不配息,TWD,114.09
202412,AA1,17139204,元大新主流基金,不分級別/不配息,TWD,58.31
202412,AA1,20080023,元大店頭基金,不分級別/不配息,TWD,21.08
202412,AA1,76959044,元大台灣高股息優質龍頭基金-新台幣A類型不配息(本基金之配息來源可能為收益平準金且並無保證收益及配息),其他級別/不配息,TWD,18.66
202412,AA1,76959044,元大台灣高股息優質龍頭基金-新台幣B類型配息(本基金之配息來源可能為收益平準金且並無保證收益及配息),其他級別/,TWD,11.9
202412,AA1,76959044,元大台灣高股息優質龍頭基金-新台幣I類型累積級別(本基金之配息來源可能為收益平準金且並無保證收益及配息),法人級別/不配息,TWD,18.75
202412,AA1,76959044,元大台灣高股息優質龍頭基金-新台幣I類型配息級別(本基金之配息來源可能為收益平準金且並無保證收益及配息),法人級別/,TWD,12.47
202412,AA1,76959044,元大台灣高股息優質龍頭基金-新台幣R類型(本基金之配息來源可能為收益平準金且並無保證收益及配息),退休級別/不配息,TWD,18.66
202412,AA1,81584335,元大高科技基金,不分級別/不配息,TWD,41.03
202412,AA1,83863951,元大經貿基金,不分級別/不配息,TWD,66.08
202412,AA1,92001765,元大多多基金,不分級別/不配息,TWD,40.43
202412,AA1,92026219,元大卓越基金,不分級別/不配息,TWD,75.45
202412,AA1,17140568,景順主流基金,不分級別/不配息,TWD,42.16
202412,AA1,73989256,景順台灣科技基金,不分級別/不配息,TWD,75.72
202412,AA1,92019786,景順潛力基金,不分級別/不配息,TWD,61.05
202412,AA1,81595924,瀚亞中小型股基金,不分級別/不配息,TWD,57.38
202412,AA1,92003102,瀚亞高科技基金,不分級別/不配息,TWD,232.25
202412,AA1,92012572,瀚亞外銷基金,不分級別/不配息,TWD,105.12
202412,AA1,97990696,瀚亞菁華基金,不分級別/不配息,TWD,57.49
202412,AA1,01032183,PGIM保德信高成長基金,不分級別/不配息,TWD,228
202412,AA1,17602625,PGIM保德信新世紀基金,其他級別/不配息,TWD,16.95
202412,AA1,17602625,PGIM保德信新世紀基金-R級別,退休級別/不配息,TWD,11.58
202412,AA1,73990649,PGIM保德信科技島基金,不分級別/不配息,TWD,70
202412,AA1,83866508,PGIM保德信中小型股基金,不分級別/不配息,TWD,114.25
202412,AA1,92013967,PGIM保德信金滿意基金,其他級別/不配息,TWD,95.63
202412,AA1,92013967,PGIM保德信金滿意基金-R級別,退休級別/不配息,TWD,14.16
202412,AA1,97988636,PGIM保德信店頭市場基金,不分級別/不配息,TWD,77.63
202412,AA1,01031699,統一全天候基金-A類型,其他級別/不配息,TWD,317.95
202412,AA1,01031699,統一全天候基金-I類型,法人級別/不配息,TWD,330.35
202412,AA1,17605622,統一大滿貫基金-A類型,其他級別/不配息,TWD,91.24
202412,AA1,17605622,統一大滿貫基金-I類型,法人級別/不配息,TWD,91.24
202412,AA1,48934304,統一台灣動力基金,不分級別/不配息,TWD,70.29
202412,AA1,73990253,統一奔騰基金,不分級別/不配息,TWD,269.96
202412,AA1,77537493,統一統信基金,不分級別/不配息,TWD,100.84
202412,AA1,81581724,統一經建基金,不分級別/不配息,TWD,140.81
202412,AA1,92002244,統一黑馬基金,不分級別/不配息,TWD,231.42
202412,AA1,92012762,統一龍馬基金,不分級別/不配息,TWD,198.61
202412,AA1,93110333,統一台灣高息優選基金-累積型,其他級別/不配息,TWD,13.67
202412,AA1,93110333,統一台灣高息優選基金-月配型(基金之配息來源可能為本金及收益平準金),其他級別/,TWD,12.87
202412,AA1,97977878,統一中小基金,不分級別/不配息,TWD,73.24
202412,AA1,00974018,富邦基金A類型,其他級別/,TWD,31.14
202412,AA1,00974018,富邦基金I類型,法人級別/不配息,TWD,49.01
202412,AA1,17148301,富邦台灣心基金,不分級別/不配息,TWD,72.89
202412,AA1,20089755,富邦精銳中小基金,不分級別/,TWD,41.45
202412,AA1,81585475,富邦高成長基金,不分級別/不配息,TWD,76.45
202412,AA1,83864683,富邦科技基金,不分級別/不配息,TWD,80.82
202412,AA1,88095396,富邦台灣高股息基金-A類型,其他級別/不配息,TWD,19.04
202412,AA1,88095396,富邦台灣高股息基金-B類型,其他級別/,TWD,15.19
202412,AA1,92002384,富邦精準基金,不分級別/,TWD,162.48
202412,AA1,92010477,富邦長紅基金,不分級別/,TWD,193.53
202412,AA1,01032162,摩根台灣增長基金,不分級別/配息,TWD,99.24
202412,AA1,25636367,摩根台灣金磚基金-累積型,其他級別/不配息,TWD,48.03
202412,AA1,25636367,摩根台灣金磚基金-機構法人型,法人級別/不配息,TWD,10
202412,AA1,25636367,摩根台灣金磚基金-數位型,其他級別/不配息,TWD,15.42
202412,AA1,73989501,摩根中小基金,不分級別/不配息,TWD,55.6
202412,AA1,92012025,摩根新興科技基金-一般型,其他級別/配息,TWD,149.36
202412,AA1,92012025,摩根新興科技基金-數位型,其他級別/不配息,TWD,16.83
202412,AA1,00973762,華南永昌永昌基金,不分級別/不配息,TWD,48.22
202412,AA1,93150600,華南永昌未來科技基金,不分級別/不配息,TWD,10.88
202412,AA1,00974241,新光台灣富貴基金,不分級別/不配息,TWD,70.49
202412,AA1,13986924,新光大三通基金,不分級別/不配息,TWD,61.08
202412,AA1,73998071,新光店頭基金,不分級別/不配息,TWD,71.95
202412,AA1,81585242,新光創新科技基金,不分級別/不配息,TWD,41.91
202412,AA1,88316721,新光臺灣高股息基金(A累)新台幣,其他級別/不配息,TWD,14.25
202412,AA1,88316721,新光臺灣高股息基金(B配)新台幣,其他級別/,TWD,12.86
202412,AA1,19339782,群益創新科技基金,其他級別/不配息,TWD,71.02
202412,AA1,19339782,群益創新科技基金N類型,後收級別/不配息,TWD,71.03
202412,AA1,20081352,群益店頭市場基金,其他級別/不配息,TWD,174.16
202412,AA1,20081352,群益店頭市場基金N-新台幣,後收級別/不配息,TWD,174.21
202412,AA1,48675778,群益奧斯卡基金,不分級別/不配息,TWD,62.26
202412,AA1,48749899,群益葛萊美基金,不分級別/不配息,TWD,57.96
202412,AA1,81591434,群益長安基金,不分級別/不配息,TWD,76.28
202412,AA1,92028997,群益中小型股基金,不分級別/不配息,TWD,93.67
202412,AA1,97984293,群益馬拉松基金,其他級別/不配息,TWD,214.19
202412,AA1,97984293,群益馬拉松基金I類型,法人級別/不配息,TWD,0
202412,AA1,97984293,群益馬拉松基金N-新台幣,後收級別/不配息,TWD,214.19
202412,AA1,18033138,台中銀數位時代基金A(累積型-新台幣),其他級別/不配息,TWD,98.19
202412,AA1,18033138,台中銀數位時代基金B(配息型-新台幣)(本基金配息來源可能為本金),其他級別/,TWD,10.04
202412,AA1,88315292,台中銀台灣優息基金A(累積型-新台幣),其他級別/不配息,TWD,19.45
202412,AA1,88315292,台中銀台灣優息基金B(配息型-新台幣),其他級別/,TWD,16.74
202412,AA1,88315292,台中銀台灣優息基金C(累積後收型-新台幣),後收級別/不配息,TWD,19.47
202412,AA1,88315292,台中銀台灣優息基金N(配息後收型-新台幣),後收級別/,TWD,16.81
202412,AA1,97972846,台中銀大發基金A(累積型-新台幣),其他級別/不配息,TWD,72.18
202412,AA1,97972846,台中銀大發基金B(配息型-新台幣)(本基金配息來源可能為本金),其他級別/,TWD,10.01
202412,AA1,97997635,聯博大利基金,不分級別/不配息,TWD,91.53
202412,AA1,17147078,日盛精選五虎基金,不分級別/不配息,TWD,99.14
202412,AA1,17607591,日盛高科技基金,不分級別/不配息,TWD,39.82
202412,AA1,20084317,日盛日盛基金,不分級別/,TWD,15.23
202412,AA1,26273336,日盛MIT主流基金,不分級別/不配息,TWD,57.57
202412,AA1,48948481,日盛首選基金,不分級別/不配息,TWD,40.77
202412,AA1,73988876,日盛小而美基金,不分級別/不配息,TWD,46.23
202412,AA1,81584975,日盛上選基金(A類型),其他級別/不配息,TWD,111.75
202412,AA1,81584975,日盛上選基金(N類型),後收級別/不配息,TWD,111.77
202412,AA1,88175551,日盛台灣永續成長股息基金,不分級別/不配息,TWD,20.06
202412,AA1,94991068,日盛新台商基金,不分級別/不配息,TWD,129.81
202412,AA1,20094820,柏瑞巨人基金-A類型,其他級別/不配息,TWD,26.38
202412,AA1,20094820,柏瑞巨人基金-I類型,法人級別/不配息,TWD,0
202412,AA1,17608487,復華數位經濟基金,不分級別/不配息,TWD,92.05
202412,AA1,18488279,復華中小精選基金,不分級別/不配息,TWD,163.36
202412,AA1,21759676,復華全方位基金,不分級別/不配息,TWD,72.15
202412,AA1,73998086,復華高成長基金,不分級別/不配息,TWD,161.94
202412,AA1,81587889,復華復華基金,不分級別/不配息,TWD,44.68
202412,AA1,88122295,復華台灣好收益基金,不分級別/,TWD,11.47
202412,AA1,93212009,復華台灣科技高股息基金A類型(本基金並無保證收益及配息),其他級別/不配息,TWD,9.88
202412,AA1,93212009,復華台灣科技高股息基金B類型(基金之配息來源可能為本金及收益平準金且本基金並無保證收益及配息),其他級別/,TWD,9.52
202412,AA1,13998344,永豐中小基金-A類型,其他級別/不配息,TWD,114.47
202412,AA1,13998344,永豐中小基金-I類型,法人級別/不配息,TWD,114.47
202412,AA1,73992013,永豐領航科技基金,不分級別/不配息,TWD,65.77
202412,AA1,77074486,永豐臺灣ESG永續優選基金-A累積類型,其他級別/不配息,TWD,20.81
202412,AA1,77074486,永豐臺灣ESG永續優選基金-A年配類型,其他級別/,TWD,16.02
202412,AA1,77074486,永豐臺灣ESG永續優選基金-I類型,法人級別/不配息,TWD,20.81
202412,AA1,81594690,永豐永豐基金-A類型,其他級別/不配息,TWD,63.28
202412,AA1,81594690,永豐永豐基金-I類型,法人級別/不配息,TWD,63.28
202412,AA1,81594690,永豐永豐基金-R類型,退休級別/不配息,TWD,64.68
202412,AA1,48893417,中國信託台灣活力基金,不分級別/不配息,TWD,22.29
202412,AA1,17144889,宏利台灣動力基金A類型,其他級別/不配息,TWD,85.17
202412,AA1,17144889,宏利台灣動力基金I類型,法人級別/不配息,TWD,89.12
202412,AA1,73982057,宏利臺灣股息收益基金A類型,其他級別/不配息,TWD,70.23
202412,AA1,19330712,貝萊德寶利基金,不分級別/不配息,TWD,70.5
202412,AA1,00968493,野村鴻運基金,不分級別/不配息,TWD,83.1
202412,AA1,00988316,野村台灣運籌基金,不分級別/不配息,TWD,135.19
202412,AA1,01031564,野村積極成長基金,不分級別/不配息,TWD,53.67
202412,AA1,17146752,野村成長基金,不分級別/不配息,TWD,127.15
202412,AA1,17600534,野村高科技基金,不分級別/不配息,TWD,40.52
202412,AA1,18037937,野村ｅ科技基金,不分級別/不配息,TWD,72.76
202412,AA1,18488469,野村中小基金-累積類型,其他級別/不配息,TWD,186.2
202412,AA1,18488469,野村中小基金-S類型,法人級別/不配息,TWD,21.6
202412,AA1,19330754,野村優質基金-累積類型新臺幣計價,其他級別/不配息,TWD,153
202412,AA1,19330754,野村優質基金-S類型新臺幣計價,法人級別/不配息,TWD,43.36
202412,AA1,99973878,野村台灣高股息基金-累積類型(本基金並無保證收益),其他級別/不配息,TWD,75.72
202412,AA1,99973878,野村台灣高股息基金-S類型(本基金並無保證收益),法人級別/不配息,TWD,10.22
202412,AA1,99973878,野村台灣高股息基金-月配類型(本基金之配息來源可能為本金且並無保證收益及配息),其他級別/配息,TWD,10.13
202412,AA1,17597236,聯邦精選科技基金-A累積型(新臺幣),其他級別/不配息,TWD,35.06
202412,AA1,17597236,聯邦精選科技基金-NA累積型(新臺幣),後收級別/不配息,TWD,10.38
202412,AA1,18496290,聯邦中國龍基金-A累積型(新臺幣),其他級別/不配息,TWD,62.53
202412,AA1,18496290,聯邦中國龍基金-NA累積型(新臺幣),後收級別/不配息,TWD,10
202412,AA1,17604124,安聯台灣大壩基金-A類型-新臺幣,其他級別/不配息,TWD,104.07
202412,AA1,17604124,安聯台灣大壩基金-G類型-新臺幣,法人級別/不配息,TWD,32.32
202412,AA1,18480065,安聯台灣科技基金,不分級別/不配息,TWD,229.24
202412,AA1,48997911,安聯台灣智慧基金,不分級別/不配息,TWD,142.31
202412,AA1,01031874,國泰小龍基金-新台幣,其他級別/不配息,TWD,41.86
202412,AA1,01031874,國泰小龍基金-美元I,法人級別/不配息,USD,41.8592
202412,AA1,01031874,國泰小龍基金-新台幣R,退休級別/不配息,TWD,42.18
202412,AA1,14705562,國泰科技生化基金,不分級別/不配息,TWD,104.41
202412,AA1,17612497,國泰國泰基金-新台幣A,其他級別/不配息,TWD,73.23
202412,AA1,17612497,國泰國泰基金-新台幣I,法人級別/不配息,TWD,73.23
202412,AA1,18043059,國泰中小成長基金-新台幣,其他級別/不配息,TWD,135.07
202412,AA1,18043059,國泰中小成長基金-美元I,法人級別/不配息,USD,135.0693
202412,AA1,19291128,國泰大中華基金,不分級別/不配息,TWD,61.68
202412,AA1,88090934,國泰台灣高股息傘型基金之台灣高股息基金-新台幣A(不配息),其他級別/不配息,TWD,31.81
202412,AA1,88090934,國泰台灣高股息傘型基金之台灣高股息基金-新台幣B(配息),其他級別/,TWD,24.28
202412,AA1,13984165,富達台灣成長基金,不分級別/不配息,TWD,81.35
202412,AA1,18499732,德銀遠東DWS台灣旗艦基金,不分級別/不配息,TWD,51.29
202412,AA1,13539952,凱基開創基金,不分級別/不配息,TWD,70.32
202412,AA1,25612029,凱基台灣精五門基金,不分級別/不配息,TWD,60.51
202412,AA1,48948834,施羅德台灣樂活中小基金-A類型,其他級別/不配息,TWD,58.32
202412,AA1,48948834,施羅德台灣樂活中小基金-I類型,法人級別/不配息,TWD,14727.1
202412,AA1,48948834,施羅德台灣樂活中小基金-C類型,其他級別/不配息,TWD,3000
202412,AA1,14694495,街口台灣基金,不分級別/不配息,TWD,59
202412,AA1,80892778,街口中小型基金,不分級別/不配息,TWD,58.77
202412,AA1,15733973,富蘭克林華美第一富基金,不分級別/不配息,TWD,110.44
202412,AA1,26310297,富蘭克林華美台股傘型基金之高科技基金,不分級別/不配息,TWD,67.95
202412,AA1,17602821,台新2000高科技基金,其他級別/不配息,TWD,96.64
202412,AA1,17602821,台新2000高科技基金(法人),法人級別/不配息,TWD,98.09
202412,AA1,48858663,台新主流基金,不分級別/不配息,TWD,62.68
202412,AA1,80894446,台新中國通基金,不分級別/不配息,TWD,144.29
202412,AA1,81588536,台新台灣中小基金,不分級別/不配息,TWD,109.29
202412,AA1,26320632,合庫台灣基金－A類（累積型）台幣,其他級別/不配息,TWD,26.66
202412,AA1,26320632,合庫台灣基金－B類（分配型）台幣(本基金之配息來源可能為本金),其他級別/,TWD,11.66
202412,AA1,77713842,合庫台灣高科技基金,不分級別/不配息,TWD,21.82
202412,AA1,42532205,路博邁台灣5G股票基金T累積級別(新臺幣),其他級別/不配息,TWD,32.18
202412,AA1,42532205,路博邁台灣5G股票基金T月配級別(新臺幣)(基金之配息來源可能為本金),其他級別/,TWD,21.98
202412,AA1,42532205,路博邁台灣5G股票基金N累積級別(新臺幣),後收級別/不配息,TWD,25.86
202412,AA1,42532205,路博邁台灣5G股票基金N月配級別(新臺幣)(基金之配息來源可能為本金),後收級別/,TWD,26.98
202503,AA1,00965469,兆豐第一基金,不分級別/不配息,TWD,25.73
202503,AA1,01050148,兆豐國民基金,不分級別/,TWD,37.74
202503,AA1,10341837,兆豐豐台灣基金,不分級別/不配息,TWD,61.32
202503,AA1,73991751,兆豐電子基金,不分級別/不配息,TWD,64.31
202503,AA1,88090408,兆豐台灣先進通訊基金,不分級別/不配息,TWD,17.9
202503,AA1,88198077,兆豐台灣金傳精選股息基金-累積型,其他級別/不配息,TWD,9.6
202503,AA1,88198077,兆豐台灣金傳精選股息基金-後收型,後收級別/不配息,TWD,9.6
202503,AA1,19341318,第一金電子基金,不分級別/不配息,TWD,75.08
202503,AA1,20092528,第一金店頭市場基金,不分級別/不配息,TWD,15.6
202503,AA1,26202396,第一金創新趨勢基金-A類型,其他級別/不配息,TWD,43.84
202503,AA1,26202396,第一金創新趨勢基金-I類型,法人級別/不配息,TWD,0
202503,AA1,73989002,第一金小型精選基金,不分級別/不配息,TWD,71.35
202503,AA1,88271077,第一金台灣核心戰略建設基金-累積型-新臺幣(本基金配息來源可能為本金),其他級別/不配息,TWD,13.07
202503,AA1,88271077,第一金台灣核心戰略建設基金-配息型-新臺幣(本基金配息來源可能為本金),其他級別/配息,TWD,11.12
202503,AA1,88271077,第一金台灣核心戰略建設基金-累積型-新臺幣-N,後收級別/不配息,TWD,13.07
202503,AA1,88271077,第一金台灣核心戰略建設基金-配息型-新臺幣-N(本基金配息來源可能為本金),後收級別/配息,TWD,11.16
202503,AA1,01031298,匯豐龍鳳基金-A類型,其他級別/不配息,TWD,105.35
202503,AA1,01031298,匯豐龍鳳基金-I類型,法人級別/不配息,TWD,99.77
202503,AA1,01031298,匯豐龍鳳基金-R類型,退休級別/不配息,TWD,106.85
202503,AA1,73987671,匯豐台灣精典基金,不分級別/不配息,TWD,46.66
202503,AA1,76941376,匯豐成功基金,不分級別/不配息,TWD,49.6
202503,AA1,92017794,匯豐龍騰電子基金,不分級別/不配息,TWD,73.21
202503,AA1,00974066,元大2001基金,不分級別/不配息,TWD,125.51
202503,AA1,01032058,元大多福基金,不分級別/不配息,TWD,90.75
202503,AA1,17139204,元大新主流基金,不分級別/不配息,TWD,47.31
202503,AA1,20080023,元大店頭基金,不分級別/不配息,TWD,16.95
202503,AA1,76959044,元大台灣高股息優質龍頭基金-新台幣A類型不配息(本基金之配息來源可能為收益平準金且並無保證收益及配息),其他級別/不配息,TWD,17.56
202503,AA1,76959044,元大台灣高股息優質龍頭基金-新台幣B類型配息(本基金之配息來源可能為收益平準金且並無保證收益及配息),其他級別/,TWD,10.57
202503,AA1,76959044,元大台灣高股息優質龍頭基金-新台幣I類型累積級別(本基金之配息來源可能為收益平準金且並無保證收益及配息),法人級別/不配息,TWD,17.66
202503,AA1,76959044,元大台灣高股息優質龍頭基金-新台幣I類型配息級別(本基金之配息來源可能為收益平準金且並無保證收益及配息),法人級別/,TWD,11.09
202503,AA1,76959044,元大台灣高股息優質龍頭基金-新台幣R類型(本基金之配息來源可能為收益平準金且並無保證收益及配息),退休級別/不配息,TWD,17.56
202503,AA1,81584335,元大高科技基金,不分級別/不配息,TWD,32.9
202503,AA1,83863951,元大經貿基金,不分級別/不配息,TWD,54.38
202503,AA1,92001765,元大多多基金,不分級別/不配息,TWD,33.41
202503,AA1,92026219,元大卓越基金,不分級別/不配息,TWD,65.02
202503,AA1,17140568,景順主流基金,不分級別/不配息,TWD,37.8
202503,AA1,73989256,景順台灣科技基金,不分級別/不配息,TWD,67.5
202503,AA1,92019786,景順潛力基金,不分級別/不配息,TWD,55.2
202503,AA1,81595924,瀚亞中小型股基金,不分級別/不配息,TWD,45.49
202503,AA1,92003102,瀚亞高科技基金,不分級別/不配息,TWD,197.77
202503,AA1,92012572,瀚亞外銷基金,不分級別/不配息,TWD,87.15
202503,AA1,97990696,瀚亞菁華基金,不分級別/不配息,TWD,46.72
202503,AA1,01032183,PGIM保德信高成長基金,不分級別/不配息,TWD,189.22
202503,AA1,17602625,PGIM保德信新世紀基金,其他級別/不配息,TWD,15.68
202503,AA1,17602625,PGIM保德信新世紀基金-R級別,退休級別/不配息,TWD,10.73
202503,AA1,73990649,PGIM保德信科技島基金,不分級別/不配息,TWD,57.84
202503,AA1,83866508,PGIM保德信中小型股基金,不分級別/不配息,TWD,95.5
202503,AA1,92013967,PGIM保德信金滿意基金,其他級別/不配息,TWD,79.43
202503,AA1,92013967,PGIM保德信金滿意基金-R級別,退休級別/不配息,TWD,11.78
202503,AA1,97988636,PGIM保德信店頭市場基金,不分級別/不配息,TWD,64.49
202503,AA1,01031699,統一全天候基金-A類型,其他級別/不配息,TWD,259.01
202503,AA1,01031699,統一全天候基金-I類型,法人級別/不配息,TWD,269.51
202503,AA1,17605622,統一大滿貫基金-A類型,其他級別/不配息,TWD,74.7
202503,AA1,17605622,統一大滿貫基金-I類型,法人級別/不配息,TWD,74.7
202503,AA1,48934304,統一台灣動力基金,不分級別/不配息,TWD,57.6
202503,AA1,73990253,統一奔騰基金,不分級別/不配息,TWD,216.16
202503,AA1,77537493,統一統信基金,不分級別/不配息,TWD,80.78
202503,AA1,81581724,統一經建基金,不分級別/不配息,TWD,114.86
202503,AA1,92002244,統一黑馬基金,不分級別/不配息,TWD,188.28
202503,AA1,92012762,統一龍馬基金,不分級別/不配息,TWD,161.59
202503,AA1,93110333,統一台灣高息優選基金-累積型,其他級別/不配息,TWD,11.72
202503,AA1,93110333,統一台灣高息優選基金-月配型(本基金並無保證收益及配息，配息來源可能為本金及收益平準金),其他級別/,TWD,10.81
202503,AA1,97977878,統一中小基金,不分級別/不配息,TWD,55.19
202503,AA1,00974018,富邦基金A類型,其他級別/,TWD,25.06
202503,AA1,00974018,富邦基金I類型,法人級別/不配息,TWD,39.5
202503,AA1,17148301,富邦台灣心基金,不分級別/不配息,TWD,62.08
202503,AA1,20089755,富邦精銳中小基金,不分級別/,TWD,33.91
202503,AA1,81585475,富邦高成長基金,不分級別/不配息,TWD,66.77
202503,AA1,83864683,富邦科技基金,不分級別/不配息,TWD,64.46
202503,AA1,88095396,富邦台灣高股息基金-A類型,其他級別/不配息,TWD,16.91
202503,AA1,88095396,富邦台灣高股息基金-B類型,其他級別/,TWD,12.84
202503,AA1,92002384,富邦精準基金,不分級別/,TWD,130.17
202503,AA1,92010477,富邦長紅基金,不分級別/,TWD,157.18
202503,AA1,01032162,摩根台灣增長基金,不分級別/配息,TWD,90.91
202503,AA1,25636367,摩根台灣金磚基金-累積型,其他級別/不配息,TWD,38.88
202503,AA1,25636367,摩根台灣金磚基金-機構法人型,法人級別/不配息,TWD,10
202503,AA1,25636367,摩根台灣金磚基金-數位型,其他級別/不配息,TWD,12.51
202503,AA1,73989501,摩根中小基金,不分級別/不配息,TWD,45.49
202503,AA1,92012025,摩根新興科技基金-一般型,其他級別/配息,TWD,118.38
202503,AA1,92012025,摩根新興科技基金-數位型,其他級別/不配息,TWD,13.37
202503,AA1,00973762,華南永昌永昌基金,不分級別/不配息,TWD,41.2
202503,AA1,93150600,華南永昌未來科技基金,不分級別/不配息,TWD,9.04
202503,AA1,00974241,新光台灣富貴基金,不分級別/不配息,TWD,59.06
202503,AA1,13986924,新光大三通基金,不分級別/不配息,TWD,50.75
202503,AA1,73998071,新光店頭基金,不分級別/不配息,TWD,59.24
202503,AA1,81585242,新光創新科技基金,不分級別/不配息,TWD,34.91
202503,AA1,88316721,新光臺灣高股息基金(A累)新台幣,其他級別/不配息,TWD,14.09
202503,AA1,88316721,新光臺灣高股息基金(B配)新台幣,其他級別/,TWD,12.49
202503,AA1,19339782,群益創新科技基金,其他級別/不配息,TWD,57.36
202503,AA1,19339782,群益創新科技基金N類型,後收級別/不配息,TWD,57.36
202503,AA1,20081352,群益店頭市場基金,其他級別/不配息,TWD,149.9
202503,AA1,20081352,群益店頭市場基金N-新台幣,後收級別/不配息,TWD,149.94
202503,AA1,48675778,群益奧斯卡基金,不分級別/不配息,TWD,54.51
202503,AA1,48749899,群益葛萊美基金,不分級別/不配息,TWD,50.07
202503,AA1,81591434,群益長安基金,不分級別/不配息,TWD,65.58
202503,AA1,92028997,群益中小型股基金,不分級別/不配息,TWD,72.71
202503,AA1,97984293,群益馬拉松基金,其他級別/不配息,TWD,186.23
202503,AA1,97984293,群益馬拉松基金I類型,法人級別/不配息,TWD,0
202503,AA1,97984293,群益馬拉松基金N-新台幣,後收級別/不配息,TWD,186.24
202503,AA1,18033138,台中銀數位時代基金A(累積型-新台幣),其他級別/不配息,TWD,90.48
202503,AA1,18033138,台中銀數位時代基金B(配息型-新台幣)(本基金配息來源可能為本金),其他級別/,TWD,9.25
202503,AA1,88315292,台中銀台灣優息基金A(累積型-新台幣),其他級別/不配息,TWD,18.02
202503,AA1,88315292,台中銀台灣優息基金B(配息型-新台幣),其他級別/,TWD,15.24
202503,AA1,88315292,台中銀台灣優息基金C(累積後收型-新台幣),後收級別/不配息,TWD,18.04
202503,AA1,88315292,台中銀台灣優息基金N(配息後收型-新台幣),後收級別/,TWD,15.3
202503,AA1,97972846,台中銀大發基金A(累積型-新台幣),其他級別/不配息,TWD,65.59
202503,AA1,97972846,台中銀大發基金B(配息型-新台幣)(本基金配息來源可能為本金),其他級別/,TWD,9.1
202503,AA1,97997635,聯博大利基金,不分級別/不配息,TWD,77.31
202503,AA1,17147078,日盛精選五虎基金,不分級別/不配息,TWD,83.22
202503,AA1,17607591,日盛高科技基金,不分級別/不配息,TWD,32.87
202503,AA1,20084317,日盛日盛基金,不分級別/,TWD,12.36
202503,AA1,26273336,日盛MIT主流基金,不分級別/不配息,TWD,45.96
202503,AA1,48948481,日盛首選基金,不分級別/不配息,TWD,33.69
202503,AA1,73988876,日盛小而美基金,不分級別/不配息,TWD,35.24
202503,AA1,81584975,日盛上選基金(A類型),其他級別/不配息,TWD,88.8
202503,AA1,81584975,日盛上選基金(N類型),後收級別/不配息,TWD,88.82
202503,AA1,88175551,日盛台灣永續成長股息基金,不分級別/不配息,TWD,16.09
202503,AA1,94991068,日盛新台商基金,不分級別/不配息,TWD,105.58
202503,AA1,20094820,柏瑞巨人基金-A類型,其他級別/不配息,TWD,21.72
202503,AA1,20094820,柏瑞巨人基金-I類型,法人級別/不配息,TWD,0
202503,AA1,17608487,復華數位經濟基金,不分級別/不配息,TWD,74.75
202503,AA1,18488279,復華中小精選基金,不分級別/不配息,TWD,131.84
202503,AA1,21759676,復華全方位基金,不分級別/不配息,TWD,58.8
202503,AA1,73998086,復華高成長基金,不分級別/不配息,TWD,128.96
202503,AA1,81587889,復華復華基金,不分級別/不配息,TWD,36.33
202503,AA1,88122295,復華台灣好收益基金,不分級別/,TWD,8.86
202503,AA1,93212009,復華台灣科技高股息基金A類型(本基金並無保證收益及配息),其他級別/不配息,TWD,9.05
202503,AA1,93212009,復華台灣科技高股息基金B類型(基金之配息來源可能為本金及收益平準金且本基金並無保證收益及配息),其他級別/,TWD,8.6
202503,AA1,13998344,永豐中小基金-A類型,其他級別/不配息,TWD,93.3
202503,AA1,13998344,永豐中小基金-I類型,法人級別/不配息,TWD,93.3
202503,AA1,73992013,永豐領航科技基金,不分級別/不配息,TWD,53.3
202503,AA1,77074486,永豐臺灣ESG永續優選基金-A累積類型,其他級別/不配息,TWD,19.22
202503,AA1,77074486,永豐臺灣ESG永續優選基金-A年配類型,其他級別/,TWD,14.79
202503,AA1,77074486,永豐臺灣ESG永續優選基金-I類型,法人級別/不配息,TWD,19.22
202503,AA1,81594690,永豐永豐基金-A類型,其他級別/不配息,TWD,51.79
202503,AA1,81594690,永豐永豐基金-I類型,法人級別/不配息,TWD,51.79
202503,AA1,81594690,永豐永豐基金-R類型,退休級別/不配息,TWD,53.02
202503,AA1,48893417,中國信託台灣活力基金,不分級別/不配息,TWD,18.24
202503,AA1,17144889,宏利台灣動力基金A類型,其他級別/不配息,TWD,68.92
202503,AA1,17144889,宏利台灣動力基金I類型,法人級別/不配息,TWD,72.3
202503,AA1,73982057,宏利臺灣股息收益基金A類型,其他級別/不配息,TWD,62.29
202503,AA1,19330712,貝萊德寶利基金,不分級別/不配息,TWD,59.03
202503,AA1,00968493,野村鴻運基金,不分級別/不配息,TWD,64.39
202503,AA1,00988316,野村台灣運籌基金,不分級別/不配息,TWD,105.37
202503,AA1,01031564,野村積極成長基金,不分級別/不配息,TWD,43.11
202503,AA1,17146752,野村成長基金,不分級別/不配息,TWD,100.57
202503,AA1,17600534,野村高科技基金,不分級別/不配息,TWD,32.46
202503,AA1,18037937,野村ｅ科技基金,不分級別/不配息,TWD,58.26
202503,AA1,18488469,野村中小基金-累積類型,其他級別/不配息,TWD,148.59
202503,AA1,18488469,野村中小基金-S類型,法人級別/不配息,TWD,17.29
202503,AA1,19330754,野村優質基金-累積類型新臺幣計價,其他級別/不配息,TWD,122.66
202503,AA1,19330754,野村優質基金-S類型新臺幣計價,法人級別/不配息,TWD,34.81
202503,AA1,99973878,野村台灣高股息基金-累積類型(本基金並無保證收益),其他級別/不配息,TWD,71.22
202503,AA1,99973878,野村台灣高股息基金-S類型(本基金並無保證收益),法人級別/不配息,TWD,9.63
202503,AA1,99973878,野村台灣高股息基金-月配類型(本基金之配息來源可能為本金且並無保證收益及配息),其他級別/,TWD,9.42
202503,AA1,17597236,聯邦精選科技基金-A累積型(新臺幣),其他級別/不配息,TWD,29.09
202503,AA1,17597236,聯邦精選科技基金-NA累積型(新臺幣),後收級別/不配息,TWD,8.61
202503,AA1,18496290,聯邦中國龍基金-A累積型(新臺幣),其他級別/不配息,TWD,55.43
202503,AA1,18496290,聯邦中國龍基金-NA累積型(新臺幣),後收級別/不配息,TWD,10
202503,AA1,17604124,安聯台灣大壩基金-A類型-新臺幣,其他級別/不配息,TWD,87.13
202503,AA1,17604124,安聯台灣大壩基金-G類型-新臺幣,法人級別/不配息,TWD,27.12
202503,AA1,18480065,安聯台灣科技基金,不分級別/不配息,TWD,187.62
202503,AA1,48997911,安聯台灣智慧基金,不分級別/不配息,TWD,116.78
202503,AA1,01031874,國泰小龍基金-新台幣,其他級別/不配息,TWD,32.48
202503,AA1,01031874,國泰小龍基金-美元I,法人級別/不配息,USD,32.48
202503,AA1,01031874,國泰小龍基金-新台幣R,退休級別/不配息,TWD,32.74
202503,AA1,14705562,國泰科技生化基金,不分級別/不配息,TWD,81.31
202503,AA1,17612497,國泰國泰基金-新台幣A,其他級別/不配息,TWD,56.54
202503,AA1,17612497,國泰國泰基金-新台幣I,法人級別/不配息,TWD,56.54
202503,AA1,18043059,國泰中小成長基金-新台幣,其他級別/不配息,TWD,104.91
202503,AA1,18043059,國泰中小成長基金-美元I,法人級別/不配息,USD,104.91
202503,AA1,19291128,國泰大中華基金,不分級別/不配息,TWD,47.06
202503,AA1,88090934,國泰台灣高股息傘型基金之台灣高股息基金-新台幣A(不配息),其他級別/不配息,TWD,27.71
202503,AA1,88090934,國泰台灣高股息傘型基金之台灣高股息基金-新台幣B(配息),其他級別/,TWD,20.78
202503,AA1,13984165,富達台灣成長基金,不分級別/不配息,TWD,67.73
202503,AA1,18499732,德銀遠東DWS台灣旗艦基金,不分級別/不配息,TWD,43.67
202503,AA1,13539952,凱基開創基金,不分級別/不配息,TWD,62.28
202503,AA1,25612029,凱基台灣精五門基金,不分級別/不配息,TWD,54.37
202503,AA1,48948834,施羅德台灣樂活中小基金-A類型,其他級別/不配息,TWD,49.31
202503,AA1,48948834,施羅德台灣樂活中小基金-I類型,法人級別/不配息,TWD,12499.77
202503,AA1,48948834,施羅德台灣樂活中小基金-C類型,其他級別/不配息,TWD,3000
202503,AA1,14694495,街口台灣基金,不分級別/不配息,TWD,45.02
202503,AA1,80892778,街口中小型基金,不分級別/不配息,TWD,44.64
202503,AA1,15733973,富蘭克林華美第一富基金,不分級別/不配息,TWD,95.79
202503,AA1,26310297,富蘭克林華美台股傘型基金之高科技基金,不分級別/不配息,TWD,56.25
202503,AA1,17602821,台新2000高科技基金,其他級別/不配息,TWD,76.11
202503,AA1,17602821,台新2000高科技基金(法人),法人級別/不配息,TWD,77.41
202503,AA1,48858663,台新主流基金,不分級別/不配息,TWD,52.23
202503,AA1,80894446,台新中國通基金,不分級別/不配息,TWD,113.88
202503,AA1,81588536,台新台灣中小基金,不分級別/不配息,TWD,92.03
202503,AA1,26320632,合庫台灣基金－A類（累積型）台幣,其他級別/不配息,TWD,22.42
202503,AA1,26320632,合庫台灣基金－B類（分配型）台幣(本基金之配息來源可能為本金),其他級別/,TWD,9.64
202503,AA1,77713842,合庫台灣高科技基金,不分級別/不配息,TWD,18.04
202503,AA1,42532205,路博邁台灣5G股票基金T累積級別(新臺幣),其他級別/不配息,TWD,27.2
202503,AA1,42532205,路博邁台灣5G股票基金T月配級別(新臺幣)(基金之配息來源可能為本金),其他級別/,TWD,18.24
202503,AA1,42532205,路博邁台灣5G股票基金N累積級別(新臺幣),後收級別/不配息,TWD,21.86
202503,AA1,42532205,路博邁台灣5G股票基金N月配級別(新臺幣)(基金之配息來源可能為本金),後收級別/,TWD,22.36
202506,AA1,00965469,兆豐第一基金,不分級別/不配息,TWD,25.68
202506,AA1,01050148,兆豐國民基金-A類別((基金之配息來源可能為收益平準金)),其他級別/,TWD,42.43
202506,AA1,01050148,兆豐國民基金-TISA類型,不配息,TWD,10
202506,AA1,10341837,兆豐豐台灣基金,不分級別/不配息,TWD,70.13
202506,AA1,73991751,兆豐電子基金,不分級別/不配息,TWD,72.33
202506,AA1,88090408,兆豐台灣先進通訊基金,不分級別/不配息,TWD,20.17
202506,AA1,88198077,兆豐台灣金傳精選股息基金-累積型,其他級別/不配息,TWD,9.29
202506,AA1,88198077,兆豐台灣金傳精選股息基金-後收型,後收級別/不配息,TWD,9.3
202506,AA1,19341318,第一金電子基金,不分級別/不配息,TWD,89.17
202506,AA1,20092528,第一金店頭市場基金,不分級別/不配息,TWD,15.95
202506,AA1,26202396,第一金創新趨勢基金-A類型,其他級別/不配息,TWD,51.49
202506,AA1,26202396,第一金創新趨勢基金-I類型,法人級別/不配息,TWD,0
202506,AA1,73989002,第一金小型精選基金,不分級別/不配息,TWD,78.8
202506,AA1,88271077,第一金台灣核心戰略建設基金-累積型-新臺幣,其他級別/不配息,TWD,14.58
202506,AA1,88271077,第一金台灣核心戰略建設基金-配息型-新臺幣(本基金配息來源可能為本金),其他級別/,TWD,12.16
202506,AA1,88271077,第一金台灣核心戰略建設基金-累積型-新臺幣-N,後收級別/不配息,TWD,14.58
202506,AA1,88271077,第一金台灣核心戰略建設基金-配息型-新臺幣-N(本基金配息來源可能為本金),後收級別/,TWD,12.19
202506,AA1,01031298,匯豐龍鳳基金-A類型,其他級別/不配息,TWD,118.69
202506,AA1,01031298,匯豐龍鳳基金-I類型,法人級別/不配息,TWD,90.87
202506,AA1,01031298,匯豐龍鳳基金-R類型,不配息,TWD,120.5
202506,AA1,73987671,匯豐台灣精典基金,不分級別/不配息,TWD,55.93
202506,AA1,76941376,匯豐成功基金,不分級別/不配息,TWD,49.36
202506,AA1,92017794,匯豐龍騰電子基金,不分級別/不配息,TWD,84.63
202506,AA1,00974066,元大2001基金,不分級別/不配息,TWD,146.29
202506,AA1,01032058,元大多福基金,不分級別/不配息,TWD,107.47
202506,AA1,17139204,元大新主流基金,不分級別/不配息,TWD,54.04
202506,AA1,20080023,元大店頭基金,不分級別/不配息,TWD,19.29
202506,AA1,76959044,元大台灣高股息優質龍頭基金-新台幣A類型不配息(本基金之配息來源可能為收益平準金且並無保證收益及配息),其他級別/不配息,TWD,18.43
202506,AA1,76959044,元大台灣高股息優質龍頭基金-新台幣B類型配息(本基金之配息來源可能為收益平準金且並無保證收益及配息),其他級別/,TWD,10.97
202506,AA1,76959044,元大台灣高股息優質龍頭基金-新台幣I類型累積級別(本基金之配息來源可能為收益平準金且並無保證收益及配息),法人級別/不配息,TWD,18.54
202506,AA1,76959044,元大台灣高股息優質龍頭基金-新台幣I類型配息級別(本基金之配息來源可能為收益平準金且並無保證收益及配息),法人級別/,TWD,10.97
202506,AA1,76959044,元大台灣高股息優質龍頭基金-新台幣R類型(本基金之配息來源可能為收益平準金且並無保證收益及配息),不配息,TWD,18.43
202506,AA1,81584335,元大高科技基金,不分級別/不配息,TWD,38.71
202506,AA1,83863951,元大經貿基金,不分級別/不配息,TWD,64.5
202506,AA1,92001765,元大多多基金,不分級別/不配息,TWD,40.24
202506,AA1,92026219,元大卓越基金,不分級別/不配息,TWD,73.33
202506,AA1,17140568,景順主流基金,不分級別/不配息,TWD,42.07
202506,AA1,73989256,景順台灣科技基金,不分級別/不配息,TWD,76.1
202506,AA1,92019786,景順潛力基金,不分級別/不配息,TWD,60.93
202506,AA1,81595924,瀚亞中小型股基金,不分級別/不配息,TWD,54.04
202506,AA1,92003102,瀚亞高科技基金,不分級別/不配息,TWD,232.14
202506,AA1,92012572,瀚亞外銷基金,不分級別/不配息,TWD,103.86
202506,AA1,97990696,瀚亞菁華基金,不分級別/不配息,TWD,55.54
202506,AA1,01032183,PGIM保德信高成長基金,其他級別/不配息,TWD,217.9
202506,AA1,01032183,PGIM保德信高成長基金-I,法人級別/不配息,TWD,0
202506,AA1,01032183,PGIM保德信高成長基金-TISA級別,不配息,TWD,0
202506,AA1,17602625,PGIM保德信新世紀基金,其他級別/不配息,TWD,15.51
202506,AA1,17602625,PGIM保德信新世紀基金-R級別,不配息,TWD,10.63
202506,AA1,73990649,PGIM保德信科技島基金,不分級別/不配息,TWD,62.65
202506,AA1,83866508,PGIM保德信中小型股基金,其他級別/不配息,TWD,107.52
202506,AA1,83866508,PGIM保德信中小型股基金-TISA級別,不配息,TWD,10
202506,AA1,92013967,PGIM保德信金滿意基金,其他級別/不配息,TWD,92.94
202506,AA1,92013967,PGIM保德信金滿意基金-R級別,不配息,TWD,13.8
202506,AA1,97988636,PGIM保德信店頭市場基金,不分級別/不配息,TWD,72.88
202506,AA1,01031699,統一全天候基金-A類型,其他級別/不配息,TWD,299.15
202506,AA1,01031699,統一全天候基金-I類型,法人級別/不配息,TWD,311.74
202506,AA1,17605622,統一大滿貫基金-A類型,其他級別/不配息,TWD,86.18
202506,AA1,17605622,統一大滿貫基金-I類型,法人級別/不配息,TWD,86.18
202506,AA1,17605622,統一大滿貫基金-TISA類型,不配息,TWD,86.18
202506,AA1,48934304,統一台灣動力基金-A類型,其他級別/不配息,TWD,67.12
202506,AA1,48934304,統一台灣動力基金-TISA類型,不配息,TWD,67.12
202506,AA1,73990253,統一奔騰基金,不分級別/不配息,TWD,258.19
202506,AA1,77537493,統一統信基金,不分級別/不配息,TWD,97.93
202506,AA1,81581724,統一經建基金,不分級別/不配息,TWD,136.73
202506,AA1,92002244,統一黑馬基金,不分級別/不配息,TWD,219.99
202506,AA1,92012762,統一龍馬基金,不分級別/不配息,TWD,186.11
202506,AA1,93110333,統一台灣高息優選基金-累積型,其他級別/不配息,TWD,13.38
202506,AA1,93110333,統一台灣高息優選基金-月配型(本基金並無保證收益及配息，配息來源可能為本金及收益平準金),其他級別/,TWD,12.1
202506,AA1,97977878,統一中小基金,不分級別/不配息,TWD,62.87
202506,AA1,00974018,富邦基金A類型,其他級別/,TWD,21.81
202506,AA1,00974018,富邦基金I類型,法人級別/不配息,TWD,44.73
202506,AA1,17147078,日盛精選五虎基金,不分級別/不配息,TWD,90.03
202506,AA1,17148301,富邦台灣心基金,不分級別/不配息,TWD,67.69
202506,AA1,17607591,日盛高科技基金,不分級別/不配息,TWD,37.52
202506,AA1,20084317,日盛日盛基金,不分級別/,TWD,14.31
202506,AA1,20089755,富邦精銳中小基金-A類型,其他級別/,TWD,40.19
202506,AA1,20089755,富邦精銳中小基金-TISA類型,不配息,TWD,0
202506,AA1,26273336,日盛MIT主流基金,不分級別/不配息,TWD,51.3
202506,AA1,48948481,日盛首選基金,不分級別/不配息,TWD,37.68
202506,AA1,73988876,日盛小而美基金,不分級別/不配息,TWD,41.98
202506,AA1,81584975,日盛上選基金(A類型),其他級別/不配息,TWD,100.33
202506,AA1,81584975,日盛上選基金(N類型),後收級別/不配息,TWD,100.35
202506,AA1,81585475,富邦高成長基金,不分級別/不配息,TWD,73.34
202506,AA1,83864683,富邦科技基金,不分級別/不配息,TWD,70.71
202506,AA1,88095396,富邦台灣高股息基金-A類型,其他級別/不配息,TWD,17.96
202506,AA1,88095396,富邦台灣高股息基金-B類型,其他級別/,TWD,13.58
202506,AA1,88175551,日盛台灣永續成長股息基金,不分級別/不配息,TWD,18.16
202506,AA1,92002384,富邦精準基金,不分級別/,TWD,147.11
202506,AA1,92010477,富邦長紅基金,不分級別/,TWD,178.65
202506,AA1,94991068,日盛新台商基金,不分級別/不配息,TWD,134.06
202506,AA1,01032162,摩根台灣增長基金,不分級別/配息,TWD,96.43
202506,AA1,25636367,摩根台灣金磚基金-累積型,其他級別/不配息,TWD,48.27
202506,AA1,25636367,摩根台灣金磚基金-機構法人型,法人級別/不配息,TWD,10
202506,AA1,25636367,摩根台灣金磚基金-數位型,其他級別/不配息,TWD,15.57
202506,AA1,73989501,摩根中小基金,不分級別/不配息,TWD,57.09
202506,AA1,92012025,摩根新興科技基金-一般型,其他級別/配息,TWD,149.8
202506,AA1,92012025,摩根新興科技基金-數位型,其他級別/不配息,TWD,16.95
202506,AA1,00973762,華南永昌永昌基金,不分級別/不配息,TWD,44.92
202506,AA1,93150600,華南永昌未來科技基金,不分級別/不配息,TWD,10.04
202506,AA1,00974241,新光台灣富貴基金,不分級別/不配息,TWD,64.13
202506,AA1,13986924,新光大三通基金,不分級別/不配息,TWD,54.62
202506,AA1,73998071,新光店頭基金,不分級別/不配息,TWD,61.88
202506,AA1,81585242,新光創新科技基金,不分級別/不配息,TWD,37.73
202506,AA1,88316721,新光臺灣高股息基金(A累)新台幣,其他級別/不配息,TWD,14.13
202506,AA1,88316721,新光臺灣高股息基金(B配)新台幣(本基金並無保證收益及配息),其他級別/,TWD,12.28
202506,AA1,19339782,群益創新科技基金,其他級別/不配息,TWD,62.97
202506,AA1,19339782,群益創新科技基金N類型,後收級別/不配息,TWD,62.97
202506,AA1,20081352,群益店頭市場基金,其他級別/不配息,TWD,147.65
202506,AA1,20081352,群益店頭市場基金N-新台幣,後收級別/不配息,TWD,147.7
202506,AA1,48675778,群益奧斯卡基金,不分級別/不配息,TWD,61.29
202506,AA1,48749899,群益葛萊美基金,不分級別/不配息,TWD,50.72
202506,AA1,81591434,群益長安基金,不分級別/不配息,TWD,76.74
202506,AA1,92028997,群益中小型股基金,不分級別/不配息,TWD,81.4
202506,AA1,97984293,群益馬拉松基金,其他級別/不配息,TWD,208.62
202506,AA1,97984293,群益馬拉松基金I類型,法人級別/不配息,TWD,0
202506,AA1,97984293,群益馬拉松基金N-新台幣,後收級別/不配息,TWD,208.65
202506,AA1,97984293,群益馬拉松基金TISA類型,不配息,TWD,0
202506,AA1,18033138,台中銀數位時代基金A(累積型-新台幣),其他級別/不配息,TWD,90.13
202506,AA1,18033138,台中銀數位時代基金B(配息型-新台幣)(本基金配息來源可能為本金),其他級別/,TWD,9.21
202506,AA1,88315292,台中銀台灣優息基金A(累積型-新台幣),其他級別/不配息,TWD,18.66
202506,AA1,88315292,台中銀台灣優息基金B(配息型-新台幣),其他級別/,TWD,15.51
202506,AA1,88315292,台中銀台灣優息基金C(累積後收型-新台幣),後收級別/不配息,TWD,18.69
202506,AA1,88315292,台中銀台灣優息基金N(配息後收型-新台幣),後收級別/,TWD,15.57
202506,AA1,97972846,台中銀大發基金A(累積型-新台幣),其他級別/不配息,TWD,69.89
202506,AA1,97972846,台中銀大發基金B(配息型-新台幣)(本基金配息來源可能為本金),其他級別/,TWD,9.7
202506,AA1,97997635,聯博大利基金,不分級別/不配息,TWD,83.93
202506,AA1,20094820,柏瑞巨人基金-A類型,其他級別/不配息,TWD,26.55
202506,AA1,20094820,柏瑞巨人基金-I類型,法人級別/不配息,TWD,0
202506,AA1,17608487,復華數位經濟基金,不分級別/不配息,TWD,85.8
202506,AA1,18488279,復華中小精選基金,不分級別/不配息,TWD,154.75
202506,AA1,21759676,復華全方位基金,不分級別/不配息,TWD,66.13
202506,AA1,73998086,復華高成長基金,不分級別/不配息,TWD,148.57
202506,AA1,81587889,復華復華基金,不分級別/不配息,TWD,42.13
202506,AA1,88122295,復華台灣好收益基金,不分級別/,TWD,10.49
202506,AA1,93212009,復華台灣科技高股息基金A類型(本基金並無保證收益及配息),其他級別/不配息,TWD,9.42
202506,AA1,93212009,復華台灣科技高股息基金B類型(基金之配息來源可能為本金及收益平準金且本基金並無保證收益及配息),其他級別/,TWD,8.82
202506,AA1,13998344,永豐中小基金-A類型,其他級別/不配息,TWD,104.73
202506,AA1,13998344,永豐中小基金-I類型,法人級別/不配息,TWD,104.73
202506,AA1,73992013,永豐領航科技基金,不分級別/不配息,TWD,60
202506,AA1,77074486,永豐臺灣ESG永續優選基金-A累積類型,其他級別/不配息,TWD,19.24
202506,AA1,77074486,永豐臺灣ESG永續優選基金-A年配類型,其他級別/,TWD,14.81
202506,AA1,77074486,永豐臺灣ESG永續優選基金-I類型,法人級別/不配息,TWD,19.24
202506,AA1,81594690,永豐永豐基金-A類型,其他級別/不配息,TWD,59.71
202506,AA1,81594690,永豐永豐基金-I類型,法人級別/不配息,TWD,59.71
202506,AA1,81594690,永豐永豐基金-R類型,不配息,TWD,61.23
202506,AA1,48893417,中國信託台灣活力基金,不分級別/不配息,TWD,21.43
202506,AA1,17144889,宏利台灣動力基金A類型,其他級別/不配息,TWD,73.03
202506,AA1,17144889,宏利台灣動力基金I類型,法人級別/不配息,TWD,76.8
202506,AA1,73982057,宏利臺灣股息收益基金A類型,其他級別/不配息,TWD,67.34
202506,AA1,19330712,貝萊德寶利基金,不分級別/不配息,TWD,66.76
202506,AA1,00968493,野村鴻運基金,不分級別/不配息,TWD,80.65
202506,AA1,00988316,野村台灣運籌基金,不分級別/不配息,TWD,131.78
202506,AA1,01031564,野村積極成長基金,不分級別/不配息,TWD,52.69
202506,AA1,17146752,野村成長基金,不分級別/不配息,TWD,122.38
202506,AA1,17600534,野村高科技基金,不分級別/不配息,TWD,41.47
202506,AA1,18037937,野村ｅ科技基金,不分級別/不配息,TWD,75.09
202506,AA1,18488469,野村中小基金-累積類型,其他級別/不配息,TWD,180.99
202506,AA1,18488469,野村中小基金-S類型,法人級別/不配息,TWD,21.11
202506,AA1,19330754,野村優質基金-累積類型新臺幣計價,其他級別/不配息,TWD,150.11
202506,AA1,19330754,野村優質基金-S類型新臺幣計價,法人級別/不配息,TWD,42.65
202506,AA1,99973878,野村台灣高股息基金-累積類型(本基金並無保證收益),其他級別/不配息,TWD,70.43
202506,AA1,99973878,野村台灣高股息基金-S類型(本基金並無保證收益),不配息,TWD,9.54
202506,AA1,99973878,野村台灣高股息基金-月配類型(本基金之配息來源可能為本金且並無保證收益及配息),其他級別/,TWD,9.19
202506,AA1,17597236,聯邦精選科技基金-A累積型(新臺幣),其他級別/不配息,TWD,33.6
202506,AA1,17597236,聯邦精選科技基金-NA累積型(新臺幣),後收級別/不配息,TWD,9.94
202506,AA1,18496290,聯邦中國龍基金-A累積型(新臺幣),其他級別/不配息,TWD,64.08
202506,AA1,18496290,聯邦中國龍基金-NA累積型(新臺幣),後收級別/不配息,TWD,10
202506,AA1,17604124,安聯台灣大壩基金-A類型-新臺幣,其他級別/不配息,TWD,97.25
202506,AA1,17604124,安聯台灣大壩基金-G類型-新臺幣,法人級別/不配息,TWD,30.35
202506,AA1,18480065,安聯台灣科技基金,不分級別/不配息,TWD,220.54
202506,AA1,48997911,安聯台灣智慧基金,不分級別/不配息,TWD,130.55
202506,AA1,01031874,國泰小龍基金-新台幣,其他級別/不配息,TWD,39.19
202506,AA1,01031874,國泰小龍基金-美元I,法人級別/不配息,USD,39.19
202506,AA1,01031874,國泰小龍基金-新台幣R,不配息,TWD,39.54
202506,AA1,14705562,國泰科技生化基金,不分級別/不配息,TWD,95.29
202506,AA1,17612497,國泰國泰基金-新台幣A,其他級別/不配息,TWD,67.53
202506,AA1,17612497,國泰國泰基金-新台幣I,法人級別/不配息,TWD,67.53
202506,AA1,18043059,國泰中小成長基金-新台幣,其他級別/不配息,TWD,125.32
202506,AA1,18043059,國泰中小成長基金-美元I,法人級別/不配息,USD,125.32
202506,AA1,19291128,國泰大中華基金,不分級別/不配息,TWD,56.34
202506,AA1,88090934,國泰台灣高股息傘型基金之台灣高股息基金-新台幣A(不配息),其他級別/不配息,TWD,30.63
202506,AA1,88090934,國泰台灣高股息傘型基金之台灣高股息基金-新台幣B(配息),其他級別/,TWD,22.52
202506,AA1,88090934,國泰台灣高股息傘型基金之台灣高股息基金-新台幣TISA,不配息,TWD,0
202506,AA1,13984165,富達台灣成長基金,不分級別/不配息,TWD,77.23
202506,AA1,18499732,德銀遠東DWS台灣旗艦基金,不分級別/不配息,TWD,50.58
202506,AA1,13539952,凱基開創基金,不分級別/不配息,TWD,67.77
202506,AA1,25612029,凱基台灣精五門基金,其他級別/不配息,TWD,58.69
202506,AA1,25612029,凱基台灣精五門基金-新臺幣TISA,不配息,TWD,0
202506,AA1,48948834,施羅德台灣樂活中小基金-A類型,其他級別/不配息,TWD,55.05
202506,AA1,48948834,施羅德台灣樂活中小基金-I類型,法人級別/不配息,TWD,14012.57
202506,AA1,48948834,施羅德台灣樂活中小基金-C類型,其他級別/不配息,TWD,3000
202506,AA1,48948834,施羅德台灣樂活中小基金-TISA類型,不配息,TWD,0
202506,AA1,14694495,街口台灣基金,不分級別/不配息,TWD,56.75
202506,AA1,80892778,街口中小型基金,不分級別/不配息,TWD,56.26
202506,AA1,15733973,富蘭克林華美第一富基金,不分級別/不配息,TWD,104.28
202506,AA1,26310297,富蘭克林華美台股傘型基金之高科技基金,不分級別/不配息,TWD,66.71
202506,AA1,17602821,台新2000高科技基金,其他級別/不配息,TWD,93.82
202506,AA1,17602821,台新2000高科技基金(法人),法人級別/不配息,TWD,95.61
202506,AA1,48858663,台新主流基金,不分級別/不配息,TWD,58.16
202506,AA1,80894446,台新中國通基金,不分級別/不配息,TWD,135.8
202506,AA1,81588536,台新台灣中小基金,不分級別/不配息,TWD,104.54
202506,AA1,26320632,合庫台灣基金－A類（累積型）台幣,其他級別/不配息,TWD,25.93
202506,AA1,26320632,合庫台灣基金－B類（分配型）台幣(本基金之配息來源可能為本金),其他級別/,TWD,10.94
202506,AA1,77713842,合庫台灣高科技基金,不分級別/不配息,TWD,20.91
202506,AA1,42532205,路博邁台灣5G股票基金T累積級別(新臺幣),其他級別/不配息,TWD,31.15
202506,AA1,42532205,路博邁台灣5G股票基金T月配級別(新臺幣)(基金之配息來源可能為本金),其他級別/,TWD,20.58
202506,AA1,42532205,路博邁台灣5G股票基金N累積級別(新臺幣),後收級別/不配息,TWD,25.04
202506,AA1,42532205,路博邁台灣5G股票基金N月配級別(新臺幣)(基金之配息來源可能為本金),後收級別/,TWD,25.2
202509,AA1,00965469,兆豐第一基金,不分級別/不配息,TWD,31.1
202509,AA1,01050148,兆豐國民基金-A類別((基金之配息來源可能為收益平準金)),其他級別/,TWD,52.26
202509,AA1,01050148,兆豐國民基金-TISA類型,不配息,TWD,12.04
202509,AA1,10341837,兆豐豐台灣基金,不分級別/不配息,TWD,91.48
202509,AA1,73991751,兆豐電子基金,不分級別/不配息,TWD,83.25
202509,AA1,88090408,兆豐台灣先進通訊基金,不分級別/不配息,TWD,23.11
202509,AA1,88198077,兆豐台灣金傳精選股息基金-累積型,其他級別/不配息,TWD,10.17
202509,AA1,88198077,兆豐台灣金傳精選股息基金-後收型,後收級別/不配息,TWD,10.18
202509,AA1,19341318,第一金電子基金,不分級別/不配息,TWD,115.27
202509,AA1,20092528,第一金店頭市場基金,不分級別/不配息,TWD,20.28
202509,AA1,26202396,第一金創新趨勢基金-A類型,其他級別/不配息,TWD,66.33
202509,AA1,26202396,第一金創新趨勢基金-I類型,法人級別/不配息,TWD,0
202509,AA1,26202396,第一金創新趨勢基金-TISA類型,不配息,TWD,0
202509,AA1,73989002,第一金小型精選基金-A類型,其他級別/不配息,TWD,98.88
202509,AA1,73989002,第一金小型精選基金-TISA類型,不配息,TWD,0
202509,AA1,88271077,第一金台灣核心戰略建設基金-累積型-新臺幣,其他級別/不配息,TWD,19.15
202509,AA1,88271077,第一金台灣核心戰略建設基金-配息型-新臺幣(本基金配息來源可能為本金),其他級別/,TWD,15.73
202509,AA1,88271077,第一金台灣核心戰略建設基金-累積型-新臺幣-N,後收級別/不配息,TWD,19.15
202509,AA1,88271077,第一金台灣核心戰略建設基金-配息型-新臺幣-N(本基金配息來源可能為本金),後收級別/,TWD,15.78
202509,AA1,01031298,匯豐龍鳳基金-A類型,其他級別/不配息,TWD,142.8
202509,AA1,01031298,匯豐龍鳳基金-I類型,法人級別/不配息,TWD,90.87
202509,AA1,01031298,匯豐龍鳳基金-R類型,不配息,TWD,145.12
202509,AA1,73987671,匯豐台灣精典基金,不分級別/不配息,TWD,72.88
202509,AA1,76941376,匯豐成功基金,不分級別/不配息,TWD,50.75
202509,AA1,92017794,匯豐龍騰電子基金,不分級別/不配息,TWD,104.72
202509,AA1,00974066,元大2001基金,不分級別/不配息,TWD,182.33
202509,AA1,01032058,元大多福基金,不分級別/不配息,TWD,141.69
202509,AA1,17139204,元大新主流基金,不分級別/不配息,TWD,70.05
202509,AA1,20080023,元大店頭基金,不分級別/不配息,TWD,24.57
202509,AA1,76959044,元大台灣高股息優質龍頭基金-新台幣A類型不配息(本基金之配息來源可能為收益平準金且並無保證收益及配息),其他級別/不配息,TWD,21.11
202509,AA1,76959044,元大台灣高股息優質龍頭基金-新台幣B類型配息(本基金之配息來源可能為收益平準金且並無保證收益及配息),其他級別/,TWD,12.43
202509,AA1,76959044,元大台灣高股息優質龍頭基金-新台幣I類型累積級別(本基金之配息來源可能為收益平準金且並無保證收益及配息),法人級別/不配息,TWD,21.26
202509,AA1,76959044,元大台灣高股息優質龍頭基金-新台幣I類型配息級別(本基金之配息來源可能為收益平準金且並無保證收益及配息),法人級別/,TWD,12.43
202509,AA1,76959044,元大台灣高股息優質龍頭基金-新台幣R類型(本基金之配息來源可能為收益平準金且並無保證收益及配息),不配息,TWD,21.1
202509,AA1,81584335,元大高科技基金,不分級別/不配息,TWD,50.06
202509,AA1,83863951,元大經貿基金,不分級別/不配息,TWD,80.45
202509,AA1,92001765,元大多多基金,不分級別/不配息,TWD,50.78
202509,AA1,92026219,元大卓越基金,不分級別/不配息,TWD,92.14
202509,AA1,17140568,景順主流基金,不分級別/不配息,TWD,50.34
202509,AA1,73989256,景順台灣科技基金,不分級別/不配息,TWD,95.62
202509,AA1,92019786,景順潛力基金,不分級別/不配息,TWD,75.24
202509,AA1,81595924,瀚亞中小型股基金,不分級別/不配息,TWD,66.47
202509,AA1,92003102,瀚亞高科技基金,不分級別/不配息,TWD,294.18
202509,AA1,92012572,瀚亞外銷基金,不分級別/不配息,TWD,128.88
202509,AA1,97990696,瀚亞菁華基金,不分級別/不配息,TWD,69.16
202509,AA1,01032183,PGIM保德信高成長基金,其他級別/不配息,TWD,270.24
202509,AA1,01032183,PGIM保德信高成長基金-I,法人級別/不配息,TWD,0
202509,AA1,01032183,PGIM保德信高成長基金-TISA級別,不配息,TWD,12.13
202509,AA1,17602625,PGIM保德信新世紀基金,其他級別/不配息,TWD,17.31
202509,AA1,17602625,PGIM保德信新世紀基金-R級別,不配息,TWD,11.88
202509,AA1,73990649,PGIM保德信科技島基金,不分級別/不配息,TWD,80
202509,AA1,83866508,PGIM保德信中小型股基金,其他級別/不配息,TWD,136
202509,AA1,83866508,PGIM保德信中小型股基金-TISA級別,不配息,TWD,12.67
202509,AA1,92013967,PGIM保德信金滿意基金,其他級別/不配息,TWD,116.71
202509,AA1,92013967,PGIM保德信金滿意基金-R級別,不配息,TWD,17.36
202509,AA1,97988636,PGIM保德信店頭市場基金,不分級別/不配息,TWD,87.15
202509,AA1,01031699,統一全天候基金-A類型,其他級別/不配息,TWD,393.6
202509,AA1,01031699,統一全天候基金-I類型,法人級別/不配息,TWD,410.8
202509,AA1,17605622,統一大滿貫基金-A類型,其他級別/不配息,TWD,108.11
202509,AA1,17605622,統一大滿貫基金-I類型,法人級別/不配息,TWD,108.11
202509,AA1,17605622,統一大滿貫基金-TISA類型,不配息,TWD,108.38
202509,AA1,48934304,統一台灣動力基金-A類型,其他級別/不配息,TWD,86.04
202509,AA1,48934304,統一台灣動力基金-TISA類型,不配息,TWD,86.29
202509,AA1,73990253,統一奔騰基金,不分級別/不配息,TWD,332.25
202509,AA1,77537493,統一統信基金,不分級別/不配息,TWD,122.89
202509,AA1,81581724,統一經建基金,不分級別/不配息,TWD,180.26
202509,AA1,92002244,統一黑馬基金,不分級別/不配息,TWD,280.95
202509,AA1,92012762,統一龍馬基金,不分級別/不配息,TWD,235.6
202509,AA1,93110333,統一台灣高息優選基金-累積型,其他級別/不配息,TWD,16
202509,AA1,93110333,統一台灣高息優選基金-月配型(本基金並無保證收益及配息，配息來源可能為本金及收益平準金),其他級別/,TWD,14.18
202509,AA1,97977878,統一中小基金,不分級別/不配息,TWD,77.78
202509,AA1,00974018,富邦基金A類型,其他級別/,TWD,27.69
202509,AA1,00974018,富邦基金I類型,法人級別/不配息,TWD,56.87
202509,AA1,17147078,富邦精選五虎基金,不分級別/不配息,TWD,101.87
202509,AA1,17148301,富邦台灣心基金,不分級別/不配息,TWD,76.07
202509,AA1,17607591,富邦高科技基金,不分級別/不配息,TWD,49.13
202509,AA1,20084317,富邦日盛基金,不分級別/,TWD,18.21
202509,AA1,20089755,富邦精銳中小基金-A類型,其他級別/,TWD,49.18
202509,AA1,20089755,富邦精銳中小基金-TISA類型,不配息,TWD,49.3
202509,AA1,26273336,富邦MIT主流基金,不分級別/不配息,TWD,62.72
202509,AA1,48948481,富邦首選基金,不分級別/不配息,TWD,46.97
202509,AA1,73988876,富邦小而美基金,不分級別/不配息,TWD,54.13
202509,AA1,81584975,富邦上選基金(A類型),其他級別/不配息,TWD,123.61
202509,AA1,81584975,富邦上選基金(N類型),後收級別/不配息,TWD,123.64
202509,AA1,81585475,富邦高成長基金,不分級別/不配息,TWD,82.15
202509,AA1,83864683,富邦科技基金,不分級別/不配息,TWD,92.91
202509,AA1,88095396,富邦台灣高股息基金-A類型,其他級別/不配息,TWD,19.68
202509,AA1,88095396,富邦台灣高股息基金-B類型,其他級別/,TWD,14.82
202509,AA1,88175551,富邦台灣永續成長股息基金,不分級別/不配息,TWD,23.33
202509,AA1,92002384,富邦精準基金,不分級別/,TWD,179.61
202509,AA1,92010477,富邦長紅基金,不分級別/,TWD,226.82
202509,AA1,94991068,富邦新台商基金,不分級別/不配息,TWD,174.18
202509,AA1,01032162,摩根台灣增長基金,不分級別/配息,TWD,110.82
202509,AA1,25636367,摩根台灣金磚基金-累積型,其他級別/不配息,TWD,59.22
202509,AA1,25636367,摩根台灣金磚基金-機構法人型,法人級別/不配息,TWD,10
202509,AA1,25636367,摩根台灣金磚基金-數位型,其他級別/不配息,TWD,19.15
202509,AA1,73989501,摩根中小基金,不分級別/不配息,TWD,68.6
202509,AA1,92012025,摩根新興科技基金-一般型,其他級別/配息,TWD,188.59
202509,AA1,92012025,摩根新興科技基金-數位型,其他級別/不配息,TWD,21.39
202509,AA1,00973762,華南永昌永昌基金,不分級別/不配息,TWD,54.64
202509,AA1,93150600,華南永昌未來科技基金,不分級別/不配息,TWD,12.55
202509,AA1,00974241,新光台灣富貴基金,不分級別/不配息,TWD,77.88
202509,AA1,13986924,新光大三通基金,不分級別/不配息,TWD,65.93
202509,AA1,73998071,新光店頭基金,不分級別/不配息,TWD,77.34
202509,AA1,81585242,新光創新科技基金,不分級別/不配息,TWD,45.61
202509,AA1,88316721,新光臺灣高股息基金(A累)新台幣,其他級別/不配息,TWD,15.36
202509,AA1,88316721,新光臺灣高股息基金(B配)新台幣(本基金並無保證收益及配息),其他級別/,TWD,13.09
202509,AA1,19339782,群益創新科技基金,其他級別/不配息,TWD,82.11
202509,AA1,19339782,群益創新科技基金N類型,後收級別/不配息,TWD,82.11
202509,AA1,20081352,群益店頭市場基金,其他級別/不配息,TWD,173.79
202509,AA1,20081352,群益店頭市場基金N-新臺幣,後收級別/不配息,TWD,173.76
202509,AA1,48675778,群益奧斯卡基金,不分級別/不配息,TWD,73.17
202509,AA1,48749899,群益葛萊美基金,不分級別/不配息,TWD,59.47
202509,AA1,81591434,群益長安基金,不分級別/不配息,TWD,98.45
202509,AA1,92028997,群益中小型股基金,不分級別/不配息,TWD,103.41
202509,AA1,97984293,群益馬拉松基金,其他級別/不配息,TWD,247.62
202509,AA1,97984293,群益馬拉松基金I類型,法人級別/不配息,TWD,0
202509,AA1,97984293,群益馬拉松基金N-新臺幣,後收級別/不配息,TWD,247.65
202509,AA1,97984293,群益馬拉松基金TISA類型,不配息,TWD,11.74
202509,AA1,18033138,台中銀數位時代基金A(累積型-新台幣),其他級別/不配息,TWD,103.43
202509,AA1,18033138,台中銀數位時代基金B(配息型-新台幣)(本基金配息來源可能為本金),其他級別/,TWD,10.44
202509,AA1,88315292,台中銀台灣優息基金A(累積型-新台幣),其他級別/不配息,TWD,20.56
202509,AA1,88315292,台中銀台灣優息基金B(配息型-新台幣),其他級別/,TWD,16.79
202509,AA1,88315292,台中銀台灣優息基金C(累積後收型-新台幣),後收級別/不配息,TWD,20.58
202509,AA1,88315292,台中銀台灣優息基金N(配息後收型-新台幣),後收級別/,TWD,16.84
202509,AA1,97972846,台中銀大發基金A(累積型-新台幣),其他級別/不配息,TWD,82.42
202509,AA1,97972846,台中銀大發基金B(配息型-新台幣)(本基金配息來源可能為本金),其他級別/,TWD,11.3
202509,AA1,97972846,台中銀大發基金TISA(累積型-新台幣),不配息,TWD,9.8
202509,AA1,97997635,聯博大利基金,不分級別/不配息,TWD,101.43
202509,AA1,20094820,柏瑞巨人基金-A類型,其他級別/不配息,TWD,33.07
202509,AA1,20094820,柏瑞巨人基金-I類型,法人級別/不配息,TWD,0
202509,AA1,17608487,復華數位經濟基金,不分級別/不配息,TWD,102.64
202509,AA1,18488279,復華中小精選基金,不分級別/不配息,TWD,193.22
202509,AA1,21759676,復華全方位基金A類型,其他級別/不配息,TWD,82.03
202509,AA1,21759676,復華全方位基金TISA類型,不配息,TWD,0
202509,AA1,73998086,復華高成長基金,不分級別/不配息,TWD,190.54
202509,AA1,81587889,復華復華基金,不分級別/不配息,TWD,54.09
202509,AA1,88122295,復華台灣好收益基金,不分級別/,TWD,12.34
202509,AA1,93212009,復華台灣科技高股息基金A類型(本基金並無保證收益及配息),其他級別/不配息,TWD,10.52
202509,AA1,93212009,復華台灣科技高股息基金B類型(基金之配息來源可能為本金及收益平準金且本基金並無保證收益及配息),其他級別/,TWD,9.72
202509,AA1,13998344,永豐中小基金-A類型,其他級別/不配息,TWD,137.27
202509,AA1,13998344,永豐中小基金-I類型,法人級別/不配息,TWD,137.27
202509,AA1,13998344,永豐中小基金-TISA類型,不配息,TWD,137.29
202509,AA1,73992013,永豐領航科技基金,不分級別/不配息,TWD,77.03
202509,AA1,77074486,永豐臺灣ESG永續優選基金-A累積類型,其他級別/不配息,TWD,21.12
202509,AA1,77074486,永豐臺灣ESG永續優選基金-A年配類型,其他級別/,TWD,16.26
202509,AA1,77074486,永豐臺灣ESG永續優選基金-I類型,法人級別/不配息,TWD,21.12
202509,AA1,81594690,永豐永豐基金-A類型,其他級別/不配息,TWD,77.32
202509,AA1,81594690,永豐永豐基金-I類型,法人級別/不配息,TWD,77.32
202509,AA1,81594690,永豐永豐基金-R類型,不配息,TWD,79.42
202509,AA1,81594690,永豐永豐基金-TISA類型,不配息,TWD,77.39
202509,AA1,48893417,中國信託台灣活力基金,不分級別/不配息,TWD,27.92
202509,AA1,17144889,宏利台灣動力基金A類型,其他級別/不配息,TWD,89.31
202509,AA1,17144889,宏利台灣動力基金I類型,法人級別/不配息,TWD,94.16
202509,AA1,73982057,宏利臺灣股息收益基金A類型,其他級別/不配息,TWD,78.67
202509,AA1,19330712,貝萊德寶利基金,不分級別/不配息,TWD,81.88
202509,AA1,00968493,野村鴻運基金,不分級別/不配息,TWD,107.71
202509,AA1,00988316,野村台灣運籌基金,不分級別/不配息,TWD,175.43
202509,AA1,01031564,野村積極成長基金,不分級別/不配息,TWD,69.15
202509,AA1,17146752,野村成長基金,不分級別/不配息,TWD,165.59
202509,AA1,17600534,野村高科技基金,不分級別/不配息,TWD,50.79
202509,AA1,18037937,野村ｅ科技基金,不分級別/不配息,TWD,91.58
202509,AA1,18488469,野村中小基金-累積類型,其他級別/不配息,TWD,229.5
202509,AA1,18488469,野村中小基金-S類型,法人級別/不配息,TWD,26.84
202509,AA1,19330754,野村優質基金-累積類型新臺幣計價,其他級別/不配息,TWD,197.74
202509,AA1,19330754,野村優質基金-S類型新臺幣計價,法人級別/不配息,TWD,56.26
202509,AA1,19330754,野村優質基金-TISA類型新臺幣計價,不配息,TWD,10
202509,AA1,99973878,野村台灣高股息基金-累積類型(本基金並無保證收益),其他級別/不配息,TWD,81.23
202509,AA1,99973878,野村台灣高股息基金-S類型(本基金並無保證收益),不配息,TWD,11.02
202509,AA1,99973878,野村台灣高股息基金-月配類型(本基金之配息來源可能為本金且並無保證收益及配息),其他級別/,TWD,10.48
202509,AA1,99973878,野村台灣高股息基金-TISA類型(本基金並無保證收益),不配息,TWD,10
202509,AA1,17597236,聯邦精選科技基金-A累積型(新臺幣),其他級別/不配息,TWD,43.58
202509,AA1,17597236,聯邦精選科技基金-NA累積型(新臺幣),後收級別/不配息,TWD,12.89
202509,AA1,18496290,聯邦中國龍基金-A累積型(新臺幣),其他級別/不配息,TWD,74.82
202509,AA1,18496290,聯邦中國龍基金-NA累積型(新臺幣),後收級別/不配息,TWD,10
202509,AA1,17604124,安聯台灣大壩基金-A類型-新臺幣,其他級別/不配息,TWD,127.61
202509,AA1,17604124,安聯台灣大壩基金-G類型-新臺幣,法人級別/不配息,TWD,39.92
202509,AA1,18480065,安聯台灣科技基金,不分級別/不配息,TWD,281.65
202509,AA1,48997911,安聯台灣智慧基金,不分級別/不配息,TWD,170.66
202509,AA1,01031874,國泰小龍基金-新台幣,其他級別/不配息,TWD,51.14
202509,AA1,01031874,國泰小龍基金-美元I,法人級別/不配息,USD,51.14
202509,AA1,01031874,國泰小龍基金-新台幣R,不配息,TWD,51.61
202509,AA1,14705562,國泰科技生化基金,不分級別/不配息,TWD,123.31
202509,AA1,17612497,國泰國泰基金-新台幣A,其他級別/不配息,TWD,88.71
202509,AA1,17612497,國泰國泰基金-新台幣I,法人級別/不配息,TWD,88.71
202509,AA1,18043059,國泰中小成長基金-新台幣,其他級別/不配息,TWD,164.12
202509,AA1,18043059,國泰中小成長基金-美元I,法人級別/不配息,USD,164.12
202509,AA1,19291128,國泰大中華基金,不分級別/不配息,TWD,77
202509,AA1,88090934,國泰台灣高股息傘型基金之台灣高股息基金-新台幣A(不配息),其他級別/不配息,TWD,38.63
202509,AA1,88090934,國泰台灣高股息傘型基金之台灣高股息基金-新台幣B(配息),其他級別/,TWD,27.92
202509,AA1,88090934,國泰台灣高股息傘型基金之台灣高股息基金-新台幣TISA,不配息,TWD,38.64
202509,AA1,13984165,富達台灣成長基金,不分級別/不配息,TWD,99.35
202509,AA1,18499732,德銀遠東DWS台灣旗艦基金,不分級別/不配息,TWD,60.99
202509,AA1,13539952,凱基開創基金,不分級別/不配息,TWD,88.39
202509,AA1,25612029,凱基台灣精五門基金,其他級別/不配息,TWD,77.57
202509,AA1,25612029,凱基台灣精五門基金-新臺幣TISA,不配息,TWD,13.05
202509,AA1,48948834,施羅德台灣樂活中小基金-A類型,其他級別/不配息,TWD,65.81
202509,AA1,48948834,施羅德台灣樂活中小基金-I類型,法人級別/不配息,TWD,16818.65
202509,AA1,48948834,施羅德台灣樂活中小基金-C類型,其他級別/不配息,TWD,3000
202509,AA1,48948834,施羅德台灣樂活中小基金-TISA類型,不配息,TWD,11.58
202509,AA1,14694495,街口台灣基金,不分級別/不配息,TWD,77.91
202509,AA1,80892778,街口中小型基金,不分級別/不配息,TWD,77.83
202509,AA1,15733973,富蘭克林華美第一富基金-A類型,其他級別/不配息,TWD,132.2
202509,AA1,15733973,富蘭克林華美第一富基金-TISA類型,不配息,TWD,10.59
202509,AA1,26310297,富蘭克林華美台股傘型基金之高科技基金,不分級別/不配息,TWD,83.95
202509,AA1,17602821,台新2000高科技基金,其他級別/不配息,TWD,114.93
202509,AA1,17602821,台新2000高科技基金(法人),法人級別/不配息,TWD,117.35
202509,AA1,48858663,台新主流基金,不分級別/不配息,TWD,79.15
202509,AA1,80894446,台新中國通基金,不分級別/不配息,TWD,174.45
202509,AA1,81588536,台新台灣中小基金,不分級別/不配息,TWD,128.39
202509,AA1,26320632,合庫台灣基金－A類（累積型）台幣,其他級別/不配息,TWD,35.84
202509,AA1,26320632,合庫台灣基金－B類（分配型）台幣(本基金之配息來源可能為本金),其他級別/,TWD,14.87
202509,AA1,77713842,合庫台灣高科技基金,不分級別/不配息,TWD,29.24
202509,AA1,42532205,路博邁台灣5G股票基金T累積級別(新臺幣),其他級別/不配息,TWD,41.31
202509,AA1,42532205,路博邁台灣5G股票基金T月配級別(新臺幣)(基金之配息來源可能為本金),其他級別/,TWD,26.99
202509,AA1,42532205,路博邁台灣5G股票基金N累積級別(新臺幣),後收級別/不配息,TWD,33.2
202509,AA1,42532205,路博邁台灣5G股票基金N月配級別(新臺幣)(基金之配息來源可能為本金),後收級別/,TWD,33.02
202512,AA1,00965469,兆豐第一基金,不分級別/不配息,TWD,37.12
202512,AA1,01050148,兆豐國民基金-A類別((基金之配息來源可能為收益平準金)),其他級別/,TWD,62.23
202512,AA1,01050148,兆豐國民基金-TISA類型,不配息,TWD,14.37
202512,AA1,10341837,兆豐豐台灣基金,不分級別/不配息,TWD,114.09
202512,AA1,73991751,兆豐電子基金,不分級別/不配息,TWD,96.69
202512,AA1,88090408,兆豐台灣先進通訊基金,不分級別/不配息,TWD,26.67
202512,AA1,88198077,兆豐台灣金傳精選股息基金-累積型,其他級別/不配息,TWD,12.15
202512,AA1,88198077,兆豐台灣金傳精選股息基金-後收型,後收級別/不配息,TWD,12.15
202512,AA1,19341318,第一金電子基金,不分級別/不配息,TWD,142.76
202512,AA1,20092528,第一金店頭市場基金,不分級別/不配息,TWD,24.02
202512,AA1,26202396,第一金創新趨勢基金-A類型,其他級別/不配息,TWD,80.88
202512,AA1,26202396,第一金創新趨勢基金-I類型,法人級別/不配息,TWD,0
202512,AA1,26202396,第一金創新趨勢基金-TISA類型,不配息,TWD,12.15
202512,AA1,73989002,第一金小型精選基金-A類型,其他級別/不配息,TWD,115.75
202512,AA1,73989002,第一金小型精選基金-TISA類型,不配息,TWD,10.56
202512,AA1,88271077,第一金台灣核心戰略建設基金-累積型-新臺幣,其他級別/不配息,TWD,23.83
202512,AA1,88271077,第一金台灣核心戰略建設基金-配息型-新臺幣(本基金配息來源可能為本金),其他級別/,TWD,19.28
202512,AA1,88271077,第一金台灣核心戰略建設基金-累積型-新臺幣-N,後收級別/不配息,TWD,23.83
202512,AA1,88271077,第一金台灣核心戰略建設基金-配息型-新臺幣-N(本基金配息來源可能為本金),後收級別/,TWD,19.35
202512,AA1,01031298,匯豐龍鳳基金-A類型,其他級別/不配息,TWD,171.23
202512,AA1,01031298,匯豐龍鳳基金-I類型,法人級別/不配息,TWD,90.87
202512,AA1,01031298,匯豐龍鳳基金-R類型,不配息,TWD,174.19
202512,AA1,73987671,匯豐台灣精典基金-台幣不配息A類型,其他級別/不配息,TWD,85.23
202512,AA1,73987671,匯豐台灣精典基金-台幣不配息TISA類型,不配息,TWD,0
202512,AA1,76941376,匯豐成功基金,不分級別/不配息,TWD,49.92
202512,AA1,92017794,匯豐龍騰電子基金,不分級別/不配息,TWD,125.33
202512,AA1,00974066,元大2001基金,不分級別/不配息,TWD,228.34
202512,AA1,01032058,元大多福基金,不分級別/不配息,TWD,173.13
202512,AA1,17139204,元大新主流基金,不分級別/不配息,TWD,87.11
202512,AA1,20080023,元大店頭基金,不分級別/不配息,TWD,27.94
202512,AA1,76959044,元大台灣高股息優質龍頭基金-新台幣A類型不配息(本基金之配息來源可能為收益平準金且並無保證收益及配息),其他級別/不配息,TWD,23.12
202512,AA1,76959044,元大台灣高股息優質龍頭基金-新台幣B類型配息(本基金之配息來源可能為收益平準金且並無保證收益及配息),其他級別/,TWD,13.51
202512,AA1,76959044,元大台灣高股息優質龍頭基金-新台幣I類型累積級別(本基金之配息來源可能為收益平準金且並無保證收益及配息),法人級別/不配息,TWD,23.3
202512,AA1,76959044,元大台灣高股息優質龍頭基金-新台幣I類型配息級別(本基金之配息來源可能為收益平準金且並無保證收益及配息),法人級別/,TWD,13.51
202512,AA1,76959044,元大台灣高股息優質龍頭基金-新台幣R類型(本基金之配息來源可能為收益平準金且並無保證收益及配息),不配息,TWD,23.11
202512,AA1,81584335,元大高科技基金,不分級別/不配息,TWD,63.42
202512,AA1,83863951,元大經貿基金,不分級別/不配息,TWD,98.15
202512,AA1,92001765,元大多多基金,不分級別/不配息,TWD,65.15
202512,AA1,92026219,元大卓越基金,不分級別/不配息,TWD,114.47
202512,AA1,17140568,景順主流基金,不分級別/不配息,TWD,56.06
202512,AA1,73989256,景順台灣科技基金,不分級別/不配息,TWD,115.49
202512,AA1,92019786,景順潛力基金累積型新台幣,其他級別/不配息,TWD,89.85
202512,AA1,92019786,景順潛力基金TISA類型新台幣,不配息,TWD,10.7
202512,AA1,81595924,瀚亞中小型股基金,不分級別/不配息,TWD,85.71
202512,AA1,92003102,瀚亞高科技基金,不分級別/不配息,TWD,329.33
202512,AA1,92012572,瀚亞外銷基金,不分級別/不配息,TWD,156.86
202512,AA1,97990696,瀚亞菁華基金,不分級別/不配息,TWD,88.33
202512,AA1,01032183,PGIM保德信高成長基金,其他級別/不配息,TWD,330.09
202512,AA1,01032183,PGIM保德信高成長基金-I,法人級別/不配息,TWD,0
202512,AA1,01032183,PGIM保德信高成長基金-TISA級別,不配息,TWD,14.84
202512,AA1,17602625,PGIM保德信新世紀基金,其他級別/不配息,TWD,19.41
202512,AA1,17602625,PGIM保德信新世紀基金-R級別,不配息,TWD,13.34
202512,AA1,73990649,PGIM保德信科技島基金,不分級別/不配息,TWD,103.31
202512,AA1,83866508,PGIM保德信中小型股基金,其他級別/不配息,TWD,172.68
202512,AA1,83866508,PGIM保德信中小型股基金-TISA級別,不配息,TWD,16.13
202512,AA1,92013967,PGIM保德信金滿意基金,其他級別/不配息,TWD,140.06
202512,AA1,92013967,PGIM保德信金滿意基金-R級別,不配息,TWD,20.87
202512,AA1,97988636,PGIM保德信店頭市場基金,不分級別/不配息,TWD,100.16
202512,AA1,01031699,統一全天候基金-A類型,其他級別/不配息,TWD,499.96
202512,AA1,01031699,統一全天候基金-I類型,法人級別/不配息,TWD,522.6
202512,AA1,17605622,統一大滿貫基金-A類型,其他級別/不配息,TWD,135.25
202512,AA1,17605622,統一大滿貫基金-I類型,法人級別/不配息,TWD,135.25
202512,AA1,17605622,統一大滿貫基金-TISA類型,不配息,TWD,135.93
202512,AA1,48934304,統一台灣動力基金-A類型,其他級別/不配息,TWD,107.74
202512,AA1,48934304,統一台灣動力基金-TISA類型,不配息,TWD,108.35
202512,AA1,73990253,統一奔騰基金,不分級別/不配息,TWD,418.62
202512,AA1,77537493,統一統信基金,不分級別/不配息,TWD,151.23
202512,AA1,81581724,統一經建基金-A類型,其他級別/不配息,TWD,225
202512,AA1,81581724,統一經建基金-S類型,法人級別/不配息,TWD,225
202512,AA1,92002244,統一黑馬基金,不分級別/不配息,TWD,352.68
202512,AA1,92012762,統一龍馬基金,不分級別/不配息,TWD,298.71
202512,AA1,93110333,統一台灣高息優選基金-累積型,其他級別/不配息,TWD,18.57
202512,AA1,93110333,統一台灣高息優選基金-月配型(本基金並無保證收益及配息，配息來源可能為本金及收益平準金),其他級別/,TWD,16.08
202512,AA1,97977878,統一中小基金,不分級別/不配息,TWD,101.51
202512,AA1,00974018,富邦基金A類型,其他級別/,TWD,35.58
202512,AA1,00974018,富邦基金I類型,法人級別/不配息,TWD,35.58
202512,AA1,17147078,富邦精選五虎基金,不分級別/不配息,TWD,114.29
202512,AA1,17148301,富邦台灣心基金,不分級別/不配息,TWD,87.77
202512,AA1,17607591,富邦高科技基金,不分級別/不配息,TWD,59.81
202512,AA1,20084317,富邦日盛基金,不分級別/,TWD,22.72
202512,AA1,20089755,富邦精銳中小基金-A類型,其他級別/,TWD,63.09
202512,AA1,20089755,富邦精銳中小基金-TISA類型,不配息,TWD,63.4
202512,AA1,26273336,富邦MIT主流基金,不分級別/不配息,TWD,71.33
202512,AA1,48948481,富邦首選基金,不分級別/不配息,TWD,54.4
202512,AA1,73988876,富邦小而美基金,不分級別/不配息,TWD,65.5
202512,AA1,81584975,富邦上選基金(A類型),其他級別/不配息,TWD,153.4
202512,AA1,81584975,富邦上選基金(N類型),後收級別/不配息,TWD,153.44
202512,AA1,81585475,富邦高成長基金,不分級別/不配息,TWD,94.22
202512,AA1,83864683,富邦科技基金,不分級別/不配息,TWD,113.18
202512,AA1,88095396,富邦台灣高股息基金-A類型,其他級別/不配息,TWD,22.37
202512,AA1,88095396,富邦台灣高股息基金-B類型,其他級別/,TWD,16.72
202512,AA1,88175551,富邦台灣永續成長股息基金,不分級別/不配息,TWD,29.66
202512,AA1,92002384,富邦精準基金,不分級別/,TWD,229.33
202512,AA1,92010477,富邦長紅基金,不分級別/,TWD,291.12
202512,AA1,94991068,富邦新台商基金,不分級別/不配息,TWD,209
202512,AA1,01032162,摩根台灣增長基金,不分級別/配息,TWD,120.81
202512,AA1,25636367,摩根台灣金磚基金-累積型,其他級別/不配息,TWD,69.78
202512,AA1,25636367,摩根台灣金磚基金-機構法人型,法人級別/不配息,TWD,10
202512,AA1,25636367,摩根台灣金磚基金-數位型,其他級別/不配息,TWD,22.62
202512,AA1,73989501,摩根中小基金,不分級別/不配息,TWD,80.41
202512,AA1,92012025,摩根新興科技基金-一般型,其他級別/配息,TWD,225.73
202512,AA1,92012025,摩根新興科技基金-數位型,其他級別/不配息,TWD,25.66
202512,AA1,00973762,華南永昌永昌基金,不分級別/不配息,TWD,67.15
202512,AA1,93150600,華南永昌未來科技基金,不分級別/不配息,TWD,15.43
202512,AA1,19339782,群益創新科技基金,其他級別/不配息,TWD,100.31
202512,AA1,19339782,群益創新科技基金N類型,後收級別/不配息,TWD,100.32
202512,AA1,20081352,群益店頭市場基金,其他級別/不配息,TWD,202.52
202512,AA1,20081352,群益店頭市場基金N-新臺幣,後收級別/不配息,TWD,202.5
202512,AA1,48675778,群益奧斯卡基金,不分級別/不配息,TWD,86.31
202512,AA1,48749899,群益葛萊美基金,不分級別/不配息,TWD,71.85
202512,AA1,81591434,群益長安基金,不分級別/不配息,TWD,117.18
202512,AA1,92028997,群益中小型股基金,不分級別/不配息,TWD,124.45
202512,AA1,97984293,群益馬拉松基金,其他級別/不配息,TWD,292.67
202512,AA1,97984293,群益馬拉松基金I類型,法人級別/不配息,TWD,0
202512,AA1,97984293,群益馬拉松基金N-新臺幣,後收級別/不配息,TWD,292.73
202512,AA1,97984293,群益馬拉松基金TISA類型,不配息,TWD,13.92
202512,AA1,18033138,台中銀數位時代基金A(累積型-新台幣),其他級別/不配息,TWD,107.79
202512,AA1,18033138,台中銀數位時代基金B(配息型-新台幣)(本基金配息來源可能為本金),其他級別/,TWD,10.74
202512,AA1,88315292,台中銀台灣優息基金A(累積型-新台幣),其他級別/不配息,TWD,22.56
202512,AA1,88315292,台中銀台灣優息基金B(配息型-新台幣),其他級別/,TWD,18.14
202512,AA1,88315292,台中銀台灣優息基金C(累積後收型-新台幣),後收級別/不配息,TWD,22.59
202512,AA1,88315292,台中銀台灣優息基金N(配息後收型-新台幣),後收級別/,TWD,18.19
202512,AA1,97972846,台中銀大發基金A(累積型-新台幣),其他級別/不配息,TWD,91.17
202512,AA1,97972846,台中銀大發基金B(配息型-新台幣)(本基金配息來源可能為本金),其他級別/,TWD,12.33
202512,AA1,97972846,台中銀大發基金TISA(累積型-新台幣),不配息,TWD,10.87
202512,AA1,97997635,聯博大利基金-A2類型(新台幣),其他級別/不配息,TWD,117.42
202512,AA1,97997635,聯博大利基金-TISA類型(新台幣),不配息,TWD,0
202512,AA1,20094820,柏瑞巨人基金-A類型,其他級別/不配息,TWD,39.37
202512,AA1,20094820,柏瑞巨人基金-I類型,法人級別/不配息,TWD,0
202512,AA1,17608487,復華數位經濟基金,不分級別/不配息,TWD,112.38
202512,AA1,18488279,復華中小精選基金,不分級別/不配息,TWD,243.33
202512,AA1,21759676,復華全方位基金A類型,其他級別/不配息,TWD,104.75
202512,AA1,21759676,復華全方位基金TISA類型,不配息,TWD,12.38
202512,AA1,73998086,復華高成長基金,不分級別/不配息,TWD,246.98
202512,AA1,81587889,復華復華基金,不分級別/不配息,TWD,69.53
202512,AA1,88122295,復華台灣好收益基金,不分級別/,TWD,14.14
202512,AA1,93212009,復華台灣科技高股息基金A類型(本基金並無保證收益及配息),其他級別/不配息,TWD,11.84
202512,AA1,93212009,復華台灣科技高股息基金B類型(基金之配息來源可能為本金及收益平準金且本基金並無保證收益及配息),其他級別/,TWD,10.79
202512,AA1,13998344,永豐中小基金-A類型,其他級別/不配息,TWD,173.28
202512,AA1,13998344,永豐中小基金-I類型,法人級別/不配息,TWD,173.28
202512,AA1,13998344,永豐中小基金-TISA類型,不配息,TWD,173.82
202512,AA1,73992013,永豐領航科技基金,不分級別/不配息,TWD,98.47
202512,AA1,77074486,永豐臺灣ESG永續優選基金-A累積類型,其他級別/不配息,TWD,22.4
202512,AA1,77074486,永豐臺灣ESG永續優選基金-A年配類型,其他級別/,TWD,16.28
202512,AA1,77074486,永豐臺灣ESG永續優選基金-I類型,法人級別/不配息,TWD,22.4
202512,AA1,81594690,永豐永豐基金-A類型,其他級別/不配息,TWD,98.54
202512,AA1,81594690,永豐永豐基金-I類型,法人級別/不配息,TWD,98.54
202512,AA1,81594690,永豐永豐基金-R類型,不配息,TWD,101.38
202512,AA1,81594690,永豐永豐基金-TISA類型,不配息,TWD,98.92
202512,AA1,48893417,中國信託台灣活力基金,不分級別/不配息,TWD,33.12
202512,AA1,17144889,宏利台灣動力基金A類型,其他級別/不配息,TWD,108.59
202512,AA1,17144889,宏利台灣動力基金I類型,法人級別/不配息,TWD,114.77
202512,AA1,73982057,宏利臺灣股息收益基金A類型,其他級別/不配息,TWD,93.01
202512,AA1,19330712,貝萊德寶利基金,不分級別/不配息,TWD,91.55
202512,AA1,00968493,野村鴻運基金,不分級別/不配息,TWD,137.66
202512,AA1,00988316,野村台灣運籌基金,不分級別/不配息,TWD,224.42
202512,AA1,01031564,野村積極成長基金,不分級別/不配息,TWD,83.83
202512,AA1,17146752,野村成長基金,不分級別/不配息,TWD,205.71
202512,AA1,17600534,野村高科技基金,不分級別/不配息,TWD,65.34
202512,AA1,18037937,野村ｅ科技基金,不分級別/不配息,TWD,119.27
202512,AA1,18488469,野村中小基金-累積類型,其他級別/不配息,TWD,290.38
202512,AA1,18488469,野村中小基金-S類型,法人級別/不配息,TWD,34.06
202512,AA1,19330754,野村優質基金-累積類型新臺幣計價,其他級別/不配息,TWD,230.45
202512,AA1,19330754,野村優質基金-S類型新臺幣計價,法人級別/不配息,TWD,65.65
202512,AA1,19330754,野村優質基金-TISA類型新臺幣計價,不配息,TWD,11.13
202512,AA1,99973878,野村台灣高股息基金-累積類型(本基金並無保證收益),其他級別/不配息,TWD,86.34
202512,AA1,99973878,野村台灣高股息基金-S類型(本基金並無保證收益),不配息,TWD,11.73
202512,AA1,99973878,野村台灣高股息基金-月配類型(本基金之配息來源可能為本金且並無保證收益及配息),其他級別/,TWD,11.02
202512,AA1,99973878,野村台灣高股息基金-TISA類型(本基金並無保證收益),不配息,TWD,10.21
202512,AA1,17597236,聯邦精選科技基金-A累積型(新臺幣),其他級別/不配息,TWD,51.35
202512,AA1,17597236,聯邦精選科技基金-NA累積型(新臺幣),後收級別/不配息,TWD,15.2
202512,AA1,18496290,聯邦中國龍基金-A累積型(新臺幣),其他級別/不配息,TWD,83.92
202512,AA1,18496290,聯邦中國龍基金-NA累積型(新臺幣),後收級別/不配息,TWD,0
202512,AA1,17604124,安聯台灣大壩基金-A類型-新臺幣,其他級別/不配息,TWD,164.4
202512,AA1,17604124,安聯台灣大壩基金-G類型-新臺幣,法人級別/不配息,TWD,51.56
202512,AA1,18480065,安聯台灣科技基金,不分級別/不配息,TWD,387.53
202512,AA1,48997911,安聯台灣智慧基金,不分級別/不配息,TWD,219.75
202512,AA1,01031874,國泰小龍基金-新台幣,其他級別/不配息,TWD,63.34
202512,AA1,01031874,國泰小龍基金-美元I,法人級別/不配息,USD,63.34
202512,AA1,01031874,國泰小龍基金-新台幣R,不配息,TWD,63.96
202512,AA1,14705562,國泰科技生化基金,不分級別/不配息,TWD,152.15
202512,AA1,17612497,國泰國泰基金-新台幣A,其他級別/不配息,TWD,105.93
202512,AA1,17612497,國泰國泰基金-新台幣I,法人級別/不配息,TWD,105.93
202512,AA1,18043059,國泰中小成長基金-新台幣,其他級別/不配息,TWD,194.52
202512,AA1,18043059,國泰中小成長基金-美元I,法人級別/不配息,USD,194.52
202512,AA1,19291128,國泰大中華基金,不分級別/不配息,TWD,96.51
202512,AA1,88090934,國泰台灣高股息傘型基金之台灣高股息基金-新台幣A(不配息),其他級別/不配息,TWD,44.89
202512,AA1,88090934,國泰台灣高股息傘型基金之台灣高股息基金-新台幣B(配息),其他級別/,TWD,31.9
202512,AA1,88090934,國泰台灣高股息傘型基金之台灣高股息基金-新台幣TISA,不配息,TWD,44.93
202512,AA1,13984165,富達台灣成長基金A股累積型新臺幣計價,其他級別/不配息,TWD,123.68
202512,AA1,13984165,富達台灣成長基金TISA股累積型新臺幣計價,不配息,TWD,0
202512,AA1,18499732,德銀遠東DWS台灣旗艦基金,不分級別/不配息,TWD,71.48
202512,AA1,13539952,凱基開創基金,不分級別/不配息,TWD,107.55
202512,AA1,25612029,凱基台灣精五門基金,其他級別/不配息,TWD,97.67
202512,AA1,25612029,凱基台灣精五門基金-新臺幣TISA,不配息,TWD,16.47
202512,AA1,48948834,施羅德台灣樂活中小基金-A類型,其他級別/不配息,TWD,79.65
202512,AA1,48948834,施羅德台灣樂活中小基金-I類型,法人級別/不配息,TWD,20436.34
202512,AA1,48948834,施羅德台灣樂活中小基金-C類型,其他級別/不配息,TWD,3000
202512,AA1,48948834,施羅德台灣樂活中小基金-TISA類型,不配息,TWD,14.04
202512,AA1,14694495,街口台灣基金,不分級別/不配息,TWD,102.35
202512,AA1,80892778,街口中小型基金,不分級別/不配息,TWD,101.93
202512,AA1,15733973,富蘭克林華美第一富基金-A類型,其他級別/不配息,TWD,158.74
202512,AA1,15733973,富蘭克林華美第一富基金-TISA類型,不配息,TWD,12.73
202512,AA1,26310297,富蘭克林華美台股傘型基金之高科技基金,不分級別/不配息,TWD,100.38
202512,AA1,00974241,新光台灣富貴基金,其他級別/不配息,TWD,98.23
202512,AA1,00974241,新光台灣富貴基金-TISA,不配息,TWD,10
202512,AA1,13986924,新光大三通基金,其他級別/不配息,TWD,82.3
202512,AA1,13986924,新光大三通基金-TISA,不配息,TWD,10
202512,AA1,17602821,台新2000高科技基金,其他級別/不配息,TWD,140.58
202512,AA1,17602821,台新2000高科技基金(法人),法人級別/不配息,TWD,143.83
202512,AA1,48858663,台新主流基金,不分級別/不配息,TWD,96.54
202512,AA1,73998071,新光店頭基金,不分級別/不配息,TWD,92.35
202512,AA1,80894446,台新中國通基金,不分級別/不配息,TWD,218.1
202512,AA1,81585242,新光創新科技基金,不分級別/不配息,TWD,57.6
202512,AA1,81588536,台新台灣中小基金,不分級別/不配息,TWD,156.49
202512,AA1,88316721,新光臺灣高股息基金(A累)新台幣,其他級別/不配息,TWD,15.92
202512,AA1,88316721,新光臺灣高股息基金(B配)新台幣(本基金並無保證收益及配息),其他級別/,TWD,13.33
202512,AA1,26320632,合庫台灣基金－A類（累積型）台幣,其他級別/不配息,TWD,44.59
202512,AA1,26320632,合庫台灣基金－B類（分配型）台幣(本基金之配息來源可能為本金),其他級別/,TWD,18.09
202512,AA1,77713842,合庫台灣高科技基金,不分級別/不配息,TWD,36.31
202512,AA1,42532205,路博邁台灣5G股票基金T累積級別(新臺幣),其他級別/不配息,TWD,51.05
202512,AA1,42532205,路博邁台灣5G股票基金T月配級別(新臺幣)(基金之配息來源可能為本金),其他級別/,TWD,32.98
202512,AA1,42532205,路博邁台灣5G股票基金N累積級別(新臺幣),後收級別/不配息,TWD,41.03
202512,AA1,42532205,路博邁台灣5G股票基金N月配級別(新臺幣)(基金之配息來源可能為本金),後收級別/,TWD,40.33
